CREATE DATABASE  IF NOT EXISTS `power_automation` /*!40100 DEFAULT CHARACTER SET utf8mb4 COLLATE utf8mb4_0900_ai_ci */ /*!80016 DEFAULT ENCRYPTION='N' */;
USE `power_automation`;
-- MySQL dump 10.13  Distrib 8.0.31, for Win64 (x86_64)
--
-- Host: 43.230.202.167    Database: power_automation
-- ------------------------------------------------------
-- Server version	8.0.37

/*!40101 SET @OLD_CHARACTER_SET_CLIENT=@@CHARACTER_SET_CLIENT */;
/*!40101 SET @OLD_CHARACTER_SET_RESULTS=@@CHARACTER_SET_RESULTS */;
/*!40101 SET @OLD_COLLATION_CONNECTION=@@COLLATION_CONNECTION */;
/*!50503 SET NAMES utf8 */;
/*!40103 SET @OLD_TIME_ZONE=@@TIME_ZONE */;
/*!40103 SET TIME_ZONE='+00:00' */;
/*!40014 SET @OLD_UNIQUE_CHECKS=@@UNIQUE_CHECKS, UNIQUE_CHECKS=0 */;
/*!40014 SET @OLD_FOREIGN_KEY_CHECKS=@@FOREIGN_KEY_CHECKS, FOREIGN_KEY_CHECKS=0 */;
/*!40101 SET @OLD_SQL_MODE=@@SQL_MODE, SQL_MODE='NO_AUTO_VALUE_ON_ZERO' */;
/*!40111 SET @OLD_SQL_NOTES=@@SQL_NOTES, SQL_NOTES=0 */;

--
-- Table structure for table `aad`
--

DROP TABLE IF EXISTS `aad`;
/*!40101 SET @saved_cs_client     = @@character_set_client */;
/*!50503 SET character_set_client = utf8mb4 */;
CREATE TABLE `aad` (
  `Id` int NOT NULL AUTO_INCREMENT,
  `LocationId` int DEFAULT NULL,
  `EventTypeId` int DEFAULT NULL,
  `EventDate` timestamp NULL DEFAULT NULL,
  `Sensitivity` int DEFAULT NULL,
  `PipelineId` int DEFAULT NULL,
  `Image` varchar(100) DEFAULT NULL,
  `IsDeleted` tinyint(1) DEFAULT NULL,
  `CreatedDate` timestamp NULL DEFAULT CURRENT_TIMESTAMP,
  PRIMARY KEY (`Id`)
) ENGINE=InnoDB DEFAULT CHARSET=utf8mb4 COLLATE=utf8mb4_0900_ai_ci;
/*!40101 SET character_set_client = @saved_cs_client */;

--
-- Dumping data for table `aad`
--

LOCK TABLES `aad` WRITE;
/*!40000 ALTER TABLE `aad` DISABLE KEYS */;
/*!40000 ALTER TABLE `aad` ENABLE KEYS */;
UNLOCK TABLES;

--
-- Table structure for table `aad_event`
--

DROP TABLE IF EXISTS `aad_event`;
/*!40101 SET @saved_cs_client     = @@character_set_client */;
/*!50503 SET character_set_client = utf8mb4 */;
CREATE TABLE `aad_event` (
  `Id` int NOT NULL AUTO_INCREMENT,
  `Name` varchar(100) DEFAULT NULL,
  `IsDeleted` tinyint(1) DEFAULT '0',
  PRIMARY KEY (`Id`)
) ENGINE=InnoDB DEFAULT CHARSET=utf8mb4 COLLATE=utf8mb4_0900_ai_ci;
/*!40101 SET character_set_client = @saved_cs_client */;

--
-- Dumping data for table `aad_event`
--

LOCK TABLES `aad_event` WRITE;
/*!40000 ALTER TABLE `aad_event` DISABLE KEYS */;
/*!40000 ALTER TABLE `aad_event` ENABLE KEYS */;
UNLOCK TABLES;

--
-- Table structure for table `alert`
--

DROP TABLE IF EXISTS `alert`;
/*!40101 SET @saved_cs_client     = @@character_set_client */;
/*!50503 SET character_set_client = utf8mb4 */;
CREATE TABLE `alert` (
  `Id` int NOT NULL AUTO_INCREMENT,
  `EventTypeId` int DEFAULT NULL,
  `EventType` varchar(100) DEFAULT NULL,
  `SiteId` int DEFAULT NULL,
  `CameraId` int DEFAULT NULL,
  `PipelineId` int DEFAULT NULL,
  `AlertId` int DEFAULT NULL,
  `AlertTimeStamp` timestamp NULL DEFAULT NULL,
  `Image` varchar(100) DEFAULT NULL,
  `IsSend` tinyint(1) DEFAULT NULL,
  `IsFailedSend` tinyint(1) DEFAULT NULL,
  `IsDeleted` tinyint(1) DEFAULT NULL,
  `CreatedTime` datetime DEFAULT CURRENT_TIMESTAMP,
  PRIMARY KEY (`Id`),
  UNIQUE KEY `Id_UNIQUE` (`Id`)
) ENGINE=InnoDB AUTO_INCREMENT=63331 DEFAULT CHARSET=utf8mb4 COLLATE=utf8mb4_0900_ai_ci;
/*!40101 SET character_set_client = @saved_cs_client */;

--
-- Dumping data for table `alert`
--

LOCK TABLES `alert` WRITE;
/*!40000 ALTER TABLE `alert` DISABLE KEYS */;
INSERT INTO `alert` VALUES (5046,17,'NO_SHOE',1,1,605,3519,'2024-03-07 12:10:40','5d0a1de2-e865-4af8-bff1-909782a35ac0.jpg',1,0,0,'2024-03-07 13:10:40'),(5047,17,'NO_SHOE',1,1,605,3520,'2024-03-07 05:55:47','6d873ae9-5c13-4da9-ae15-f730e825ed09.jpg',1,0,0,'2024-03-08 22:55:54'),(5049,17,'NO_SHOE',1,1,605,3522,'2024-03-07 05:56:43','8eb90362-89c2-43d9-826a-90f1be899078.jpg',1,0,0,'2024-03-08 22:56:54'),(5050,17,'NO_SHOE',1,1,605,3523,'2024-03-07 06:07:50','16f1af9a-ab95-4650-a28c-87b34775385b.jpg',1,0,0,'2024-03-08 23:07:55'),(5054,17,'NO_SHOE',1,1,605,3534,'2024-03-07 06:23:32','36eefad2-53b7-43f4-93ef-91174adbda3d.jpg',1,0,0,'2024-03-08 23:23:57'),(5056,17,'NO_SHOE',1,1,605,3543,'2024-03-09 06:24:54','41c0e614-1920-4103-900d-fcaff8c5adca.jpg',1,0,0,'2024-03-08 23:24:57'),(5059,17,'NO_SHOE',1,1,605,3553,'2024-03-09 06:27:34','70fd638d-1a6d-41b8-92bd-5727895e0135.jpg',1,0,0,'2024-03-08 23:27:57'),(5068,17,'NO_SHOE',1,1,605,3630,'2024-03-09 06:41:28','83a439b1-78dd-4962-acc3-9b34bff76a5d.jpg',1,0,0,'2024-03-08 23:41:59'),(5071,17,'NO_SHOE',1,1,605,3653,'2024-03-09 06:54:42','358e144c-c182-45c0-b378-73ff69a03b81.jpg',1,0,0,'2024-03-08 23:55:00'),(5072,17,'NO_SHOE',1,1,605,3655,'2024-03-09 06:55:29','1356f971-0060-4758-b2af-7a7eb3f7af71.jpg',1,0,0,'2024-03-08 23:56:00'),(5073,17,'NO_SHOE',1,1,605,3657,'2024-03-05 06:58:43','4466873a-cf43-4302-882d-39765ee03f00.jpg',1,0,0,'2024-03-08 23:59:00'),(5077,17,'NO_SHOE',1,1,605,3669,'2024-03-05 07:05:54','b4fd2e36-2f23-4cfc-bebc-251d99c6016b.jpg',1,0,0,'2024-03-09 00:06:01'),(5080,17,'NO_SHOE',1,1,605,3673,'2024-03-05 07:11:33','b5bd2bf2-6b5a-4c54-bcb8-d7970678ce5e.jpg',1,0,0,'2024-03-09 00:12:02'),(5085,17,'NO_SHOE',1,1,605,3690,'2024-03-05 07:48:00','b252a1f2-6cce-49e1-8031-b023dbda33b1.jpg',1,0,0,'2024-03-09 00:48:05'),(5086,17,'NO_SHOE',1,1,605,3691,'2024-03-05 07:51:32','cf590b24-3602-4578-8d37-700b32740094.jpg',1,0,0,'2024-03-09 00:52:06'),(5087,17,'NO_SHOE',1,1,605,3692,'2024-03-03 08:02:44','e3dbfeb2-2f64-463b-be46-097ccec1eaaa.jpg',1,0,0,'2024-03-09 01:03:07'),(5088,17,'NO_SHOE',1,1,605,3693,'2024-03-03 08:07:04','e6b99e63-913d-4b0d-821f-bb1d0e88c775.jpg',1,0,0,'2024-03-09 01:07:07'),(5091,17,'NO_SHOE',1,1,605,3703,'2024-03-03 08:27:45','e8d238c3-4fff-48b0-b028-c729baa48094.jpg',1,0,0,'2024-03-09 01:28:09'),(5095,17,'NO_SHOE',1,1,605,3713,'2024-03-03 09:18:25','ed77cc2c-c50f-480a-9592-f6d5b0a8c6f7.jpg',1,0,0,'2024-03-09 02:19:14'),(5097,17,'NO_SHOE',1,1,605,3716,'2024-03-03 09:28:18','ee577f91-d218-485a-a2c4-f00db6458255.jpg',1,0,0,'2024-03-09 02:29:15'),(5100,17,'NO_SHOE',1,1,605,3739,'2024-03-06 09:48:08','ef0a1aca-95f2-417c-81b3-8852b3dd340b.jpg',1,0,0,'2024-03-09 02:48:17'),(5103,17,'NO_SHOE',1,1,605,3749,'2024-03-06 10:36:01','f3af348f-34ed-453f-a981-2fb95fe0a8f3.jpg',1,0,0,'2024-03-09 03:36:21'),(5106,17,'NO_SHOE',1,1,605,3770,'2024-03-06 10:44:41','4466873a-cf43-4302-882d-39765ee03f00.jpg',1,0,0,'2024-03-09 03:45:22'),(5109,17,'NO_SHOE',1,1,605,3776,'2024-03-06 10:54:12','e3dbfeb2-2f64-463b-be46-097ccec1eaaa.jpg',1,0,0,'2024-03-09 03:54:23'),(5110,17,'NO_SHOE',1,1,605,3782,'2024-03-08 10:55:05','e6b99e63-913d-4b0d-821f-bb1d0e88c775.jpg',1,0,0,'2024-03-09 03:55:23'),(5111,17,'NO_SHOE',1,1,605,3783,'2024-03-08 11:24:26','8eb90362-89c2-43d9-826a-90f1be899078.jpg',1,0,0,'2024-03-09 04:25:26'),(5113,17,'NO_SHOE',1,1,605,3797,'2024-03-01 11:40:04','83a439b1-78dd-4962-acc3-9b34bff76a5d.jpg',1,0,0,'2024-03-09 04:40:27'),(5114,17,'NO_SHOE',1,1,605,3801,'2024-03-01 12:45:48','36eefad2-53b7-43f4-93ef-91174adbda3d.jpg',1,0,0,'2024-03-09 05:46:34'),(5118,17,'NO_SHOE',1,1,605,3825,'2024-03-01 13:52:45','e6b99e63-913d-4b0d-821f-bb1d0e88c775.jpg',1,0,0,'2024-03-09 06:53:40'),(5120,17,'NO_SHOE',1,1,605,3835,'2024-03-11 09:45:26','ef0a1aca-95f2-417c-81b3-8852b3dd340b.jpg',1,0,0,'2024-03-11 02:45:59'),(5121,17,'NO_SHOE',1,1,605,3836,'2024-03-11 10:01:49','70fd638d-1a6d-41b8-92bd-5727895e0135.jpg',1,0,0,'2024-03-11 03:02:01'),(5122,17,'NO_SHOE',1,1,605,3842,'2024-03-11 10:25:09','8eb90362-89c2-43d9-826a-90f1be899078.jpg',1,0,0,'2024-03-11 03:26:03'),(5123,17,'NO_SHOE',1,1,605,3856,'2024-03-10 10:26:17','36eefad2-53b7-43f4-93ef-91174adbda3d.jpg',1,0,0,'2024-03-11 03:27:03'),(5126,17,'NO_SHOE',1,1,605,3870,'2024-03-11 10:27:52','b5bd2bf2-6b5a-4c54-bcb8-d7970678ce5e.jpg',1,0,0,'2024-03-11 03:28:03'),(5132,17,'NO_SHOE',1,1,605,3880,'2024-03-11 13:01:11','f3af348f-34ed-453f-a981-2fb95fe0a8f3.jpg',1,0,0,'2024-03-11 06:01:18'),(5135,17,'NO_SHOE',1,1,605,3898,'2024-03-11 13:31:13','8eb90362-89c2-43d9-826a-90f1be899078.jpg',1,0,0,'2024-03-11 06:31:21'),(5137,17,'NO_SHOE',1,1,605,3905,'2024-03-11 13:31:49','70fd638d-1a6d-41b8-92bd-5727895e0135.jpg',1,0,0,'2024-03-11 06:32:21'),(5142,17,'NO_SHOE',1,1,605,3927,'2024-03-10 13:53:21','e3dbfeb2-2f64-463b-be46-097ccec1eaaa.jpg',1,0,0,'2024-03-11 06:53:23'),(5143,17,'NO_SHOE',1,1,605,3929,'2024-03-10 13:58:34','5d0a1de2-e865-4af8-bff1-909782a35ac0.jpg',1,0,0,'2024-03-11 06:59:23'),(5144,17,'NO_SHOE',1,1,605,3933,'2024-03-10 14:04:46','70fd638d-1a6d-41b8-92bd-5727895e0135.jpg',1,0,0,'2024-03-11 07:05:24'),(62495,14,'LIDAR_People_Count',1,25,902,1756957,'2024-03-08 13:08:33','Untitled.png',1,0,0,'2024-02-07 10:40:34'),(62496,14,'LIDAR_People_Count',1,25,902,1756657,'2024-03-08 13:08:44','Untitled2.png',1,0,0,'2024-02-07 10:41:02'),(62497,14,'LIDAR_People_Count',1,25,902,1756684,'2024-03-08 13:08:11','Untitled6.png',1,0,0,'2024-02-07 10:46:14'),(62498,14,'LIDAR_People_Count',1,25,902,1756696,'2024-03-08 13:08:07','Untitled7.png',1,0,0,'2024-02-07 10:51:27'),(62499,14,'LIDAR_People_Count',1,25,902,1756700,'2024-03-08 13:08:33','Untitled8.png',1,0,0,'2024-02-07 11:01:57'),(62500,14,'LIDAR_People_Count',1,25,902,1756724,'2024-03-10 16:55:33','Untitled8.png',1,0,0,'2024-02-07 11:07:15'),(62501,14,'LIDAR_People_Count',1,25,902,1756728,'2024-03-10 16:55:33','Untitled8.png',1,0,0,'2024-02-07 11:12:28'),(62502,14,'LIDAR_People_Count',1,25,902,1756794,'2024-03-10 16:55:33','Untitled11.png',1,0,0,'2024-02-07 11:17:40'),(62503,14,'LIDAR_People_Count',1,25,902,1756862,'2024-03-03 16:55:33','Untitled11.png',1,0,0,'2024-02-07 11:22:54'),(62504,14,'LIDAR_People_Count',1,25,902,1756929,'2024-03-03 16:55:33','Untitled11.png',1,0,0,'2024-02-07 11:28:07'),(62505,14,'LIDAR_People_Count',1,25,902,1756968,'2024-03-03 16:55:33','Untitled12.png',1,0,0,'2024-02-07 11:33:19'),(62508,15,'People_Count',1,23,903,1757029,'2024-03-07 16:39:59','7cf3a535-ed8a-4d9f-8abd-cf4c496ffe18.jpg',1,0,0,'2024-03-07 13:10:40'),(62509,15,'People_Count',1,23,903,1757031,'2024-03-07 16:40:33','8f23f2de-e553-4638-96b1-40ab3b8b89c3.jpg',1,0,0,'2024-03-07 13:10:40'),(62510,15,'People_Count',1,23,903,1757033,'2024-03-07 16:45:33','e0c8291e-fef6-42c4-b7f8-ff50b366036d.jpg',1,0,0,'2024-03-07 13:12:45'),(62511,18,'LIDAR_Intrusion_Detection',1,25,905,1757035,'2024-03-01 16:55:33','Untitled3.png',1,0,0,'2024-03-08 13:12:45'),(62512,18,'LIDAR_Intrusion_Detection',1,25,905,1757035,'2024-03-01 16:55:33','Untitled4.png',1,0,0,'2024-03-08 13:12:45'),(62589,17,'NO_JACKET',1,23,605,1757323,'2024-03-11 15:36:57','36c60bcd-28de-44a3-bce8-50d771a27049.jpg',1,0,0,'2024-03-12 07:53:12'),(62590,17,'NO_JACKET',1,23,605,1757326,'2024-03-11 15:37:02','4bc59718-bf04-4d87-bc7c-b1961d670f55.jpg',1,0,0,'2024-03-12 07:53:12'),(62591,17,'NO_JACKET',1,23,605,1757328,'2024-03-11 15:37:06','6637edb0-69ef-4ffc-8137-1bec92435d9f.jpg',1,0,0,'2024-03-12 07:53:12'),(62592,17,'NO_JACKET',1,23,605,1757331,'2024-03-11 15:37:11','0ece638e-8ba8-4705-9c5d-3b2f6adfd026.jpg',1,0,0,'2024-03-12 07:53:12'),(62593,17,'NO_JACKET',1,23,605,1757332,'2024-03-11 15:37:16','8b227420-d6ea-4458-aa98-8bc926a9c924.jpg',1,0,0,'2024-03-12 07:53:12'),(62594,17,'NO_JACKET',1,23,605,1757334,'2024-03-11 15:37:21','3ce26db0-c34d-4cb9-9da8-a85fcae078b8.jpg',1,0,0,'2024-03-12 07:53:12'),(62595,17,'NO_JACKET',1,23,605,1757336,'2024-03-10 15:37:26','cc0716d8-067a-483e-899b-f97047e9425d.jpg',1,0,0,'2024-03-12 07:53:12'),(62596,17,'NO_JACKET',1,23,605,1757338,'2024-03-10 15:37:31','1356f971-0060-4758-b2af-7a7eb3f7af71.jpg',1,0,0,'2024-03-12 07:53:12'),(62597,17,'NO_JACKET',1,23,605,1757343,'2024-03-10 15:38:10','2e7545e8-90ec-4b03-b955-2d77ec65462f.jpg',1,0,0,'2024-03-12 07:53:12'),(62598,17,'NO_JACKET',1,23,605,1757344,'2024-03-10 15:38:15','36eefad2-53b7-43f4-93ef-91174adbda3d.jpg',1,0,0,'2024-03-12 07:53:12'),(62599,17,'NO_JACKET',1,23,605,1757345,'2024-03-10 15:38:19','0b41744b-6066-4095-bdd0-b5489d6637b5.jpg',1,0,0,'2024-03-12 07:53:12'),(62600,17,'NO_JACKET',1,23,605,1757346,'2024-03-09 15:38:24','6e7f0c99-ca0d-446e-a9b8-24148b779f34.jpg',1,0,0,'2024-03-12 07:53:12'),(62601,17,'NO_JACKET',1,23,605,1757347,'2024-03-09 15:38:29','fb9f8229-2132-43de-ab09-eeeda0702358.jpg',1,0,0,'2024-03-12 07:53:12'),(62602,17,'NO_JACKET',1,23,605,1757350,'2024-03-09 15:38:33','dff8e53d-46f7-40e7-9287-3c6fc999b2b7.jpg',1,0,0,'2024-03-12 07:53:12'),(62603,17,'NO_JACKET',1,23,605,1757352,'2024-03-09 15:38:38','20aa9609-f41d-4c29-8115-b12f9df26aa4.jpg',1,0,0,'2024-03-12 07:53:12'),(62604,17,'NO_JACKET',1,23,605,1757354,'2024-03-09 15:38:43','393954d9-c354-4bf9-85a1-b40a0ecbf39b.jpg',1,0,0,'2024-03-12 07:53:12'),(62605,17,'NO_JACKET',1,23,605,1757356,'2024-03-06 15:38:48','d0689caf-058d-4ee6-afe7-2111bd3aed19.jpg',1,0,0,'2024-03-12 07:53:12'),(62606,17,'NO_JACKET',1,23,605,1757360,'2024-03-06 15:38:53','83a439b1-78dd-4962-acc3-9b34bff76a5d.jpg',1,0,0,'2024-03-12 07:53:12'),(62607,17,'NO_JACKET',1,23,605,1757362,'2024-03-06 15:38:57','85aff67e-c5c2-429c-81b8-1111f793be6b.jpg',1,0,0,'2024-03-12 07:53:12'),(62608,17,'NO_JACKET',1,23,605,1757363,'2024-03-06 15:39:02','7ad4b87e-f483-474e-9ed6-81f469bf29d6.jpg',1,0,0,'2024-03-12 07:53:12'),(62609,17,'NO_JACKET',1,23,605,1757366,'2024-03-06 15:39:07','21e4721f-06ec-45ba-8e93-95b2aef0bd74.jpg',1,0,0,'2024-03-12 07:53:12'),(62610,17,'NO_JACKET',1,23,605,1757367,'2024-03-11 15:39:12','8fbbe756-1771-4f7d-a02d-9c04a70e430b.jpg',1,0,0,'2024-03-12 07:53:12'),(62611,17,'NO_JACKET',1,23,605,1757372,'2024-03-02 15:39:53','7adc3259-1453-4404-b07f-deecafd56704.jpg',1,0,0,'2024-03-12 07:53:12'),(62612,17,'NO_JACKET',1,23,605,1757373,'2024-03-02 15:39:58','358e144c-c182-45c0-b378-73ff69a03b81.jpg',1,0,0,'2024-03-12 07:53:12'),(62613,17,'NO_JACKET',1,23,605,1757374,'2024-03-02 15:40:02','669badf6-34ef-4c3e-a68e-918ce1b2b1d1.jpg',1,0,0,'2024-03-12 07:53:12'),(62614,17,'NO_JACKET',1,23,605,1757375,'2024-03-10 15:40:07','8f02b06e-6a01-49aa-8d3b-fd1190ef9345.jpg',1,0,0,'2024-03-12 07:53:12'),(62615,17,'NO_JACKET',1,23,605,1757376,'2024-03-01 15:40:12','ad9c790d-b5bf-4fe1-a410-04cd98f80855.jpg',1,0,0,'2024-03-12 07:53:12'),(62616,17,'NO_JACKET',1,23,605,1757378,'2024-03-01 15:40:16','469638e9-fd40-4ee7-9498-809ccd1c7a88.jpg',1,0,0,'2024-03-12 07:53:12'),(62617,17,'NO_JACKET',1,23,605,1757379,'2024-03-01 15:40:21','a1372291-b324-4645-a8c8-f2ddc64103e4.jpg',1,0,0,'2024-03-12 07:53:12'),(62618,17,'NO_JACKET',1,23,605,1757382,'2024-03-01 15:40:26','66d46ed5-474d-4b18-a8cd-beda8bda4f45.jpg',1,0,0,'2024-03-12 07:53:12'),(62619,17,'NO_JACKET',1,23,605,1757383,'2024-03-01 15:40:30','8eb90362-89c2-43d9-826a-90f1be899078.jpg',1,0,0,'2024-03-12 07:53:12'),(62620,17,'NO_JACKET',1,23,605,1757385,'2024-03-01 15:40:35','649c0244-1129-405b-90d6-bca4ce43d84a.jpg',1,0,0,'2024-03-12 07:53:12'),(62621,17,'NO_JACKET',1,23,605,1757387,'2024-03-01 15:40:40','0e885d4c-14ca-497b-badb-c3cb6ae1a33d.jpg',1,0,0,'2024-03-12 07:53:12'),(62622,17,'NO_JACKET',1,23,605,1757389,'2024-03-04 15:40:44','242dc26d-597d-46e6-b776-0a22d8609d61.jpg',1,0,0,'2024-03-12 07:53:12'),(62623,17,'NO_JACKET',1,23,605,1757391,'2024-03-04 15:40:49','b4944e18-5032-4265-b88b-a8e1e630be9f.jpg',1,0,0,'2024-03-12 07:53:12'),(62624,17,'NO_JACKET',1,23,605,1757393,'2024-03-04 15:40:54','b4fd2e36-2f23-4cfc-bebc-251d99c6016b.jpg',1,0,0,'2024-03-12 07:53:12'),(62625,17,'NO_JACKET',1,23,605,1757398,'2024-03-04 15:41:34','cc0716d8-067a-483e-899b-f97047e9425d.jpg',1,0,0,'2024-03-12 07:53:12'),(62626,17,'NO_JACKET',1,23,605,1757399,'2024-03-04 15:41:39','8b53d9fc-b129-42d7-ade5-9dbf4a22dcc0.jpg',1,0,0,'2024-03-12 07:53:12'),(62627,17,'NO_JACKET',1,23,605,1757400,'2024-03-05 15:41:44','030c3a0b-17e8-4a22-b799-5edcee9c5d4c.jpg',1,0,0,'2024-03-12 07:53:12'),(62628,17,'NO_JACKET',1,23,605,1757401,'2024-03-05 15:41:48','719d2287-ec3f-4a1e-92bd-c0f22438c188.jpg',1,0,0,'2024-03-12 07:53:12'),(62629,17,'NO_JACKET',1,23,605,1757403,'2024-03-05 15:41:53','ed77cc2c-c50f-480a-9592-f6d5b0a8c6f7.jpg',1,0,0,'2024-03-12 07:53:12'),(62630,17,'NO_JACKET',1,23,605,1757404,'2024-03-05 15:41:58','09102fd1-6c81-4a38-b995-c7fd71bed3de.jpg',1,0,0,'2024-03-12 07:53:12'),(62631,17,'NO_JACKET',1,23,605,1757407,'2024-03-05 15:42:03','cc0c2daa-5e39-46f7-ba21-9e80d0846f59.jpg',1,0,0,'2024-03-12 07:53:12'),(62632,17,'NO_JACKET',1,23,605,1757408,'2024-03-06 15:42:08','ac41e89a-eb66-47fb-b5a0-382f6d480f40.jpg',1,0,0,'2024-03-12 07:53:12'),(62633,17,'NO_JACKET',1,23,605,1757412,'2024-03-11 15:42:13','2141445e-a494-4015-8a9e-35b6c3f82258.jpg',1,0,0,'2024-03-12 07:53:12'),(62634,17,'NO_JACKET',1,23,605,1757415,'2024-03-08 15:42:17','eb79bfc8-c797-44fe-bdb7-425f449f5557.jpg',1,0,0,'2024-03-12 07:53:12'),(62635,17,'NO_JACKET',1,23,605,1757417,'2024-03-08 15:42:22','c84991a9-05b5-4dcb-8aa1-e976cd4054fe.jpg',1,0,0,'2024-03-12 07:53:12'),(62636,17,'NO_JACKET',1,23,605,1757419,'2024-03-08 15:42:27','6a6aab9c-65d1-4c19-bd54-01063eaa6c53.jpg',1,0,0,'2024-03-12 07:53:12'),(62637,17,'NO_JACKET',1,23,605,1757422,'2024-03-08 15:42:32','2bc8a1c9-1a52-4d82-a270-1e8047278d54.jpg',1,0,0,'2024-03-12 07:53:12'),(62638,17,'NO_JACKET',1,23,605,1757423,'2024-03-08 15:42:37','1515efc4-8943-48a9-9fa3-32a0a2fc79b9.jpg',1,0,0,'2024-03-12 07:53:12'),(62639,17,'NO_JACKET',1,23,605,1757426,'2024-03-08 15:42:41','bdb8276a-3188-4c00-a9a8-7d4b8676c78d.jpg',1,0,0,'2024-03-12 07:53:12'),(62640,17,'NO_JACKET',1,23,605,1757428,'2024-03-08 15:42:46','5d0a1de2-e865-4af8-bff1-909782a35ac0.jpg',1,0,0,'2024-03-12 07:53:12'),(62713,17,'NO_HELMET',1,23,605,1757324,'2024-03-11 15:36:57','3aa90333-cdf1-481d-816c-6d5fbee3449b.jpg',1,0,0,'2024-03-12 07:53:13'),(62714,17,'NO_HELMET',1,23,605,1757325,'2024-03-11 15:37:02','36c60bcd-28de-44a3-bce8-50d771a27049.jpg',1,0,0,'2024-03-12 07:53:13'),(62715,17,'NO_HELMET',1,23,605,1757327,'2024-03-11 15:37:02','3aa90333-cdf1-481d-816c-6d5fbee3449b.jpg',1,0,0,'2024-03-12 07:53:13'),(62716,17,'NO_HELMET',1,23,605,1757329,'2024-03-11 15:37:06','01f04c26-eaca-4a8f-ab8b-e0d6a1eaab38.jpg',1,0,0,'2024-03-12 07:53:13'),(62717,17,'NO_HELMET',1,23,605,1757330,'2024-03-11 15:37:11','36c60bcd-28de-44a3-bce8-50d771a27049.jpg',1,0,0,'2024-03-12 07:53:13'),(62718,17,'NO_HELMET',1,23,605,1757333,'2024-03-10 15:37:16','4bc59718-bf04-4d87-bc7c-b1961d670f55.jpg',1,0,0,'2024-03-12 07:53:13'),(62719,17,'NO_HELMET',1,23,605,1757335,'2024-03-10 15:37:21','0c194de3-461d-4ece-8587-e85a787abd62.jpg',1,0,0,'2024-03-12 07:53:13'),(62720,17,'NO_HELMET',1,23,605,1757337,'2024-03-10 15:37:26','3aa90333-cdf1-481d-816c-6d5fbee3449b.jpg',1,0,0,'2024-03-12 07:53:13'),(62721,17,'NO_HELMET',1,23,605,1757339,'2024-03-10 15:37:31','36c60bcd-28de-44a3-bce8-50d771a27049.jpg',1,0,0,'2024-03-12 07:53:13'),(62722,17,'NO_HELMET',1,23,605,1757340,'2024-03-10 15:37:35','01f04c26-eaca-4a8f-ab8b-e0d6a1eaab38.jpg',1,0,0,'2024-03-12 07:53:13'),(62723,17,'NO_HELMET',1,23,605,1757341,'2024-03-01 15:37:49','36c60bcd-28de-44a3-bce8-50d771a27049.jpg',1,0,0,'2024-03-12 07:53:13'),(62724,17,'NO_HELMET',1,23,605,1757342,'2024-03-01 15:37:54','0c194de3-461d-4ece-8587-e85a787abd62.jpg',1,0,0,'2024-03-12 07:53:13'),(62725,17,'NO_HELMET',1,23,605,1757348,'2024-03-01 15:38:29','01f04c26-eaca-4a8f-ab8b-e0d6a1eaab38.jpg',1,0,0,'2024-03-12 07:53:13'),(62726,17,'NO_HELMET',1,23,605,1757349,'2024-03-10 15:38:33','36c60bcd-28de-44a3-bce8-50d771a27049.jpg',1,0,0,'2024-03-12 07:53:13'),(62727,17,'NO_HELMET',1,23,605,1757351,'2024-03-08 15:38:38','4bc59718-bf04-4d87-bc7c-b1961d670f55.jpg',1,0,0,'2024-03-12 07:53:13'),(62728,17,'NO_HELMET',1,23,605,1757353,'2024-03-08 15:38:43','0c194de3-461d-4ece-8587-e85a787abd62.jpg',1,0,0,'2024-03-12 07:53:13'),(62729,17,'NO_HELMET',1,23,605,1757355,'2024-03-08 15:38:43','3aa90333-cdf1-481d-816c-6d5fbee3449b.jpg',1,0,0,'2024-03-12 07:53:13'),(62730,17,'NO_HELMET',1,23,605,1757357,'2024-03-06 15:38:48','01f04c26-eaca-4a8f-ab8b-e0d6a1eaab38.jpg',1,0,0,'2024-03-12 07:53:13'),(62731,17,'NO_HELMET',1,23,605,1757358,'2024-03-06 15:38:48','36c60bcd-28de-44a3-bce8-50d771a27049.jpg',1,0,0,'2024-03-12 07:53:13'),(62732,17,'NO_HELMET',1,23,605,1757359,'2024-03-06 15:38:53','4bc59718-bf04-4d87-bc7c-b1961d670f55.jpg',1,0,0,'2024-03-12 07:53:13'),(62733,17,'NO_HELMET',1,23,605,1757361,'2024-03-06 15:38:57','0c194de3-461d-4ece-8587-e85a787abd62.jpg',1,0,0,'2024-03-12 07:53:13'),(62734,17,'NO_HELMET',1,23,605,1757364,'2024-03-06 15:39:02','3aa90333-cdf1-481d-816c-6d5fbee3449b.jpg',1,0,0,'2024-03-12 07:53:13'),(62735,17,'NO_HELMET',1,23,605,1757365,'2024-03-01 15:39:07','01f04c26-eaca-4a8f-ab8b-e0d6a1eaab38.jpg',1,0,0,'2024-03-12 07:53:13'),(62736,17,'NO_HELMET',1,23,605,1757368,'2024-03-07 15:39:12','36c60bcd-28de-44a3-bce8-50d771a27049.jpg',1,0,0,'2024-03-12 07:53:13'),(62737,17,'NO_HELMET',1,23,605,1757369,'2024-03-07 15:39:16','4bc59718-bf04-4d87-bc7c-b1961d670f55.jpg',1,0,0,'2024-03-12 07:53:13'),(62738,17,'NO_HELMET',1,23,605,1757370,'2024-03-07 15:39:32','0c194de3-461d-4ece-8587-e85a787abd62.jpg',1,0,0,'2024-03-12 07:53:13'),(62739,17,'NO_HELMET',1,23,605,1757371,'2024-03-07 15:39:37','3aa90333-cdf1-481d-816c-6d5fbee3449b.jpg',1,0,0,'2024-03-12 07:53:13'),(62740,17,'NO_HELMET',1,23,605,1757377,'2024-03-07 15:40:16','01f04c26-eaca-4a8f-ab8b-e0d6a1eaab38.jpg',1,0,0,'2024-03-12 07:53:13'),(62741,17,'NO_HELMET',1,23,605,1757380,'2024-03-07 15:40:21','36c60bcd-28de-44a3-bce8-50d771a27049.jpg',1,0,0,'2024-03-12 07:53:13'),(62742,17,'NO_HELMET',1,23,605,1757381,'2024-03-05 15:40:25','4bc59718-bf04-4d87-bc7c-b1961d670f55.jpg',1,0,0,'2024-03-12 07:53:13'),(62743,17,'NO_HELMET',1,23,605,1757384,'2024-03-05 15:40:30','0c194de3-461d-4ece-8587-e85a787abd62.jpg',1,0,0,'2024-03-12 07:53:13'),(62744,17,'NO_HELMET',1,23,605,1757386,'2024-03-05 15:40:35','3aa90333-cdf1-481d-816c-6d5fbee3449b.jpg',1,0,0,'2024-03-12 07:53:13'),(62745,17,'NO_HELMET',1,23,605,1757388,'2024-03-05 15:40:40','01f04c26-eaca-4a8f-ab8b-e0d6a1eaab38.jpg',1,0,0,'2024-03-12 07:53:13'),(62746,17,'NO_HELMET',1,23,605,1757390,'2024-03-04 15:40:44','36c60bcd-28de-44a3-bce8-50d771a27049.jpg',1,0,0,'2024-03-12 07:53:13'),(62747,17,'NO_HELMET',1,23,605,1757392,'2024-03-04 15:40:49','4bc59718-bf04-4d87-bc7c-b1961d670f55.jpg',1,0,0,'2024-03-12 07:53:13'),(62748,17,'NO_HELMET',1,23,605,1757394,'2024-03-04 15:40:54','0c194de3-461d-4ece-8587-e85a787abd62.jpg',1,0,0,'2024-03-12 07:53:13'),(62749,17,'NO_HELMET',1,23,605,1757395,'2024-03-04 15:40:59','3aa90333-cdf1-481d-816c-6d5fbee3449b.jpg',1,0,0,'2024-03-12 07:53:13'),(62750,17,'NO_HELMET',1,23,605,1757396,'2024-03-03 15:41:13','36c60bcd-28de-44a3-bce8-50d771a27049.jpg',1,0,0,'2024-03-12 07:53:13'),(62751,17,'NO_HELMET',1,23,605,1757397,'2024-03-03 15:41:18','36c60bcd-28de-44a3-bce8-50d771a27049.jpg',1,0,0,'2024-03-12 07:53:13'),(62752,17,'NO_HELMET',1,23,605,1757402,'2024-03-03 15:41:53','4bc59718-bf04-4d87-bc7c-b1961d670f55.jpg',1,0,0,'2024-03-12 07:53:13'),(62753,17,'NO_HELMET',1,23,605,1757405,'2024-03-03 15:41:58','0c194de3-461d-4ece-8587-e85a787abd62.jpg',1,0,0,'2024-03-12 07:53:13'),(62754,17,'NO_HELMET',1,23,605,1757406,'2024-03-03 15:42:03','3aa90333-cdf1-481d-816c-6d5fbee3449b.jpg',1,0,0,'2024-03-12 07:53:13'),(62755,17,'NO_HELMET',1,23,605,1757409,'2024-03-03 15:42:08','01f04c26-eaca-4a8f-ab8b-e0d6a1eaab38.jpg',1,0,0,'2024-03-12 07:53:13'),(62756,17,'NO_HELMET',1,23,605,1757411,'2024-03-05 15:42:13','36c60bcd-28de-44a3-bce8-50d771a27049.jpg',1,0,0,'2024-03-12 07:53:13'),(62757,17,'NO_HELMET',1,23,605,1757413,'2024-03-02 15:42:13','4bc59718-bf04-4d87-bc7c-b1961d670f55.jpg',1,0,0,'2024-03-12 07:53:13'),(62758,17,'NO_HELMET',1,23,605,1757414,'2024-03-02 15:42:17','0c194de3-461d-4ece-8587-e85a787abd62.jpg',1,0,0,'2024-03-12 07:53:13'),(62759,17,'NO_HELMET',1,23,605,1757416,'2024-03-02 15:42:17','3aa90333-cdf1-481d-816c-6d5fbee3449b.jpg',1,0,0,'2024-03-12 07:53:13'),(62760,17,'NO_HELMET',1,23,605,1757418,'2024-03-11 15:42:22','01f04c26-eaca-4a8f-ab8b-e0d6a1eaab38.jpg',1,0,0,'2024-03-12 07:53:13'),(62761,17,'NO_HELMET',1,23,605,1757420,'2024-03-01 15:42:27','36c60bcd-28de-44a3-bce8-50d771a27049.jpg',1,0,0,'2024-03-12 07:53:13'),(62762,17,'NO_HELMET',1,23,605,1757421,'2024-03-01 15:42:32','4bc59718-bf04-4d87-bc7c-b1961d670f55.jpg',1,0,0,'2024-03-12 07:53:13'),(62763,17,'NO_HELMET',1,23,605,1757424,'2024-03-09 15:42:37','0c194de3-461d-4ece-8587-e85a787abd62.jpg',1,0,0,'2024-03-12 07:53:13'),(62764,17,'NO_HELMET',1,23,605,1757425,'2024-03-09 15:42:41','3aa90333-cdf1-481d-816c-6d5fbee3449b.jpg',1,0,0,'2024-03-12 07:53:13'),(62765,17,'NO_HELMET',1,23,605,1757429,'2024-03-09 15:42:46','01f04c26-eaca-4a8f-ab8b-e0d6a1eaab38.jpg',1,0,0,'2024-03-12 07:53:13'),(62766,17,'NO_HELMET',1,23,605,1757430,'2024-03-01 15:42:51','36c60bcd-28de-44a3-bce8-50d771a27049.jpg',1,0,0,'2024-03-12 07:53:13'),(62767,16,'MOTIONLESS_BODY_DETECTED',1,23,904,1757438,'2024-03-11 17:28:48','21151dc1-ab8a-4989-a18a-cc03ac4581f4.jpg',1,0,0,'2024-03-12 07:53:13'),(62768,16,'MOTIONLESS_BODY_DETECTED',1,23,904,1757439,'2024-03-11 17:29:04','f289f37f-51c6-4d03-90f0-4b95b65bd8bc.jpg',1,0,0,'2024-03-12 07:53:13'),(62769,16,'MOTIONLESS_BODY_DETECTED',1,23,904,1757440,'2024-03-11 17:29:19','aca91e81-74ca-4b54-876b-a1efb257f803.jpg',1,0,0,'2024-03-12 07:53:13'),(62770,16,'MOTIONLESS_BODY_DETECTED',1,23,904,1757441,'2024-03-11 17:29:35','f171a1b6-d816-4897-8daa-80a836d2cca7.jpg',1,0,0,'2024-03-12 07:53:13'),(62771,16,'MOTIONLESS_BODY_DETECTED',1,23,904,1757442,'2024-03-11 17:29:50','3f79c08d-419c-4faa-8907-4750afe9370d.jpg',1,0,0,'2024-03-12 07:53:13'),(62772,16,'MOTIONLESS_BODY_DETECTED',1,23,904,1757443,'2024-03-11 17:30:05','ebb2ed01-3903-4355-ac85-88b1e5160294.jpg',1,0,0,'2024-03-12 07:53:13'),(62773,16,'MOTIONLESS_BODY_DETECTED',1,23,904,1757444,'2024-03-11 17:30:22','acac6485-a473-4727-8f60-58ffa90f92f4.jpg',1,0,0,'2024-03-12 07:53:13'),(62774,16,'MOTIONLESS_BODY_DETECTED',1,23,904,1757445,'2024-03-11 17:30:39','49109fa9-bb75-44a3-9838-5ce40276aa11.jpg',1,0,0,'2024-03-12 07:53:13'),(62775,16,'MOTIONLESS_BODY_DETECTED',1,23,904,1757446,'2024-03-11 17:30:53','b68027df-4ecc-4578-a9a3-5360e2321adc.jpg',1,0,0,'2024-03-12 07:53:13'),(62776,16,'MOTIONLESS_BODY_DETECTED',1,23,904,1757447,'2024-03-11 17:31:09','7790ad68-18e6-482f-acf9-8590c8a2386f.jpg',1,0,0,'2024-03-12 07:53:13'),(62777,16,'MOTIONLESS_BODY_DETECTED',1,23,904,1757448,'2024-03-11 17:31:24','96702cab-95d9-444f-aa9f-83702c2a3acf.jpg',1,0,0,'2024-03-12 07:53:13'),(62778,16,'MOTIONLESS_BODY_DETECTED',1,23,904,1757449,'2024-03-11 17:31:41','9b784806-59a5-4471-9c5f-bcc56429d3e5.jpg',1,0,0,'2024-03-12 07:53:13'),(62779,16,'MOTIONLESS_BODY_DETECTED',1,23,904,1757450,'2024-03-11 17:31:55','04ed5af8-7a01-461d-a73d-9a97f8723e48.jpg',1,0,0,'2024-03-12 07:53:13'),(62780,16,'MOTIONLESS_BODY_DETECTED',1,23,904,1757451,'2024-03-07 17:32:11','25b7e182-4eb2-4da9-bdd5-6de0501aa3f5.jpg',1,0,0,'2024-03-12 07:53:13'),(62781,16,'MOTIONLESS_BODY_DETECTED',1,23,904,1757452,'2024-03-07 17:32:27','e381ec2d-ae33-4b6a-a79a-cf5b0d5f191d.jpg',1,0,0,'2024-03-12 07:53:13'),(62782,16,'MOTIONLESS_BODY_DETECTED',1,23,904,1757453,'2024-03-07 17:32:41','b1da5426-7eb3-4ad6-86ff-7b4a49940153.jpg',1,0,0,'2024-03-12 07:53:13'),(62783,16,'MOTIONLESS_BODY_DETECTED',1,23,904,1757454,'2024-03-06 17:32:57','fef4d1fb-d823-4995-8b1b-4943b6034230.jpg',1,0,0,'2024-03-12 07:53:13'),(62784,16,'MOTIONLESS_BODY_DETECTED',1,23,904,1757455,'2024-03-06 17:33:12','88219e57-c265-4448-9f83-d5a72f4711dd.jpg',1,0,0,'2024-03-12 07:53:13'),(62785,16,'MOTIONLESS_BODY_DETECTED',1,23,904,1757456,'2024-03-06 17:33:28','66322351-8993-4ac7-a62a-c8a11cb80a28.jpg',1,0,0,'2024-03-12 07:53:13'),(62786,16,'MOTIONLESS_BODY_DETECTED',1,23,904,1757457,'2024-03-06 17:33:43','f1969bd7-50fa-412a-b379-bea540a92f13.jpg',1,0,0,'2024-03-12 07:53:13'),(62787,16,'MOTIONLESS_BODY_DETECTED',1,23,904,1757458,'2024-03-06 17:33:59','65a41cec-24c8-404c-8019-51e847807619.jpg',1,0,0,'2024-03-12 07:53:13'),(62788,16,'MOTIONLESS_BODY_DETECTED',1,23,904,1757459,'2024-03-06 17:34:14','8fdd5d3c-b262-462c-9147-33e47452d525.jpg',1,0,0,'2024-03-12 07:53:13'),(62789,16,'MOTIONLESS_BODY_DETECTED',1,23,904,1757460,'2024-03-03 17:34:30','e34ea53a-8cfb-42c3-9c29-244c246b0eca.jpg',1,0,0,'2024-03-12 07:53:13'),(62790,16,'MOTIONLESS_BODY_DETECTED',1,23,904,1757461,'2024-03-03 17:34:45','1a24e086-b559-4af2-9513-8d37297e383b.jpg',1,0,0,'2024-03-12 07:53:13'),(62791,16,'MOTIONLESS_BODY_DETECTED',1,23,904,1757462,'2024-03-03 17:35:01','1028a8ae-8508-4864-9d1e-e1e8e83856ff.jpg',1,0,0,'2024-03-12 07:53:13'),(62792,16,'MOTIONLESS_BODY_DETECTED',1,23,904,1757463,'2024-03-03 17:35:16','c23b618a-2689-484c-bc9d-67b466b7420b.jpg',1,0,0,'2024-03-12 07:53:13'),(62793,16,'MOTIONLESS_BODY_DETECTED',1,23,904,1757464,'2024-03-03 17:35:31','04a8a596-6676-4bbe-bf21-11b2fb468c59.jpg',1,0,0,'2024-03-12 07:53:13'),(62794,16,'MOTIONLESS_BODY_DETECTED',1,23,904,1757465,'2024-03-03 17:35:46','a17e9655-f697-4044-9b94-9bfab356deb1.jpg',1,0,0,'2024-03-12 07:53:13'),(62795,16,'MOTIONLESS_BODY_DETECTED',1,23,904,1757466,'2024-03-03 17:36:01','b561a837-24f1-49a7-84b1-6e94d3e24f55.jpg',1,0,0,'2024-03-12 07:53:13'),(62796,16,'MOTIONLESS_BODY_DETECTED',1,23,904,1757467,'2024-03-03 17:36:16','ff1457df-815c-4c6e-a71a-59eee358f9b2.jpg',1,0,0,'2024-03-12 07:53:13'),(62797,16,'MOTIONLESS_BODY_DETECTED',1,23,904,1757468,'2024-03-01 17:36:32','a79f8bd4-a57c-4134-84c2-0346cf9a27b7.jpg',1,0,0,'2024-03-12 07:53:13'),(62798,16,'MOTIONLESS_BODY_DETECTED',1,23,904,1757469,'2024-03-01 17:36:48','b1e20281-7a89-4562-9828-edfc1b90931f.jpg',1,0,0,'2024-03-12 07:53:13'),(62799,16,'MOTIONLESS_BODY_DETECTED',1,23,904,1757470,'2024-03-01 17:37:03','704d67ed-a79b-47da-a23e-e54f120fcb01.jpg',1,0,0,'2024-03-12 07:53:13'),(62800,16,'MOTIONLESS_BODY_DETECTED',1,23,904,1757471,'2024-03-01 17:37:19','2023bd07-5fbc-40df-b6f8-8930380591ca.jpg',1,0,0,'2024-03-12 07:53:13'),(62801,16,'MOTIONLESS_BODY_DETECTED',1,23,904,1757471,'2024-03-01 17:37:35','96a66212-1e99-4cd1-916d-20b1d770d405.jpg',1,0,0,'2024-03-12 07:53:13'),(62802,15,'People_Count',1,23,903,1757410,'2024-03-11 15:42:12','812e09cf-a1ef-43dc-a3ad-6a062454d779.jpg',1,0,0,'2024-03-12 08:06:55'),(62803,15,'People_Count',1,23,903,1757427,'2024-03-11 15:42:44','e31f2f5d-3a29-4c10-8498-c318e3414f78.jpg',1,0,0,'2024-03-12 08:06:55'),(62804,15,'People_Count',1,23,903,1757431,'2024-03-10 15:43:12','40fc3b29-784a-4e4a-b87b-052c2f2e5783.jpg',1,0,0,'2024-03-12 08:06:55'),(62805,15,'People_Count',1,23,903,1757432,'2024-03-05 15:43:39','eefa2e81-b7dd-4fb4-b9ef-0d4dd4e8a471.jpg',1,0,0,'2024-03-12 08:06:55'),(62806,15,'People_Count',1,23,903,1757433,'2024-03-05 15:49:19','f9e6e60b-823a-4bdd-81b0-c68aaa062d98.jpg',1,0,0,'2024-03-12 08:06:55'),(62807,15,'People_Count',1,23,903,1757434,'2024-03-02 16:26:31','c8a6fcb2-25fe-43e4-95fa-f78e35191bd6.jpg',1,0,0,'2024-03-12 08:06:55'),(62808,15,'People_Count',1,23,903,1757435,'2024-03-02 16:26:46','e0c8291e-fef6-42c4-b7f8-ff50b366036d.jpg',1,0,0,'2024-03-12 08:06:55'),(62809,15,'People_Count',1,23,903,1757436,'2024-03-02 16:29:19','8f23f2de-e553-4638-96b1-40ab3b8b89c3.jpg',1,0,0,'2024-03-12 08:06:55'),(62810,15,'People_Count',1,23,903,1757437,'2024-03-02 16:30:54','7cf3a535-ed8a-4d9f-8abd-cf4c496ffe18.jpg',1,0,0,'2024-03-12 08:06:55'),(62811,14,'LIDAR_People_Count',1,25,902,1756494,'2024-03-03 16:55:33','Untitled12.png',1,0,0,'2024-03-07 11:33:19'),(62812,14,'LIDAR_People_Count',1,25,902,1795723,'2024-03-06 16:55:33','Untitled14.png',1,0,0,'2024-03-07 11:33:19'),(62813,14,'LIDAR_People_Count',1,25,902,1735846,'2024-03-06 16:55:33','Untitled14.png',1,0,0,'2024-03-07 11:33:19'),(62814,14,'LIDAR_People_Count',1,25,902,1712345,'2024-03-01 16:55:33','Untitled2.png',1,0,0,'2024-03-07 11:33:19'),(62815,14,'LIDAR_People_Count',1,25,902,1725883,'2024-03-01 16:55:33','Untitled2.png',1,0,0,'2024-03-07 11:33:19'),(62816,NULL,NULL,NULL,NULL,NULL,NULL,NULL,NULL,NULL,NULL,NULL,'2024-03-07 11:33:19'),(62817,19,'Thermal_Equipment',1,1,911,1190558,'2024-03-12 07:03:19','89aa5421-8640-4812-ae75-343ec48b3572.jpg',1,0,0,'2024-03-12 08:03:19'),(62818,18,'LIDAR_Intrusion_Detection',1,25,905,1757035,'2024-03-08 16:55:33','Untitled5.png',1,0,0,'2024-03-08 13:12:45'),(62819,18,'LIDAR_Intrusion_Detection',1,25,905,1757035,'2024-03-08 16:55:33','Untitled9.png',1,0,0,'2024-03-08 13:12:45'),(62820,18,'LIDAR_Intrusion_Detection',1,25,905,1757035,'2024-03-08 16:55:33','Untitled10.png',1,0,0,'2024-03-08 13:12:45'),(62821,18,'LIDAR_Intrusion_Detection',1,25,905,1757035,'2024-03-08 16:55:33','Untitled13.png',1,0,0,'2024-03-08 13:12:45'),(62822,18,'LIDAR_Intrusion_Detection',1,25,905,1757035,'2024-03-08 16:55:33','Untitled15.png',1,0,0,'2024-03-08 13:12:45'),(62823,18,'LIDAR_Intrusion_Detection',1,25,905,1757035,'2024-03-08 16:55:33','Untitled16.png',1,0,0,'2024-03-08 13:12:45'),(62824,18,'LIDAR_Intrusion_Detection',1,25,905,1757035,'2024-03-08 16:55:33','Untitled17.png',1,0,0,'2024-03-08 13:12:45'),(62825,18,'LIDAR_Intrusion_Detection',1,25,905,1757035,'2024-03-08 16:55:33','Untitled18.png',1,0,0,'2024-03-08 13:12:45'),(62826,18,'LIDAR_Intrusion_Detection',1,25,905,1757035,'2024-03-04 16:55:33','Untitled19.png',1,0,0,'2024-03-08 13:12:45'),(62827,18,'LIDAR_Intrusion_Detection',1,25,905,1757035,'2024-03-04 16:55:33','Untitled20.png',1,0,0,'2024-03-08 13:12:45'),(62828,18,'LIDAR_Intrusion_Detection',1,25,905,1757035,'2024-03-04 16:55:33','Untitled3.png',1,0,0,'2024-03-08 13:12:45'),(62829,18,'LIDAR_Intrusion_Detection',1,25,905,1757035,'2024-03-09 16:55:33','Untitled4.png',1,0,0,'2024-03-08 13:12:45'),(62830,18,'LIDAR_Intrusion_Detection',1,25,905,1757035,'2024-03-09 16:55:33','Untitled5.png',1,0,0,'2024-03-08 13:12:45'),(62831,18,'LIDAR_Intrusion_Detection',1,25,905,1757035,'2024-03-09 16:55:33','Untitled9.png',1,0,0,'2024-03-08 13:12:45'),(62832,18,'LIDAR_Intrusion_Detection',1,25,905,1757035,'2024-03-09 16:55:33','Untitled10.png',1,0,0,'2024-03-08 13:12:45'),(62833,18,'LIDAR_Intrusion_Detection',1,25,905,1757035,'2024-03-11 16:55:33','Untitled13.png',1,0,0,'2024-03-08 13:12:45'),(62834,18,'LIDAR_Intrusion_Detection',1,25,905,1757035,'2024-03-11 16:55:33','Untitled15.png',1,0,0,'2024-03-08 13:12:45'),(62835,18,'LIDAR_Intrusion_Detection',1,25,905,1757035,'2024-03-11 16:55:33','Untitled16.png',1,0,0,'2024-03-08 13:12:45'),(62836,18,'LIDAR_Intrusion_Detection',1,25,905,1757035,'2024-03-04 16:55:33','Untitled17.png',1,0,0,'2024-03-08 13:12:45'),(62837,19,'Thermal_Equipment',1,1,911,1190558,'2024-03-12 17:45:26','33b38d40-1268-42c2-b491-9822a8b90673.jpg',1,0,0,'2024-03-12 17:45:26'),(62838,19,'Thermal_Equipment',1,1,911,1190558,'2024-03-12 17:45:34','79519c30-b1ee-455e-9934-89f2a6e9aef3.jpg',1,0,0,'2024-03-12 17:45:34'),(62839,19,'Thermal_Equipment',1,1,911,1190558,'2024-03-12 17:45:42','d950084c-6f88-4af4-9729-43a214c6ca61.jpg',1,0,0,'2024-03-12 17:45:42'),(62840,19,'Thermal_Equipment',1,1,911,1190558,'2024-03-12 17:45:49','d586f20b-c51a-4a79-bb6c-5d182a5d4f1a.jpg',1,0,0,'2024-03-12 17:45:49'),(62841,19,'Thermal_Equipment',1,1,911,1190558,'2024-03-12 17:48:02','2e7eaca8-ae68-44b7-823e-9f2381613703.jpg',1,0,0,'2024-03-12 17:48:02'),(62842,19,'Thermal_Equipment',1,1,911,1190558,'2024-03-12 17:48:10','fe2b3320-18b0-428b-a52c-e98bc41e71c9.jpg',1,0,0,'2024-03-12 17:48:10'),(62843,19,'Thermal_Equipment',1,1,911,1190558,'2024-03-12 17:48:18','b0653a4b-d9a5-411f-8eed-f27707a53641.jpg',1,0,0,'2024-03-12 17:48:18'),(62844,19,'Thermal_Equipment',1,1,911,1190558,'2024-03-12 18:17:11','9da610b6-e85b-4710-80fe-9f3d2d240f64.jpg',1,0,0,'2024-03-12 18:17:11'),(62845,19,'Thermal_Equipment',1,1,911,1190558,'2024-03-12 18:17:39','05f53e54-6dff-4cf4-8f9f-48c9eca2606a.jpg',1,0,0,'2024-03-12 18:17:39'),(62846,19,'Thermal_Equipment',1,1,911,1190558,'2024-03-12 18:18:37','ca3c3cc5-f8e7-4ab4-9364-057ff4df9a04.jpg',1,0,0,'2024-03-12 18:18:37'),(62847,19,'Thermal_Equipment',1,1,911,1190558,'2024-03-12 18:19:40','ac60a257-df32-4c92-9dc2-ec25f9611df7.jpg',1,0,0,'2024-03-12 18:19:40'),(62848,19,'Thermal_Equipment',1,1,911,1190558,'2024-03-12 18:20:28','364384e3-ad0e-4df4-a504-2d24751bf2f8.jpg',1,0,0,'2024-03-12 18:20:28'),(62849,19,'Thermal_Equipment',1,1,911,1190558,'2024-03-12 18:20:36','43e929e0-e64f-481c-af2a-db70c4000d0b.jpg',1,0,0,'2024-03-12 18:20:36'),(62850,19,'Thermal_Equipment',1,1,911,1190558,'2024-03-12 18:20:44','634cef4b-bc24-4d82-b59a-7e1f28a21281.jpg',1,0,0,'2024-03-12 18:20:44'),(62851,19,'Thermal_Equipment',1,1,911,1190558,'2024-03-12 18:20:52','cbc691d1-3d1c-4b9b-a6bc-4926e210d361.jpg',1,0,0,'2024-03-12 18:20:52'),(62852,19,'Thermal_Equipment',1,1,911,1190558,'2024-03-13 09:38:06','1eae9cc6-3bb9-4050-9302-a71e8b4616f4.jpg',1,0,0,'2024-03-13 09:38:06'),(62853,19,'Thermal_Equipment',1,1,911,1190558,'2024-03-13 09:38:44','7ef2558d-0038-4c68-b9d7-6f0fc6e9e11b.jpg',1,0,0,'2024-03-13 09:38:44'),(62854,19,'Thermal_Equipment',1,1,911,1190558,'2024-03-13 09:38:52','1f358cc4-dec9-4043-9226-e0b4cd36b759.jpg',1,0,0,'2024-03-13 09:38:52'),(62855,19,'Thermal_Equipment',1,1,911,1190558,'2024-03-13 09:39:00','a15cb757-0a35-424b-84e3-593822b4c831.jpg',1,0,0,'2024-03-13 09:39:00'),(62856,19,'Thermal_Equipment',1,1,911,1190558,'2024-03-13 09:39:07','9f066fc3-2223-4f30-be60-019231969503.jpg',1,0,0,'2024-03-13 09:39:07'),(62857,19,'Thermal_Equipment',1,1,911,1190558,'2024-03-13 10:21:11','c99715f9-49ff-4a4f-924a-675d396008c9.jpg',1,0,0,'2024-03-13 10:21:11'),(62858,19,'Thermal_Equipment',1,1,911,1190558,'2024-03-13 10:21:39','f927820f-a7d4-4df7-a7f0-000bd16af559.jpg',1,0,0,'2024-03-13 10:21:39'),(62859,19,'Thermal_Equipment',1,1,911,1190558,'2024-03-13 10:21:47','7065efee-fe57-4425-85ea-b43eb6598f9c.jpg',1,0,0,'2024-03-13 10:21:47'),(62860,19,'Thermal_Equipment',1,1,911,1190558,'2024-03-13 10:21:55','a4c02efa-82af-4be5-8adf-74c346420530.jpg',1,0,0,'2024-03-13 10:21:55'),(62861,19,'Thermal_Equipment',1,1,911,1190558,'2024-03-13 10:22:02','32f1eaa2-2478-4add-b68f-99b31bf8aae0.jpg',1,0,0,'2024-03-13 10:22:02'),(62862,19,'Thermal_Equipment',1,1,911,1190558,'2024-03-13 11:35:26','cf4f6a89-f864-4e13-b4f0-b4dffd02094d.jpg',1,0,0,'2024-03-13 11:35:26'),(62863,19,'Thermal_Equipment',1,1,911,1190558,'2024-03-13 11:35:54','75870306-6a56-4dac-9976-ea62445576b4.jpg',1,0,0,'2024-03-13 11:35:54'),(62864,19,'Thermal_Equipment',1,1,911,1190558,'2024-03-13 11:36:02','5e87b9d3-ddeb-4393-88a5-fc1978dd2a0e.jpg',1,0,0,'2024-03-13 11:36:02'),(62865,19,'Thermal_Equipment',1,1,911,1190558,'2024-03-13 11:36:09','8c39746b-c6a9-41c6-960c-1d71fbbecdba.jpg',1,0,0,'2024-03-13 11:36:09'),(62866,19,'Thermal_Equipment',1,1,911,1190558,'2024-03-13 11:36:17','0d86409a-6e30-4603-9fef-0236603f6f42.jpg',1,0,0,'2024-03-13 11:36:17'),(62867,19,'Thermal_Equipment',1,1,911,1190558,'2024-03-13 11:36:25','53f0b85a-c2a9-4041-8c73-eb36aed6bffe.jpg',1,0,0,'2024-03-13 11:36:25'),(62868,19,'Thermal_Equipment',1,1,911,1190558,'2024-03-13 11:36:32','54f7efd6-0791-4b52-93a2-99a814aa8872.jpg',1,0,0,'2024-03-13 11:36:32'),(62869,19,'Thermal_Equipment',1,1,911,1190558,'2024-03-13 11:36:45','8a815a1d-60af-4aa7-bea3-ae91c417fffc.jpg',1,0,0,'2024-03-13 11:36:45'),(62870,19,'Thermal_Equipment',1,1,911,1190558,'2024-03-13 11:36:53','b24e9d0b-3f17-4d17-8592-6b02ba47be94.jpg',1,0,0,'2024-03-13 11:36:53'),(62871,19,'Thermal_Equipment',1,1,911,1190558,'2024-03-13 11:37:01','42b2f3f2-2c43-4353-a858-12914e023f37.jpg',1,0,0,'2024-03-13 11:37:01'),(62872,19,'Thermal_Equipment',1,1,911,1190558,'2024-03-13 11:37:08','9fe2030e-2245-4ac3-961d-cadda6a0f2a7.jpg',1,0,0,'2024-03-13 11:37:08'),(62873,19,'Thermal_Equipment',1,1,911,1190558,'2024-03-13 11:39:07','d27930ab-d50c-4f66-9f9a-9afd21731563.jpg',1,0,0,'2024-03-13 11:39:07'),(62874,19,'Thermal_Equipment',1,1,911,1190558,'2024-03-13 11:39:15','8ef14928-d225-4cbe-9834-9c255893964c.jpg',1,0,0,'2024-03-13 11:39:15'),(62875,19,'Thermal_Equipment',1,1,911,1190558,'2024-03-13 11:39:48','5547a8ff-8bff-4ae1-9e45-203a2aa9329b.jpg',1,0,0,'2024-03-13 11:39:48'),(62876,19,'Thermal_Equipment',1,1,911,1190558,'2024-03-13 11:39:55','81f120b0-5d52-4b57-b671-6d6a53b552f4.jpg',1,0,0,'2024-03-13 11:39:55'),(62877,19,'Thermal_Equipment',1,1,911,1190558,'2024-03-13 11:40:03','930a3998-79d7-42dc-bbb0-aaf44d555597.jpg',1,0,0,'2024-03-13 11:40:03'),(62878,19,'Thermal_Equipment',1,1,911,1190558,'2024-03-13 11:40:11','c380a701-c9df-47f1-9831-7e0c2fb11644.jpg',1,0,0,'2024-03-13 11:40:11'),(62879,19,'Thermal_Equipment',1,1,911,1190558,'2024-03-13 11:43:04','e91e9821-e9c1-4e18-832b-add0798b1501.jpg',1,0,0,'2024-03-13 11:43:04'),(62880,19,'Thermal_Equipment',1,1,911,1190558,'2024-03-13 11:43:21','91f8ecad-8d30-4164-949e-0a7d68abb5d6.jpg',1,0,0,'2024-03-13 11:43:21'),(62881,19,'Thermal_Equipment',1,1,911,1190558,'2024-03-13 11:43:44','a0273392-a0bf-4873-92aa-fe73f7d3fc7b.jpg',1,0,0,'2024-03-13 11:43:44'),(62882,19,'Thermal_Equipment',1,1,911,1190558,'2024-03-13 11:43:52','eda3957e-44fd-4d5c-a077-6cdc9a2bd7bc.jpg',1,0,0,'2024-03-13 11:43:52'),(62883,19,'Thermal_Equipment',1,1,911,1190558,'2024-03-13 11:44:30','bfb3172e-6a07-405c-85a5-d22c4010fc4f.jpg',1,0,0,'2024-03-13 11:44:30'),(62884,19,'Thermal_Equipment',1,1,911,1190558,'2024-03-13 11:44:48','7186c529-b9b3-4895-83c3-f355b32b1e6d.jpg',1,0,0,'2024-03-13 11:44:48'),(62885,19,'Thermal_Equipment',1,1,911,1190558,'2024-03-13 11:44:55','dda9b4fe-49c0-4d45-9c89-8b620070a308.jpg',1,0,0,'2024-03-13 11:44:55'),(62886,19,'Thermal_Equipment',1,1,911,1190558,'2024-03-13 11:45:03','55dcdb5b-1865-4207-a78a-b7062cc7a862.jpg',1,0,0,'2024-03-13 11:45:03'),(62887,19,'Thermal_Equipment',1,1,911,1190558,'2024-03-13 11:45:11','fc95ea32-c22e-4998-b66a-a1fe4fd8e5c9.jpg',1,0,0,'2024-03-13 11:45:11'),(62888,19,'Thermal_Equipment',1,1,911,1190558,'2024-03-13 11:45:19','77829c2b-fba9-44c3-9087-c9491c4ea299.jpg',1,0,0,'2024-03-13 11:45:19'),(62889,19,'Thermal_Equipment',1,1,911,1190558,'2024-03-13 11:45:36','4029f898-0e08-45ec-92ad-7a63835aead7.jpg',1,0,0,'2024-03-13 11:45:36'),(62890,19,'Thermal_Equipment',1,1,911,1190558,'2024-03-13 11:45:54','04ffba89-e0e1-4e03-ba50-47da3b1c2a39.jpg',1,0,0,'2024-03-13 11:45:54'),(62891,19,'Thermal_Equipment',1,1,911,1190558,'2024-03-13 11:48:03','014bc334-2fdf-4e00-b25f-43b469e4041f.jpg',1,0,0,'2024-03-13 11:48:03'),(62892,19,'Thermal_Equipment',1,1,911,1190558,'2024-03-13 11:48:36','c18cbfd0-87c2-4624-ada1-4411916a61c6.jpg',1,0,0,'2024-03-13 11:48:36'),(62893,19,'Thermal_Equipment',1,1,911,1190558,'2024-03-13 11:50:04','00d10c62-d895-4a1a-93ea-552750e8170f.jpg',1,0,0,'2024-03-13 11:50:04'),(62894,19,'Thermal_Equipment',1,1,911,1190558,'2024-03-13 11:50:27','55203982-1c5d-4b8f-9db9-f7016c90ed79.jpg',1,0,0,'2024-03-13 11:50:27'),(62895,19,'Thermal_Equipment',1,1,911,1190558,'2024-03-13 11:50:55','591b2cb6-f145-4970-b4e5-25131efbfd17.jpg',1,0,0,'2024-03-13 11:50:55'),(62896,19,'Thermal_Equipment',1,1,911,1190558,'2024-03-13 11:51:23','31286529-ca12-45db-8fb2-20144225f074.jpg',1,0,0,'2024-03-13 11:51:23'),(62897,19,'Thermal_Equipment',1,1,911,1190558,'2024-03-13 11:51:32','4f552fd3-f174-466c-aa8a-019d3a86d7b1.jpg',1,0,0,'2024-03-13 11:51:32'),(62898,19,'Thermal_Equipment',1,1,911,1190558,'2024-03-13 11:51:39','86e01e5c-8f05-48af-807f-5585891bdd05.jpg',1,0,0,'2024-03-13 11:51:39'),(62899,19,'Thermal_Equipment',1,1,911,1190558,'2024-03-13 11:52:07','be8dfc24-8f19-4168-a762-de92938e2f14.jpg',1,0,0,'2024-03-13 11:52:07'),(62900,19,'Thermal_Equipment',1,1,911,1190558,'2024-03-13 11:52:15','b5f03808-80be-41f9-a747-7a01c06aa5bc.jpg',1,0,0,'2024-03-13 11:52:15'),(62901,19,'Thermal_Equipment',1,1,911,1190558,'2024-03-13 11:52:23','f83088df-fd3a-4d23-b276-6e754fea608b.jpg',1,0,0,'2024-03-13 11:52:23'),(62902,19,'Thermal_Equipment',1,1,911,1190558,'2024-03-13 11:52:30','62e7b6d6-127c-45ce-9f83-ddd12e96a0b4.jpg',1,0,0,'2024-03-13 11:52:30'),(62903,19,'Thermal_Equipment',1,1,911,1190558,'2024-03-13 11:53:28','540dc238-85d4-48f0-967b-c45dd0365484.jpg',1,0,0,'2024-03-13 11:53:28'),(62904,19,'Thermal_Equipment',1,1,911,1190558,'2024-03-13 11:53:36','6b755aa9-fd80-4cd6-bafb-9e5c22d563bb.jpg',1,0,0,'2024-03-13 11:53:36'),(62905,19,'Thermal_Equipment',1,1,911,1190558,'2024-03-13 11:53:44','c1ab2ffd-9c6d-44d4-a0c5-b81e785015b3.jpg',1,0,0,'2024-03-13 11:53:44'),(62906,19,'Thermal_Equipment',1,1,911,1190558,'2024-03-13 11:53:52','29533801-abea-4601-a7d5-9c946bb7d76a.jpg',1,0,0,'2024-03-13 11:53:52'),(62907,19,'Thermal_Equipment',1,1,911,1190558,'2024-03-13 11:54:09','a826a7f7-328f-4821-bab3-526ec5918aaf.jpg',1,0,0,'2024-03-13 11:54:09'),(62908,19,'Thermal_Equipment',1,1,911,1190558,'2024-03-13 11:54:37','ce356eab-669a-4b64-9e92-3fcde15f3937.jpg',1,0,0,'2024-03-13 11:54:37'),(62909,19,'Thermal_Equipment',1,1,911,1190558,'2024-03-13 11:54:45','405b9cc4-33e9-4715-9df3-fdfd33284e75.jpg',1,0,0,'2024-03-13 11:54:45'),(62910,19,'Thermal_Equipment',1,1,911,1190558,'2024-03-13 11:54:53','58513db1-4790-450e-8c82-60282528e583.jpg',1,0,0,'2024-03-13 11:54:53'),(62911,19,'Thermal_Equipment',1,1,911,1190558,'2024-03-13 11:55:00','8b9acc4d-2701-42b4-aba5-66345089e970.jpg',1,0,0,'2024-03-13 11:55:00'),(62912,19,'Thermal_Equipment',1,1,911,1190558,'2024-03-13 11:55:08','3efca983-2962-4a1a-9a19-406c476dcc0f.jpg',1,0,0,'2024-03-13 11:55:08'),(62913,19,'Thermal_Equipment',1,1,911,1190558,'2024-03-13 11:55:16','16760ed7-1559-400a-9a17-294946e22d83.jpg',1,0,0,'2024-03-13 11:55:16'),(62914,19,'Thermal_Equipment',1,1,911,1190558,'2024-03-13 11:55:24','7ae0cf2d-ffa4-4c5f-b6cf-5e957092e3a7.jpg',1,0,0,'2024-03-13 11:55:24'),(62915,19,'Thermal_Equipment',1,1,911,1190558,'2024-03-13 11:56:28','b8d73fd8-6cad-4e4c-b667-c7ea29768b36.jpg',1,0,0,'2024-03-13 11:56:28'),(62916,19,'Thermal_Equipment',1,1,911,1190558,'2024-03-13 11:56:52','f4654c3f-f5f7-47d1-9513-a5fd7a7992db.jpg',1,0,0,'2024-03-13 11:56:52'),(62917,19,'Thermal_Equipment',1,1,911,1190558,'2024-03-13 11:57:28','6611953a-fa32-4f68-b409-2b068e0674f7.jpg',1,0,0,'2024-03-13 11:57:28'),(62918,19,'Thermal_Equipment',1,1,911,1190558,'2024-03-13 11:58:41','cd1e9588-b0bc-49d4-b8c1-e538d7bd8aa1.jpg',1,0,0,'2024-03-13 11:58:41'),(62919,19,'Thermal_Equipment',1,1,911,1190558,'2024-03-13 11:59:04','ed5ffa9f-e5e1-4695-bfc0-622966c63e89.jpg',1,0,0,'2024-03-13 11:59:04'),(62920,19,'Thermal_Equipment',1,1,911,1190558,'2024-03-13 11:59:32','69cb03a2-340b-45d6-b542-8e8b9df82a2f.jpg',1,0,0,'2024-03-13 11:59:32'),(62921,19,'Thermal_Equipment',1,1,911,1190558,'2024-03-13 12:00:05','b20ccdf6-6d1c-45a4-85fe-8e7a2b22cf0e.jpg',1,0,0,'2024-03-13 12:00:05'),(62922,19,'Thermal_Equipment',1,1,911,1190558,'2024-04-22 13:51:54','fbd8a660-c3b7-4bc0-b4ae-a87bca01777a.jpg',1,0,0,'2024-04-22 13:51:54'),(62923,19,'Thermal_Equipment',1,1,911,1190558,'2024-04-22 13:51:55','6581c052-07e8-49b5-acf6-5e537472c53a.jpg',1,0,0,'2024-04-22 13:51:55'),(62924,19,'Thermal_Equipment',1,1,911,1190558,'2024-04-22 13:52:31','9df5471d-d19b-4f57-bb85-4c152fb11746.jpg',1,0,0,'2024-04-22 13:52:31'),(62925,19,'Thermal_Equipment',1,1,911,1190558,'2024-04-22 13:53:14','a0be2cc1-aa41-4455-9ee0-3387e4111f7d.jpg',1,0,0,'2024-04-22 13:53:14'),(62926,19,'Thermal_Equipment',1,1,911,1190558,'2024-04-22 13:53:20','54c918d3-a950-44dd-a566-f66e22bcafc1.jpg',1,0,0,'2024-04-22 13:53:20'),(62927,19,'Thermal_Equipment',1,1,911,1190558,'2024-04-22 13:53:26','5d3342a1-50cb-4ba5-9694-3a8cb120139a.jpg',1,0,0,'2024-04-22 13:53:26'),(62928,19,'Thermal_Equipment',1,1,911,1190558,'2024-04-22 14:00:50','36fb713c-beb9-4027-a917-26d03a3104a5.jpg',1,0,0,'2024-04-22 14:00:50'),(62929,19,'Thermal_Equipment',1,1,911,1190558,'2024-04-22 14:01:31','82ed6154-b06e-4baf-aa70-eefa64fddf54.jpg',1,0,0,'2024-04-22 14:01:31'),(62930,19,'Thermal_Equipment',1,1,911,1190558,'2024-04-22 14:15:01','9e5ba058-5502-4753-9ba0-269bafd502b5.jpg',1,0,0,'2024-04-22 14:15:01'),(62931,19,'Thermal_Equipment',1,1,911,1190558,'2024-04-22 14:15:02','28b4f781-c608-4776-a1d2-37fe57824c90.jpg',1,0,0,'2024-04-22 14:15:02'),(62932,19,'Thermal_Equipment',1,1,911,1190558,'2024-04-22 14:15:02','5baba570-e030-4a71-b106-01ef2792d8d5.jpg',1,0,0,'2024-04-22 14:15:02'),(62933,19,'Thermal_Equipment',1,1,911,1190558,'2024-04-22 14:15:02','75f8c4e3-0b9f-4e74-a3db-165a6b9d94e0.jpg',1,0,0,'2024-04-22 14:15:02'),(62934,19,'Thermal_Equipment',1,1,911,1190558,'2024-04-22 14:15:03','7092dfb4-59f5-46db-ab69-a8f6ab545df4.jpg',1,0,0,'2024-04-22 14:15:03'),(62935,19,'Thermal_Equipment',1,1,911,1190558,'2024-04-22 14:15:04','ef33e94f-41e2-4274-8417-6afd6e633458.jpg',1,0,0,'2024-04-22 14:15:04'),(62936,19,'Thermal_Equipment',1,1,911,1190558,'2024-04-22 14:15:04','362936aa-6afc-483f-af70-82a911a0d230.jpg',1,0,0,'2024-04-22 14:15:04'),(62937,19,'Thermal_Equipment',1,1,911,1190558,'2024-04-22 14:15:05','77560e8b-4272-44a9-93bc-e181e3ce014b.jpg',1,0,0,'2024-04-22 14:15:05'),(62938,19,'Thermal_Equipment',1,1,911,1190558,'2024-04-22 14:15:06','9485ab94-efd7-416b-aabc-c6b982df5d22.jpg',1,0,0,'2024-04-22 14:15:06'),(62939,19,'Thermal_Equipment',1,1,911,1190558,'2024-04-22 14:15:07','17eea9c1-f194-42ef-82a4-4d7d06dd6bce.jpg',1,0,0,'2024-04-22 14:15:07'),(62940,19,'Thermal_Equipment',1,1,911,1190558,'2024-04-22 14:15:07','2ee890e0-bd07-4093-96f0-fdfbcb043956.jpg',1,0,0,'2024-04-22 14:15:07'),(62941,19,'Thermal_Equipment',1,1,911,1190558,'2024-04-22 14:15:07','d7427423-52c3-44ab-8af9-84b1ade0b853.jpg',1,0,0,'2024-04-22 14:15:07'),(62942,19,'Thermal_Equipment',1,1,911,1190558,'2024-04-22 14:15:08','6f21876f-a5d2-441f-a15b-68e2af614b97.jpg',1,0,0,'2024-04-22 14:15:08'),(62943,19,'Thermal_Equipment',1,1,911,1190558,'2024-04-22 14:15:09','ae834bb4-1255-40c8-9da0-3788dfa522bc.jpg',1,0,0,'2024-04-22 14:15:09'),(62944,19,'Thermal_Equipment',1,1,911,1190558,'2024-04-22 14:15:09','9ffe1613-d220-4182-b1d2-c3496fa5f401.jpg',1,0,0,'2024-04-22 14:15:09'),(62945,19,'Thermal_Equipment',1,1,911,1190558,'2024-04-22 14:15:10','03562ff7-b8b4-4baf-85b7-f3f400581f19.jpg',1,0,0,'2024-04-22 14:15:10'),(62946,19,'Thermal_Equipment',1,1,911,1190558,'2024-04-22 14:15:11','84f2ea79-057c-485c-b72c-568afff0ae8b.jpg',1,0,0,'2024-04-22 14:15:11'),(62947,19,'Thermal_Equipment',1,1,911,1190558,'2024-04-22 14:15:13','62fe90a6-c83d-4a5d-b9be-b838dcd9d66e.jpg',1,0,0,'2024-04-22 14:15:13'),(62948,19,'Thermal_Equipment',1,1,911,1190558,'2024-04-22 14:15:19','7b407809-e1a6-4482-9585-7aebc87c0899.jpg',1,0,0,'2024-04-22 14:15:19'),(62949,19,'Thermal_Equipment',1,1,911,1190558,'2024-04-22 14:15:25','d92f35fb-5695-4969-bc62-3fae93145b68.jpg',1,0,0,'2024-04-22 14:15:25'),(62950,19,'Thermal_Equipment',1,1,911,1190558,'2024-04-22 14:15:30','316a320b-ec3a-4af6-be69-002d35a82d76.jpg',1,0,0,'2024-04-22 14:15:30'),(62951,19,'Thermal_Equipment',1,1,911,1190558,'2024-04-22 14:16:01','8f783981-907f-4e77-a28a-d0bb835e58d0.jpg',1,0,0,'2024-04-22 14:16:01'),(62952,19,'Thermal_Equipment',1,1,911,1190558,'2024-04-22 14:16:07','d1de2d35-0346-4286-8ff1-a1acf234e989.jpg',1,0,0,'2024-04-22 14:16:07'),(62953,19,'Thermal_Equipment',1,1,911,1190558,'2024-04-22 14:17:07','ff3085a9-6399-4831-955c-26d2a5d40a8d.jpg',1,0,0,'2024-04-22 14:17:07'),(62954,19,'Thermal_Equipment',1,1,911,1190558,'2024-04-22 14:17:07','542cc002-d059-4f88-8aa7-1231b8552fe7.jpg',1,0,0,'2024-04-22 14:17:07'),(62955,19,'Thermal_Equipment',1,1,911,1190558,'2024-04-22 14:17:08','984a5475-6c5a-4811-968b-00363a46fcd6.jpg',1,0,0,'2024-04-22 14:17:08'),(62956,19,'Thermal_Equipment',1,1,911,1190558,'2024-04-22 14:17:38','d352fbeb-12f3-4fa2-9546-db8f64a5643b.jpg',1,0,0,'2024-04-22 14:17:38'),(62957,19,'Thermal_Equipment',1,1,911,1190558,'2024-04-22 14:17:38','6fbee9aa-45a6-4da3-b746-85fcc5cd0fb9.jpg',1,0,0,'2024-04-22 14:17:38'),(62958,19,'Thermal_Equipment',1,1,911,1190558,'2024-04-22 14:17:38','81a3c6fd-92e4-4121-80e1-ed0f4abd56ab.jpg',1,0,0,'2024-04-22 14:17:38'),(62959,19,'Thermal_Equipment',1,1,911,1190558,'2024-04-22 14:18:09','43094fdc-ea7c-4ae0-b766-3faa3822c8f0.jpg',1,0,0,'2024-04-22 14:18:09'),(62960,19,'Thermal_Equipment',1,1,911,1190558,'2024-04-22 14:18:09','5fa7a987-5ba8-4cc4-9b28-6f2fd4032f2d.jpg',1,0,0,'2024-04-22 14:18:09'),(62961,19,'Thermal_Equipment',1,1,911,1190558,'2024-04-22 14:18:09','dba93b6b-443c-4902-8aa7-65849ea22535.jpg',1,0,0,'2024-04-22 14:18:09'),(62962,19,'Thermal_Equipment',1,1,911,1190558,'2024-04-22 14:18:35','983ee29a-a782-4476-abe8-f4b9e4fdd37c.jpg',1,0,0,'2024-04-22 14:18:35'),(62963,19,'Thermal_Equipment',1,1,911,1190558,'2024-04-22 14:18:41','cdb2bda5-585b-4bfb-a62a-6b2e8dd1ae78.jpg',1,0,0,'2024-04-22 14:18:41'),(62964,19,'Thermal_Equipment',1,1,911,1190558,'2024-04-22 14:18:47','57c62a33-5b4b-45f4-9626-0b1779368019.jpg',1,0,0,'2024-04-22 14:18:47'),(62965,19,'Thermal_Equipment',1,1,911,1190558,'2024-04-22 14:18:52','8667f923-878a-401a-8b9d-070808118dce.jpg',1,0,0,'2024-04-22 14:18:52'),(62966,19,'Thermal_Equipment',1,1,911,1190558,'2024-04-22 14:18:58','f29b041f-0566-44d2-8fe0-76bd3458dd21.jpg',1,0,0,'2024-04-22 14:18:58'),(62967,19,'Thermal_Equipment',1,1,911,1190558,'2024-04-22 14:22:51','f41f4a8d-790d-4b65-902f-221c6c7d3b3d.jpg',1,0,0,'2024-04-22 14:22:51'),(62968,19,'Thermal_Equipment',1,1,911,1190558,'2024-04-22 14:22:51','ce67e5f6-d700-4139-abe9-d618e5d4f1a0.jpg',1,0,0,'2024-04-22 14:22:51'),(62969,19,'Thermal_Equipment',1,1,911,1190558,'2024-04-22 14:22:54','b4a2ec1a-539a-454b-9c0b-1cd7984ccb8e.jpg',1,0,0,'2024-04-22 14:22:54'),(62970,19,'Thermal_Equipment',1,1,911,1190558,'2024-04-22 14:23:20','0badaaa4-33bf-414a-96c8-114eca00a661.jpg',1,0,0,'2024-04-22 14:23:20'),(62971,19,'Thermal_Equipment',1,1,911,1190558,'2024-04-22 14:23:22','d869ff68-1ffa-4861-b374-f0dbdc483130.jpg',1,0,0,'2024-04-22 14:23:22'),(62972,19,'Thermal_Equipment',1,1,911,1190558,'2024-04-22 14:23:22','9ff22cf1-2d27-4bde-98fd-0bf61ff9f32a.jpg',1,0,0,'2024-04-22 14:23:22'),(62973,19,'Thermal_Equipment',1,1,911,1190558,'2024-04-22 14:23:41','a3058d72-8ed4-46ee-a923-bc538978f343.jpg',1,0,0,'2024-04-22 14:23:41'),(62974,19,'Thermal_Equipment',1,1,911,1190558,'2024-04-22 14:23:42','c7e1965a-69da-4c43-8159-29b6f779341f.jpg',1,0,0,'2024-04-22 14:23:42'),(62975,19,'Thermal_Equipment',1,1,911,1190558,'2024-04-22 14:23:42','e6948065-2368-4f3a-abd8-95f24baa4d88.jpg',1,0,0,'2024-04-22 14:23:42'),(62976,19,'Thermal_Equipment',1,1,911,1190558,'2024-04-22 14:24:22','9e04b0aa-1648-4e87-9ed2-1de2b81db99f.jpg',1,0,0,'2024-04-22 14:24:22'),(62977,19,'Thermal_Equipment',1,1,911,1190558,'2024-04-23 10:37:50','3bfcda92-dff4-491c-9faf-4103e9351a13.jpg',1,0,0,'2024-04-23 10:37:50'),(62978,19,'Thermal_Equipment',1,1,911,1190558,'2024-04-23 10:38:21','d6ca4a51-dcc0-4469-b865-98e322e17bd5.jpg',1,0,0,'2024-04-23 10:38:21'),(62979,19,'Thermal_Equipment',1,1,911,1190558,'2024-04-23 10:38:52','9c5c71d9-886b-4419-b4c1-bbb755e5eb4a.jpg',1,0,0,'2024-04-23 10:38:52'),(62980,19,'Thermal_Equipment',1,1,911,1190558,'2024-04-23 10:42:16','867f373f-e428-47f8-a8ea-30d79b24a212.jpg',1,0,0,'2024-04-23 10:42:16'),(62981,19,'Thermal_Equipment',1,1,911,1190558,'2024-04-23 10:42:52','731458d5-2616-4f86-8d01-10df431f5742.jpg',1,0,0,'2024-04-23 10:42:52'),(62982,19,'Thermal_Equipment',1,1,911,1190558,'2024-04-23 10:43:28','3a6d6134-a3a1-4707-b0b1-f4af6f0744fd.jpg',1,0,0,'2024-04-23 10:43:28'),(62983,19,'Thermal_Equipment',1,1,911,1190558,'2024-04-23 10:43:59','a2e65fb7-0682-475a-bb72-9621a8003dbd.jpg',1,0,0,'2024-04-23 10:43:59'),(62984,19,'Thermal_Equipment',1,1,911,1190558,'2024-04-23 14:15:52','c8a495c3-9ea8-4a72-b0d5-353c24be971b.jpg',1,0,0,'2024-04-23 14:15:52'),(62985,19,'Thermal_Equipment',1,1,911,1190558,'2024-04-23 14:16:23','25ee32ad-925b-485a-9188-cba76be4dcaf.jpg',1,0,0,'2024-04-23 14:16:23'),(62986,19,'Thermal_Equipment',1,1,911,1190558,'2024-04-23 14:16:54','83a3f234-1bdc-4a76-89c1-b279b4e4c269.jpg',1,0,0,'2024-04-23 14:16:54'),(62987,19,'Thermal_Equipment',1,1,911,1190558,'2024-04-24 17:58:20','0c83b1c9-3295-4a1b-981a-34164946d2fe.jpg',1,0,0,'2024-04-24 17:58:20'),(62988,19,'Thermal_Equipment',1,1,911,1190558,'2024-04-24 17:58:56','fb1a66cb-d1a6-4b46-a0dd-631dc35599a6.jpg',1,0,0,'2024-04-24 17:58:56'),(62989,19,'Thermal_Equipment',1,1,911,1190558,'2024-04-24 17:59:26','914740e2-dee8-47c6-9ad1-f2e6748d6d8f.jpg',1,0,0,'2024-04-24 17:59:26'),(62990,19,'Thermal_Equipment',1,1,911,1190558,'2024-04-24 18:00:00','424f6352-e75a-4e29-9fa0-e1904c8d7814.jpg',1,0,0,'2024-04-24 18:00:00'),(62991,19,'Thermal_Equipment',1,1,911,1190558,'2024-04-24 18:22:15','839292fc-c9e5-4985-82d1-8fb21d03a010.jpg',1,0,0,'2024-04-24 18:22:15'),(62992,19,'Thermal_Equipment',1,1,911,1190558,'2024-04-24 18:28:24','2f0eee16-720e-4d38-924d-f9fdaeb080b4.jpg',1,0,0,'2024-04-24 18:28:24'),(62993,19,'Thermal_Equipment',1,1,911,1190558,'2024-04-24 18:28:30','5675bdb8-b7fc-4335-817f-94681792444b.jpg',1,0,0,'2024-04-24 18:28:30'),(62994,19,'Thermal_Equipment',1,1,911,1190558,'2024-04-24 18:45:29','bf8ae029-fd27-45ce-937a-04c26ec17ff4.jpg',1,0,0,'2024-04-24 18:45:29'),(62995,19,'Thermal_Equipment',1,1,911,1190558,'2024-04-24 18:46:00','27f960d0-9f66-4b73-bd22-e97954e3637b.jpg',1,0,0,'2024-04-24 18:46:00'),(62996,19,'Thermal_Equipment',1,1,911,1190558,'2024-04-24 18:46:16','15f4ddc4-9830-4b6a-b85b-71f064f2f5ae.jpg',1,0,0,'2024-04-24 18:46:16'),(62997,19,'Thermal_Equipment',1,1,911,1190558,'2024-04-26 16:47:39','3c97819f-1566-4c6e-a4a6-4d98cc91fca3.jpg',0,0,0,'2024-04-26 16:47:39'),(62998,19,'Thermal_Equipment',1,1,911,1190558,'2024-04-26 17:01:48','07e72236-bf48-415f-8d7a-27e419878811.jpg',0,0,0,'2024-04-26 17:01:48'),(62999,19,'Thermal_Equipment',1,1,911,1190558,'2024-04-26 17:02:19','eb435ead-ec3e-434e-831d-ed6cbbba618f.jpg',0,0,0,'2024-04-26 17:02:19'),(63000,19,'Thermal_Equipment',1,1,911,1190558,'2024-04-26 17:02:45','c0c60bca-4387-4d70-acf8-b13bc90059c4.jpg',0,0,0,'2024-04-26 17:02:45'),(63001,19,'Thermal_Equipment',1,1,911,1190558,'2024-04-29 13:08:50','4e3f1ef3-1067-4924-9a7d-eb78d4d70cec.jpg',0,0,0,'2024-04-29 13:08:50'),(63002,19,'Thermal_Equipment',1,1,911,1190558,'2024-04-29 13:09:57','3e9e2e97-3815-4f2f-aa8a-457bdca51272.jpg',0,0,0,'2024-04-29 13:09:57'),(63003,19,'Thermal_Equipment',1,1,911,1190558,'2024-04-29 13:10:22','a1f5016a-7c78-46cd-af91-80c398440080.jpg',0,0,0,'2024-04-29 13:10:22'),(63004,19,'Thermal_Equipment',1,1,911,1190558,'2024-04-29 14:05:27','3438945c-767e-42ea-b597-302b7f55c503.jpg',0,0,0,'2024-04-29 14:05:27'),(63005,19,'Thermal_Equipment',1,1,911,1190558,'2024-04-29 14:06:08','d3311e16-afd5-47a0-86f4-537828c2c4a2.jpg',0,0,0,'2024-04-29 14:06:08'),(63006,19,'Thermal_Equipment',1,1,911,1190558,'2024-04-29 14:06:38','817dc1b0-2f03-40d0-b1e9-9059872a43c4.jpg',0,0,0,'2024-04-29 14:06:38'),(63007,19,'Thermal_Equipment',1,1,911,1190558,'2024-04-29 14:06:53','8e402166-907c-4d58-83de-e6898a2893c6.jpg',0,0,0,'2024-04-29 14:06:53'),(63008,19,'Thermal_Equipment',1,1,911,1190558,'2024-04-30 10:18:53','97095f7d-6a89-4d36-85b5-d4320829bbb0.jpg',0,0,0,'2024-04-30 10:18:53'),(63009,19,'Thermal_Equipment',1,1,911,1190558,'2024-04-30 10:19:49','0cd5ea52-6fb2-42cb-9792-046987911523.jpg',0,0,0,'2024-04-30 10:19:49'),(63010,19,'Thermal_Equipment',1,1,911,1190558,'2024-04-30 10:20:19','7b659598-8f3c-4741-9d4e-4fcb64cf5ce4.jpg',0,0,0,'2024-04-30 10:20:19'),(63011,19,'Thermal_Equipment',1,1,911,1190558,'2024-04-30 10:20:34','af066d74-3e40-472c-b90d-fdf413c500fe.jpg',0,0,0,'2024-04-30 10:20:34'),(63012,19,'Thermal_Equipment',1,1,911,1190558,'2024-04-30 13:13:31','a4df8860-6f77-4fb4-abcc-9683d0fb0ad8.jpg',0,0,0,'2024-04-30 13:13:31'),(63013,19,'Thermal_Equipment',1,1,911,1190558,'2024-04-30 13:13:57','28bf7ee9-2ea4-421c-8fd6-02b7027e92b8.jpg',0,0,0,'2024-04-30 13:13:57'),(63014,19,'Thermal_Equipment',1,1,911,1190558,'2024-04-30 13:14:23','a42ed3a4-8267-4d7d-9242-96c5efef23a5.jpg',0,0,0,'2024-04-30 13:14:23'),(63015,19,'Thermal_Equipment',1,1,911,1190558,'2024-04-30 14:05:26','f485d003-98ea-4fe0-8ee7-005706569b3c.jpg',0,0,0,'2024-04-30 14:05:26'),(63016,19,'Thermal_Equipment',1,1,911,1190558,'2024-04-30 14:06:07','86dbbfda-d598-4b1f-bc24-580532895f28.jpg',0,0,0,'2024-04-30 14:06:07'),(63017,19,'Thermal_Equipment',1,1,911,1190558,'2024-04-30 14:06:36','d3662565-742e-4b75-81c0-8a9f945af16f.jpg',0,0,0,'2024-04-30 14:06:36'),(63018,19,'Thermal_Equipment',1,1,911,1190558,'2024-04-30 14:06:52','e25b7e8a-5143-46cc-b720-6e6b13327116.jpg',0,0,0,'2024-04-30 14:06:52'),(63019,19,'Thermal_Equipment',1,1,911,1190558,'2024-05-07 11:34:56','7fdb23ab-64c6-4484-a036-f47a72d489da.jpg',0,0,0,'2024-05-07 11:34:56'),(63020,19,'Thermal_Equipment',1,1,911,1190558,'2024-05-07 11:35:31','89ef2f68-3a44-4a07-9c43-a986ee56b2e9.jpg',0,0,0,'2024-05-07 11:35:31'),(63021,19,'Thermal_Equipment',1,1,911,1190558,'2024-05-07 11:36:07','ee7bfcf3-efe5-4197-8abc-ce8d9b2d2a76.jpg',0,0,0,'2024-05-07 11:36:07'),(63022,19,'Thermal_Equipment',1,1,911,1190558,'2024-05-07 11:36:33','8df23bc1-7428-47bb-926f-b3303670c79b.jpg',0,0,0,'2024-05-07 11:36:33'),(63023,19,'Thermal_Equipment',1,1,911,1190558,'2024-05-07 14:15:31','86ee48ec-eac4-4065-937d-193c3f8413ba.jpg',0,0,0,'2024-05-07 14:15:31'),(63024,19,'Thermal_Equipment',1,1,911,1190558,'2024-05-07 14:15:57','03dd7d64-e476-41f8-be86-32b68f6015dd.jpg',0,0,0,'2024-05-07 14:15:57'),(63025,19,'Thermal_Equipment',1,1,911,1190558,'2024-05-07 14:22:22','7efb8a3c-0f2e-4644-85a8-49851a96a4b5.jpg',0,0,0,'2024-05-07 14:22:22'),(63026,19,'Thermal_Equipment',1,1,911,1190558,'2024-05-07 14:22:57','e66061c6-1574-4af9-a513-7408a2d0a33c.jpg',0,0,0,'2024-05-07 14:22:57'),(63027,19,'Thermal_Equipment',1,1,911,1190558,'2024-05-07 14:23:23','025f7000-9e94-4ddd-b07f-7330b5781c04.jpg',0,0,0,'2024-05-07 14:23:23'),(63028,19,'Thermal_Equipment',1,1,911,1190558,'2024-05-07 14:23:59','b93c6c4d-0ee7-4b23-b577-5378e9457e72.jpg',0,0,0,'2024-05-07 14:23:59'),(63029,19,'Thermal_Equipment',1,1,911,1190558,'2024-05-07 15:09:42','8b3ba277-b732-49ab-b811-cb28e3abcf39.jpg',0,0,0,'2024-05-07 15:09:42'),(63030,19,'Thermal_Equipment',1,1,911,1190558,'2024-05-07 15:10:13','232808a8-2079-482d-9922-95897be78d83.jpg',0,0,0,'2024-05-07 15:10:13'),(63031,19,'Thermal_Equipment',1,1,911,1190558,'2024-05-07 15:13:18','af01694d-78d8-4b66-bd20-2dc3459634bd.jpg',0,0,0,'2024-05-07 15:13:18'),(63032,19,'Thermal_Equipment',1,1,911,1190558,'2024-05-07 15:13:59','8800cf22-6d8f-46b1-8bec-35455b4c6486.jpg',0,0,0,'2024-05-07 15:13:59'),(63033,19,'Thermal_Equipment',1,1,911,1190558,'2024-05-07 15:14:25','eeb52ad3-a726-4d23-989b-7fb1fb6bef89.jpg',0,0,0,'2024-05-07 15:14:25'),(63034,19,'Thermal_Equipment',1,1,911,1190558,'2024-05-07 15:30:52','2c9a6a62-6183-4b31-82c0-528919cc5d67.jpg',0,0,0,'2024-05-07 15:30:52'),(63035,19,'Thermal_Equipment',1,1,911,1190558,'2024-05-07 15:34:32','9db7255d-600b-4c5f-a5e4-7e0d805d3386.jpg',0,0,0,'2024-05-07 15:34:32'),(63036,19,'Thermal_Equipment',1,1,911,1190558,'2024-05-07 15:34:33','170bc5f7-6cbb-4d3e-8434-da7fb064bbf7.jpg',0,0,0,'2024-05-07 15:34:33'),(63037,19,'Thermal_Equipment',1,1,911,1190558,'2024-05-07 15:35:03','1063deea-22b2-4eb6-a983-326f6a99bcda.jpg',0,0,0,'2024-05-07 15:35:03'),(63038,19,'Thermal_Equipment',1,1,911,1190558,'2024-05-07 15:35:03','761e57ee-8d09-41d6-abe5-94109c3ec120.jpg',0,0,0,'2024-05-07 15:35:03'),(63039,19,'Thermal_Equipment',1,1,911,1190558,'2024-05-07 15:35:29','ddb32f9b-6c71-4a61-adbe-5b10889a2b99.jpg',0,0,0,'2024-05-07 15:35:29'),(63040,19,'Thermal_Equipment',1,1,911,1190558,'2024-05-07 15:35:29','01e7e86a-0c63-4358-982a-cc4d3526c77e.jpg',0,0,0,'2024-05-07 15:35:29'),(63041,19,'Thermal_Equipment',1,1,911,1190558,'2024-05-07 15:36:00','dc312775-ff76-435a-b586-38037f1412a2.jpg',0,0,0,'2024-05-07 15:36:00'),(63042,19,'Thermal_Equipment',1,1,911,1190558,'2024-05-07 15:36:00','ee70b03e-9460-40f3-8b3f-657e0816f2bc.jpg',0,0,0,'2024-05-07 15:36:00'),(63043,19,'Thermal_Equipment',1,1,911,1190558,'2024-05-07 16:19:05','2e9e03b1-fa8b-4452-adbb-953a7b0fe9e3.jpg',0,0,0,'2024-05-07 16:19:05'),(63044,19,'Thermal_Equipment',1,1,911,1190558,'2024-05-07 16:19:06','0c084226-866e-4a7d-bed9-7a20b60ad8a2.jpg',0,0,0,'2024-05-07 16:19:06'),(63045,19,'Thermal_Equipment',1,1,911,1190558,'2024-05-07 16:19:41','2bca0178-b218-4b61-95ae-aeb7ab42016d.jpg',0,0,0,'2024-05-07 16:19:41'),(63046,19,'Thermal_Equipment',1,1,911,1190558,'2024-05-07 16:19:42','b3e8ae8e-4999-4ddc-ace3-d53bf60a03bc.jpg',0,0,0,'2024-05-07 16:19:42'),(63047,19,'Thermal_Equipment',1,1,911,1190558,'2024-05-07 16:20:08','f662975e-401e-4b4a-a7da-1720017e3986.jpg',0,0,0,'2024-05-07 16:20:08'),(63048,19,'Thermal_Equipment',1,1,911,1190558,'2024-05-07 16:20:12','c0cbf305-2d4c-49d3-b6b4-eefa9133f620.jpg',0,0,0,'2024-05-07 16:20:12'),(63049,19,'Thermal_Equipment',1,1,911,1190558,'2024-05-07 16:20:38','32b0c681-db4a-4ed4-9023-7b4c816ed4f3.jpg',0,0,0,'2024-05-07 16:20:38'),(63050,19,'Thermal_Equipment',1,1,911,1190558,'2024-05-07 16:26:37','2e4e1ea5-3f0b-4281-96a5-b53380437285.jpg',0,0,0,'2024-05-07 16:26:37'),(63051,19,'Thermal_Equipment',1,1,911,1190558,'2024-05-07 16:26:41','2cb46a2b-4e8e-4454-a4e5-ef805a7e9e9c.jpg',0,0,0,'2024-05-07 16:26:41'),(63052,19,'Thermal_Equipment',1,1,911,1190558,'2024-05-07 16:27:12','2a4d4b0e-aba2-4c06-981d-5afb2c057778.jpg',0,0,0,'2024-05-07 16:27:12'),(63053,19,'Thermal_Equipment',1,1,911,1190558,'2024-05-07 16:27:12','c817bbbf-e219-4c25-9a72-e6e5fece8719.jpg',0,0,0,'2024-05-07 16:27:12'),(63054,19,'Thermal_Equipment',1,1,911,1190558,'2024-05-07 16:27:38','047a9e45-f80d-406d-9049-36869e5ec898.jpg',0,0,0,'2024-05-07 16:27:38'),(63055,19,'Thermal_Equipment',1,1,911,1190558,'2024-05-07 16:27:38','df9b895c-b0ff-43c3-9aed-7c3911bfa4d6.jpg',0,0,0,'2024-05-07 16:27:38'),(63056,19,'Thermal_Equipment',1,1,911,1190558,'2024-05-07 16:28:09','f713df53-5260-48cc-bc7f-f0343977fe0f.jpg',0,0,0,'2024-05-07 16:28:09'),(63057,19,'Thermal_Equipment',1,1,911,1190558,'2024-05-07 16:28:14','869d0d91-011e-4efd-aee0-879dbacddac3.jpg',0,0,0,'2024-05-07 16:28:14'),(63058,19,'Thermal_Equipment',1,1,911,1190558,'2024-05-07 19:46:00','815f7251-4ce7-4d39-abfe-fff3b034c50a.jpg',0,0,0,'2024-05-07 19:46:00'),(63059,19,'Thermal_Equipment',1,1,911,1190558,'2024-05-07 19:46:01','369e53d5-6c5b-4155-96ed-c6a483a1e3e2.jpg',0,0,0,'2024-05-07 19:46:01'),(63060,19,'Thermal_Equipment',1,1,911,1190558,'2024-05-07 19:46:36','55a5cdee-8ad4-4762-a085-619cda52f609.jpg',0,0,0,'2024-05-07 19:46:36'),(63061,19,'Thermal_Equipment',1,1,911,1190558,'2024-05-07 19:46:37','6e24d806-7a73-49b1-aec6-f80e4166c6ea.jpg',0,0,0,'2024-05-07 19:46:37'),(63062,19,'Thermal_Equipment',1,1,911,1190558,'2024-05-07 19:49:46','ae05955f-7cc0-442e-bb41-ecde5896cc29.jpg',0,0,0,'2024-05-07 19:49:46'),(63063,19,'Thermal_Equipment',1,1,911,1190558,'2024-05-07 19:49:46','81010fff-df17-421a-8c80-7632de7377b0.jpg',0,0,0,'2024-05-07 19:49:46'),(63064,19,'Thermal_Equipment',1,1,911,1190558,'2024-05-07 19:52:53','9390c453-7e66-47e4-b948-82fc1226b1c5.jpg',0,0,0,'2024-05-07 19:52:53'),(63065,19,'Thermal_Equipment',1,1,911,1190558,'2024-05-07 19:53:29','a5b2481a-1e3b-4a26-a67b-dd956909564d.jpg',0,0,0,'2024-05-07 19:53:29'),(63066,19,'Thermal_Equipment',1,1,911,1190558,'2024-05-07 19:53:55','56c94ace-fc09-41ee-b112-54dde5c24e51.jpg',0,0,0,'2024-05-07 19:53:55'),(63067,19,'Thermal_Equipment',1,1,911,1190558,'2024-05-07 19:54:25','f91b54d9-7dbe-4021-928d-4ab85f2be120.jpg',0,0,0,'2024-05-07 19:54:25'),(63068,19,'Thermal_Equipment',1,1,911,1190558,'2024-05-07 19:56:15','7fdece7d-9c19-4272-b010-c0fac3af4910.jpg',0,0,0,'2024-05-07 19:56:15'),(63069,19,'Thermal_Equipment',1,1,911,1190558,'2024-05-07 19:56:56','8bdc12e1-fca2-41ff-bbd8-646cad4387b0.jpg',0,0,0,'2024-05-07 19:56:56'),(63070,19,'Thermal_Equipment',1,1,911,1190558,'2024-05-07 19:57:22','9c6c99de-1912-4a8a-a194-7b39e05ec8ce.jpg',0,0,0,'2024-05-07 19:57:22'),(63071,19,'Thermal_Equipment',1,1,911,1190558,'2024-05-07 19:57:38','7eaa0cb1-374f-4fea-9a58-7ea8122a6394.jpg',0,0,0,'2024-05-07 19:57:38'),(63072,19,'Thermal_Equipment',1,1,911,1190558,'2024-05-08 10:00:11','3bda3c03-5419-4732-8444-56877bb55f07.jpg',0,0,0,'2024-05-08 10:00:11'),(63073,19,'Thermal_Equipment',1,1,911,1190558,'2024-05-08 10:00:42','5b6d6b4c-7cb2-4485-8723-ab4a0d087af8.jpg',0,0,0,'2024-05-08 10:00:42'),(63074,19,'Thermal_Equipment',1,1,911,1190558,'2024-05-08 10:00:42','05b094c6-2989-4467-8a80-4750191e5858.jpg',0,0,0,'2024-05-08 10:00:42'),(63075,19,'Thermal_Equipment',1,1,911,1190558,'2024-05-08 10:00:57','b56865f9-3c99-410d-bd89-ab0354b7d348.jpg',0,0,0,'2024-05-08 10:00:57'),(63076,19,'Thermal_Equipment',1,1,911,1190558,'2024-05-08 10:00:58','c3ad447a-12f3-4dfd-8bb3-10f393ee739c.jpg',0,0,0,'2024-05-08 10:00:58'),(63077,19,'Thermal_Equipment',1,1,911,1190558,'2024-05-08 14:05:31','2e3c7238-552f-46ec-bd44-65353793bfc4.jpg',0,0,0,'2024-05-08 14:05:31'),(63078,19,'Thermal_Equipment',1,1,911,1190558,'2024-05-08 14:06:12','653b0b01-1f30-402d-8d9b-c953acd3b762.jpg',0,0,0,'2024-05-08 14:06:12'),(63079,19,'Thermal_Equipment',1,1,911,1190558,'2024-05-08 14:17:31','ac0e154f-a2ae-468c-93bc-dcfa67c64faf.jpg',0,0,0,'2024-05-08 14:17:31'),(63080,19,'Thermal_Equipment',1,1,911,1190558,'2024-05-08 14:17:57','b21ea008-c464-4782-b33b-f1e541f7b7b2.jpg',0,0,0,'2024-05-08 14:17:57'),(63081,19,'Thermal_Equipment',1,1,911,1190558,'2024-05-08 14:18:01','02564a7d-b001-4823-b1df-c78e29fc79cd.jpg',0,0,0,'2024-05-08 14:18:01'),(63082,19,'Thermal_Equipment',1,1,911,1190558,'2024-05-08 14:18:27','e47c0fdd-d778-41ec-835d-7249d75ed120.jpg',0,0,0,'2024-05-08 14:18:27'),(63083,19,'Thermal_Equipment',1,1,911,1190558,'2024-05-08 14:18:27','b9f4e58a-b1e2-4bda-8d82-b7290b641897.jpg',0,0,0,'2024-05-08 14:18:27'),(63084,19,'Thermal_Equipment',1,1,911,1190558,'2024-05-08 14:18:27','08b2bf59-f213-42d1-85cd-273245ff4227.jpg',0,0,0,'2024-05-08 14:18:27'),(63085,19,'Thermal_Equipment',1,1,911,1190558,'2024-05-08 14:18:28','e3a9c02c-7781-4267-b93a-fac11c9580c0.jpg',0,0,0,'2024-05-08 14:18:28'),(63086,19,'Thermal_Equipment',1,1,911,1190558,'2024-05-08 14:18:53','6401ba4c-a090-4d66-934e-9e9cf2c0d473.jpg',0,0,0,'2024-05-08 14:18:53'),(63087,19,'Thermal_Equipment',1,1,911,1190558,'2024-05-08 14:18:54','fda1f699-e8b1-43f9-b1c7-586790f589d9.jpg',0,0,0,'2024-05-08 14:18:54'),(63088,19,'Thermal_Equipment',1,1,911,1190558,'2024-05-08 14:24:40','4ddf1c5b-142f-47a8-b95b-48a2bf18d748.jpg',0,0,0,'2024-05-08 14:24:40'),(63089,19,'Thermal_Equipment',1,1,911,1190558,'2024-05-08 14:24:41','ba935fe0-9742-4451-bae4-4e7de0972c42.jpg',0,0,0,'2024-05-08 14:24:41'),(63090,19,'Thermal_Equipment',1,1,911,1190558,'2024-05-08 14:25:07','12f91bd0-3163-4654-8396-226c3c3502d0.jpg',0,0,0,'2024-05-08 14:25:07'),(63091,19,'Thermal_Equipment',1,1,911,1190558,'2024-05-08 14:25:10','5f16ba88-81c8-4be5-b8a5-c8be7706a708.jpg',0,0,0,'2024-05-08 14:25:10'),(63092,19,'Thermal_Equipment',1,1,911,1190558,'2024-05-08 14:25:10','eefb388e-4fe3-4a1f-b23c-4da1f6a807c8.jpg',0,0,0,'2024-05-08 14:25:10'),(63093,19,'Thermal_Equipment',1,1,911,1190558,'2024-05-08 14:25:11','cd20bfb3-4c90-446a-a8a0-f75922aae349.jpg',0,0,0,'2024-05-08 14:25:11'),(63094,19,'Thermal_Equipment',1,1,911,1190558,'2024-05-08 14:25:36','805e8c57-67ba-4c88-845c-8d31e6dca5a9.jpg',0,0,0,'2024-05-08 14:25:36'),(63095,19,'Thermal_Equipment',1,1,911,1190558,'2024-05-08 14:25:37','37341b37-b858-4d65-a5fc-46f47f4752a3.jpg',0,0,0,'2024-05-08 14:25:37'),(63096,19,'Thermal_Equipment',1,1,911,1190558,'2024-05-08 14:26:02','d09845e9-3d0c-4f60-a1e9-08da4cc0a95f.jpg',0,0,0,'2024-05-08 14:26:02'),(63097,19,'Thermal_Equipment',1,1,911,1190558,'2024-05-08 14:26:03','46a07ebb-207e-470c-bf1a-defcf73fe016.jpg',0,0,0,'2024-05-08 14:26:03'),(63098,19,'Thermal_Equipment',1,1,911,1190558,'2024-05-08 14:33:50','8eb0e412-1cb5-4173-9dbe-5621580721a2.jpg',0,0,0,'2024-05-08 14:33:50'),(63099,19,'Thermal_Equipment',1,1,911,1190558,'2024-05-08 14:33:52','1d67129e-154d-40da-b6bf-44c2539e1ee6.jpg',0,0,0,'2024-05-08 14:33:52'),(63100,19,'Thermal_Equipment',1,1,911,1190558,'2024-05-08 14:45:58','269fdf6f-3403-4e0d-a1d9-74850af0b0d9.jpg',0,0,0,'2024-05-08 14:45:58'),(63101,19,'Thermal_Equipment',1,1,911,1190558,'2024-05-08 14:46:24','c4d9f76f-d390-4c41-b0e2-2210965c6a93.jpg',0,0,0,'2024-05-08 14:46:24'),(63102,19,'Thermal_Equipment',1,1,911,1190558,'2024-05-08 14:46:26','9b85c211-ed19-4960-a501-8070469599e5.jpg',0,0,0,'2024-05-08 14:46:26'),(63103,19,'Thermal_Equipment',1,1,911,1190558,'2024-05-08 14:47:00','39392597-0816-402c-be3c-8a6272d3e8c4.jpg',0,0,0,'2024-05-08 14:47:00'),(63104,19,'Thermal_Equipment',1,1,911,1190558,'2024-05-08 14:47:02','285987c2-5409-4a03-9c5c-336da28d9d7a.jpg',0,0,0,'2024-05-08 14:47:02'),(63105,19,'Thermal_Equipment',1,1,911,1190558,'2024-05-08 14:55:32','e882059c-10eb-421e-94f2-7eb8cc175983.jpg',0,0,0,'2024-05-08 14:55:32'),(63106,19,'Thermal_Equipment',1,1,911,1190558,'2024-05-08 14:55:32','c18bee01-3ef8-42b0-9740-e4c5213791da.jpg',0,0,0,'2024-05-08 14:55:32'),(63107,19,'Thermal_Equipment',1,1,911,1190558,'2024-05-08 14:55:34','62553537-ade9-43ba-a0f7-3d9bf9490455.jpg',0,0,0,'2024-05-08 14:55:34'),(63108,19,'Thermal_Equipment',1,1,911,1190558,'2024-05-08 14:55:52','e4c3d262-e846-4382-ac58-f5cf93794fe6.jpg',0,0,0,'2024-05-08 14:55:52'),(63109,19,'Thermal_Equipment',1,1,911,1190558,'2024-05-08 14:55:52','94338867-6f0d-484f-a904-b224013b064c.jpg',0,0,0,'2024-05-08 14:55:52'),(63110,19,'Thermal_Equipment',1,1,911,1190558,'2024-05-08 14:55:57','a77848ab-7f6f-4072-b452-3d2f665a59bb.jpg',0,0,0,'2024-05-08 14:55:57'),(63111,19,'Thermal_Equipment',1,1,911,1190558,'2024-05-08 14:56:28','cc3d44d3-de6d-4262-a2fa-122f58f8da1a.jpg',0,0,0,'2024-05-08 14:56:28'),(63112,19,'Thermal_Equipment',1,1,911,1190558,'2024-05-08 14:56:28','324366a9-b2f8-4040-a7d2-43ae06d58bc7.jpg',0,0,0,'2024-05-08 14:56:28'),(63113,19,'Thermal_Equipment',1,1,911,1190558,'2024-05-08 14:56:29','48ec8451-c361-4b9b-8dd8-5c7da852f1ff.jpg',0,0,0,'2024-05-08 14:56:29'),(63114,19,'Thermal_Equipment',1,1,911,1190558,'2024-05-08 14:56:54','714c02c7-249c-48c2-a2b1-2394ed757e70.jpg',0,0,0,'2024-05-08 14:56:54'),(63115,19,'Thermal_Equipment',1,1,911,1190558,'2024-05-08 14:56:54','726cf993-752e-4505-adc1-db28a14ff6c4.jpg',0,0,0,'2024-05-08 14:56:54'),(63116,19,'Thermal_Equipment',1,1,911,1190558,'2024-05-08 14:56:57','d30beb35-7642-4ca6-8bf6-6eb88ae89ce7.jpg',0,0,0,'2024-05-08 14:56:57'),(63117,19,'Thermal_Equipment',1,1,911,1190558,'2024-05-08 15:05:28','1dc5dc6e-4235-4fcd-8c3d-782b11f30e58.jpg',0,0,0,'2024-05-08 15:05:28'),(63118,19,'Thermal_Equipment',1,1,911,1190558,'2024-05-08 15:07:52','cd088ac6-6aa2-42a0-97c3-1f8457ca4483.jpg',0,0,0,'2024-05-08 15:07:52'),(63119,19,'Thermal_Equipment',1,1,911,1190558,'2024-05-08 15:07:52','1d970b32-8eb7-4c78-8a53-30fe3c716583.jpg',0,0,0,'2024-05-08 15:07:52'),(63120,19,'Thermal_Equipment',1,1,911,1190558,'2024-05-08 15:08:32','53256ed1-4351-4c9a-b513-1db7497eae2e.jpg',0,0,0,'2024-05-08 15:08:32'),(63121,19,'Thermal_Equipment',1,1,911,1190558,'2024-05-08 15:08:33','bcd3a412-fa8a-4265-87f0-2fa073b80be2.jpg',0,0,0,'2024-05-08 15:08:33'),(63122,19,'Thermal_Equipment',1,1,911,1190558,'2024-05-08 15:08:33','493953bc-cd35-40ab-aaa6-072892807d5c.jpg',0,0,0,'2024-05-08 15:08:33'),(63123,19,'Thermal_Equipment',1,1,911,1190558,'2024-05-08 15:08:59','33ed0aa5-67c8-4e0d-aeb7-e32606e79d3f.jpg',0,0,0,'2024-05-08 15:08:59'),(63124,19,'Thermal_Equipment',1,1,911,1190558,'2024-05-08 15:08:59','e43f05ff-d51d-4212-96d8-72eb592e02e1.jpg',0,0,0,'2024-05-08 15:08:59'),(63125,19,'Thermal_Equipment',1,1,911,1190558,'2024-05-08 15:09:00','f9f405cb-c1a1-47b2-ac50-793547899e65.jpg',0,0,0,'2024-05-08 15:09:00'),(63126,19,'Thermal_Equipment',1,1,911,1190558,'2024-05-08 15:11:38','eb655ae1-bd62-4b1b-8e2e-b0fc1dfe864d.jpg',0,0,0,'2024-05-08 15:11:38'),(63127,19,'Thermal_Equipment',1,1,911,1190558,'2024-05-08 15:12:11','3f57abd8-3995-4120-9af6-4f53a1afd6a6.jpg',0,0,0,'2024-05-08 15:12:11'),(63128,19,'Thermal_Equipment',1,1,911,1190558,'2024-05-08 15:12:44','20464301-77c0-45ac-99ad-706dc0011669.jpg',0,0,0,'2024-05-08 15:12:44'),(63129,19,'Thermal_Equipment',1,1,911,1190558,'2024-05-08 15:13:11','3fa4c72d-5cb2-4235-9aa7-b47c795dffd6.jpg',0,0,0,'2024-05-08 15:13:11'),(63130,19,'Thermal_Equipment',1,1,911,1190558,'2024-05-08 15:20:29','1e74ac49-7183-45bd-a661-2b35cc988389.jpg',0,0,0,'2024-05-08 15:20:29'),(63131,19,'Thermal_Equipment',1,1,911,1190558,'2024-05-08 15:20:31','bba38951-c38c-40f9-aee3-a71da93f40b5.jpg',0,0,0,'2024-05-08 15:20:31'),(63132,19,'Thermal_Equipment',1,1,911,1190558,'2024-05-08 15:20:32','fd51b559-fe8d-459a-b393-a066da8fab53.jpg',0,0,0,'2024-05-08 15:20:32'),(63133,19,'Thermal_Equipment',1,1,911,1190558,'2024-05-08 15:20:57','7f3e3c83-9da8-484e-98f7-9d1f96395c06.jpg',0,0,0,'2024-05-08 15:20:57'),(63134,19,'Thermal_Equipment',1,1,911,1190558,'2024-05-08 15:20:57','66c58f0a-fe75-4c95-a446-875cbc0297d5.jpg',0,0,0,'2024-05-08 15:20:57'),(63135,19,'Thermal_Equipment',1,1,911,1190558,'2024-05-08 15:20:58','ddbd655d-c973-4c86-b197-243cbb8b67c4.jpg',0,0,0,'2024-05-08 15:20:58'),(63136,19,'Thermal_Equipment',1,1,911,1190558,'2024-05-08 15:21:33','90354335-6d7f-4b2d-8e85-7310d4aa6eeb.jpg',0,0,0,'2024-05-08 15:21:33'),(63137,19,'Thermal_Equipment',1,1,911,1190558,'2024-05-08 15:21:34','919e2474-ca72-440d-bf45-492bc1301530.jpg',0,0,0,'2024-05-08 15:21:34'),(63138,19,'Thermal_Equipment',1,1,911,1190558,'2024-05-08 15:21:34','d0d3ced8-980c-47e6-8a71-07ec52207532.jpg',0,0,0,'2024-05-08 15:21:34'),(63139,19,'Thermal_Equipment',1,1,911,1190558,'2024-05-08 15:21:57','747d9db8-f869-444a-88ad-95d45ebf9cf7.jpg',0,0,0,'2024-05-08 15:21:57'),(63140,19,'Thermal_Equipment',1,1,911,1190558,'2024-05-08 15:21:58','103e41e2-96e5-443f-9fa6-e81dcacafe4f.jpg',0,0,0,'2024-05-08 15:21:58'),(63141,19,'Thermal_Equipment',1,1,911,1190558,'2024-05-08 15:22:00','6e58c707-9260-4316-a870-1b9b12bdc0ce.jpg',0,0,0,'2024-05-08 15:22:00'),(63142,19,'Thermal_Equipment',1,1,911,1190558,'2024-05-08 15:25:23','f615035c-a77f-4bf0-ae48-a41f79cc85ca.jpg',0,0,0,'2024-05-08 15:25:23'),(63143,19,'Thermal_Equipment',1,1,911,1190558,'2024-05-08 15:25:25','7292adcd-465e-4103-a5c4-e41b30ca22e3.jpg',0,0,0,'2024-05-08 15:25:25'),(63144,19,'Thermal_Equipment',1,1,911,1190558,'2024-05-08 15:25:27','071663f7-fd79-46fd-a298-732626bd9958.jpg',0,0,0,'2024-05-08 15:25:27'),(63145,19,'Thermal_Equipment',1,1,911,1190558,'2024-05-08 15:25:50','be651c0e-4269-40dd-940d-c0954b82ce14.jpg',0,0,0,'2024-05-08 15:25:50'),(63146,19,'Thermal_Equipment',1,1,911,1190558,'2024-05-08 15:25:51','cf1b975f-9e86-471a-97f8-5f2f892edea5.jpg',0,0,0,'2024-05-08 15:25:51'),(63147,19,'Thermal_Equipment',1,1,911,1190558,'2024-05-08 15:25:52','47f0d4fc-41c2-4d70-b4cc-051bb48beec5.jpg',0,0,0,'2024-05-08 15:25:52'),(63148,19,'Thermal_Equipment',1,1,911,1190558,'2024-05-08 15:26:26','462709f8-4550-42d7-97d4-87acc99bfb19.jpg',0,0,0,'2024-05-08 15:26:26'),(63149,19,'Thermal_Equipment',1,1,911,1190558,'2024-05-08 15:26:28','f154faac-b320-4b51-887a-69270e34e724.jpg',0,0,0,'2024-05-08 15:26:28'),(63150,19,'Thermal_Equipment',1,1,911,1190558,'2024-05-08 15:26:29','93cceb01-d4dc-492b-9cd3-2c486f14c17f.jpg',0,0,0,'2024-05-08 15:26:29'),(63151,19,'Thermal_Equipment',1,1,911,1190558,'2024-05-08 15:38:31','803d3c5c-9e94-4ec0-a212-d2cf226ec9a6.jpg',0,0,0,'2024-05-08 15:38:31'),(63152,19,'Thermal_Equipment',1,1,911,1190558,'2024-05-08 15:38:31','c36348a3-3009-4875-ac16-691190cc416a.jpg',0,0,0,'2024-05-08 15:38:31'),(63153,19,'Thermal_Equipment',1,1,911,1190558,'2024-05-08 15:38:33','48ef077e-e8d7-4600-991f-7b2065cf6e37.jpg',0,0,0,'2024-05-08 15:38:33'),(63154,19,'Thermal_Equipment',1,1,911,1190558,'2024-05-08 15:41:46','73bec18f-e12d-496c-9dd1-98a2f6969ace.jpg',0,0,0,'2024-05-08 15:41:46'),(63155,19,'Thermal_Equipment',1,1,911,1190558,'2024-05-08 15:41:46','d9376c9c-fb90-4adf-8cd8-c09cc27a1504.jpg',0,0,0,'2024-05-08 15:41:46'),(63156,19,'Thermal_Equipment',1,1,911,1190558,'2024-05-08 15:41:47','b9eda3df-f61f-484a-bae7-b24762959933.jpg',0,0,0,'2024-05-08 15:41:47'),(63157,19,'Thermal_Equipment',1,1,911,1190558,'2024-05-08 15:42:12','0a210867-1855-4eb7-ba1e-4beebb4f6aeb.jpg',0,0,0,'2024-05-08 15:42:12'),(63158,19,'Thermal_Equipment',1,1,911,1190558,'2024-05-08 15:42:12','c3511cd3-5114-485c-9577-88cde818a3e0.jpg',0,0,0,'2024-05-08 15:42:12'),(63159,19,'Thermal_Equipment',1,1,911,1190558,'2024-05-08 15:42:15','de5b5877-0b75-4ede-9a0b-807314614922.jpg',0,0,0,'2024-05-08 15:42:15'),(63160,19,'Thermal_Equipment',1,1,911,1190558,'2024-05-08 15:44:53','ca678ee8-80f0-47eb-957f-7511c429fbec.jpg',0,0,0,'2024-05-08 15:44:53'),(63161,19,'Thermal_Equipment',1,1,911,1190558,'2024-05-08 15:45:31','2d9e3adf-c3d2-4f41-801b-6de52d659d52.jpg',0,0,0,'2024-05-08 15:45:31'),(63162,19,'Thermal_Equipment',1,1,911,1190558,'2024-05-08 15:46:19','0be202dd-49c8-483c-890e-bb0f7b5e0999.jpg',0,0,0,'2024-05-08 15:46:19'),(63163,19,'Thermal_Equipment',1,1,911,1190558,'2024-05-08 15:46:47','9e432836-4317-48b8-8e21-85f861e8c72b.jpg',0,0,0,'2024-05-08 15:46:47'),(63164,19,'Thermal_Equipment',1,1,911,1190558,'2024-05-08 16:35:11','e680c676-4c9a-4728-82b7-edfe42f34a57.jpg',0,0,0,'2024-05-08 16:35:11'),(63165,19,'Thermal_Equipment',1,1,911,1190558,'2024-05-08 16:35:43','9683b099-af39-4ab6-87e3-5d0e2c5a155a.jpg',0,0,0,'2024-05-08 16:35:43'),(63166,19,'Thermal_Equipment',1,1,911,1190558,'2024-05-08 16:38:54','db51cf39-a60e-4f1c-9f61-5f0dcd57e9b5.jpg',0,0,0,'2024-05-08 16:38:54'),(63167,19,'Thermal_Equipment',1,1,911,1190558,'2024-05-08 16:39:22','7ed9d3c4-2662-48bb-86f1-c42710c2be7c.jpg',0,0,0,'2024-05-08 16:39:22'),(63168,19,'Thermal_Equipment',1,1,911,1190558,'2024-05-08 16:40:00','a3d51dba-8426-4142-af27-723d4b1c4780.jpg',0,0,0,'2024-05-08 16:40:00'),(63169,19,'Thermal_Equipment',1,1,911,1190558,'2024-05-08 16:50:28','428f60e4-b358-4162-928c-ae2f07cd8907.jpg',0,0,0,'2024-05-08 16:50:28'),(63170,19,'Thermal_Equipment',1,1,911,1190558,'2024-05-08 16:50:56','f4740295-ef64-41ad-814a-0a7e82d6502e.jpg',0,0,0,'2024-05-08 16:50:56'),(63171,19,'Thermal_Equipment',1,1,911,1190558,'2024-05-08 16:51:29','ea825b48-b575-40bf-92ff-7ebc5ac3b591.jpg',0,0,0,'2024-05-08 16:51:29'),(63172,19,'Thermal_Equipment',1,1,911,1190558,'2024-05-08 16:51:57','5c8d4ccf-7b57-425a-bfd5-f5b13cc60d2b.jpg',0,0,0,'2024-05-08 16:51:57'),(63173,19,'Thermal_Equipment',1,1,911,1190558,'2024-05-08 16:57:28','3948987e-707f-40bb-81f6-ecc714a4b596.jpg',0,0,0,'2024-05-08 16:57:28'),(63174,19,'Thermal_Equipment',1,1,911,1190558,'2024-05-08 16:57:56','f045a6a9-3f08-413f-ad50-a032cfa4ef8e.jpg',0,0,0,'2024-05-08 16:57:56'),(63175,19,'Thermal_Equipment',1,1,911,1190558,'2024-05-08 16:59:09','e1cb9bc2-87e9-450e-8d2d-df0a4916b238.jpg',0,0,0,'2024-05-08 16:59:09'),(63176,19,'Thermal_Equipment',1,1,911,1190558,'2024-05-08 17:00:00','e4907f13-ec3a-4cfe-981e-43ed539051f2.jpg',0,0,0,'2024-05-08 17:00:00'),(63177,19,'Thermal_Equipment',1,1,911,1190558,'2024-05-08 17:50:28','76ad6060-e1ad-482d-838e-1c930441d0c6.jpg',0,0,0,'2024-05-08 17:50:28'),(63178,19,'Thermal_Equipment',1,1,911,1190558,'2024-05-08 17:53:33','179a0906-12c6-4ecc-bf0c-4298a7760523.jpg',0,0,0,'2024-05-08 17:53:33'),(63179,19,'Thermal_Equipment',1,1,911,1190558,'2024-05-08 17:54:00','3be3d639-71fb-4994-b556-494f08a1cda4.jpg',0,0,0,'2024-05-08 17:54:00'),(63180,19,'Thermal_Equipment',1,1,911,1190558,'2024-05-08 18:04:33','9e2bdf1c-1780-435d-aff2-76051e001d55.jpg',0,0,0,'2024-05-08 18:04:33'),(63181,19,'Thermal_Equipment',1,1,911,1190558,'2024-05-08 18:04:56','18a8f7b7-25a2-455e-be14-47a2655d24dc.jpg',0,0,0,'2024-05-08 18:04:56'),(63182,19,'Thermal_Equipment',1,1,911,1190558,'2024-05-08 18:05:24','9b3ca7e4-f8fc-4b00-bdc1-58d6c9d5ce12.jpg',0,0,0,'2024-05-08 18:05:24'),(63183,19,'Thermal_Equipment',1,1,911,1190558,'2024-05-08 18:05:52','370255e1-c9b8-432c-ac0c-6d0d80689de7.jpg',0,0,0,'2024-05-08 18:05:52'),(63184,19,'Thermal_Equipment',1,1,911,1190558,'2024-05-08 18:25:48','5f3d8a3f-db7d-4e3e-b57b-50c168abac25.jpg',0,0,0,'2024-05-08 18:25:48'),(63185,19,'Thermal_Equipment',1,1,911,1190558,'2024-05-08 18:26:16','041d0101-eb96-4eab-b131-696b498f1373.jpg',0,0,0,'2024-05-08 18:26:16'),(63186,19,'Thermal_Equipment',1,1,911,1190558,'2024-05-08 18:32:47','f335c3d8-5334-48ef-a7b3-e4e6c3bffb2e.jpg',0,0,0,'2024-05-08 18:32:47'),(63187,19,'Thermal_Equipment',1,1,911,1190558,'2024-05-08 18:33:10','40334905-0fe5-4194-9441-a9a4b76ac9d8.jpg',0,0,0,'2024-05-08 18:33:10'),(63188,19,'Thermal_Equipment',1,1,911,1190558,'2024-05-08 18:33:38','2264e24d-6e9e-484f-9ff1-f609efdd4ac0.jpg',0,0,0,'2024-05-08 18:33:38'),(63189,19,'Thermal_Equipment',1,1,911,1190558,'2024-05-08 18:34:06','66d65b81-6c69-4f9c-96c6-57b69c21cca2.jpg',0,0,0,'2024-05-08 18:34:06'),(63190,19,'Thermal_Equipment',1,1,911,1190558,'2024-05-08 18:45:33','605acb9d-f924-4a48-a80a-0ca28a0470d6.jpg',0,0,0,'2024-05-08 18:45:33'),(63191,19,'Thermal_Equipment',1,1,911,1190558,'2024-05-08 18:45:56','0263c91a-f94e-4efa-a80f-76dfd56e3890.jpg',0,0,0,'2024-05-08 18:45:56'),(63192,19,'Thermal_Equipment',1,1,911,1190558,'2024-05-08 18:46:24','0dbf2b63-f6e9-4a07-816a-ae0018e32e51.jpg',0,0,0,'2024-05-08 18:46:24'),(63193,19,'Thermal_Equipment',1,1,911,1190558,'2024-05-08 18:46:51','eccf0d1f-d6b5-4fb5-966e-fd2342a4250c.jpg',0,0,0,'2024-05-08 18:46:51'),(63194,19,'Thermal_Equipment',1,1,911,1190558,'2024-05-08 18:49:30','cd9d4eaa-5688-4aa2-b5d7-8defdf6a05cd.jpg',0,0,0,'2024-05-08 18:49:30'),(63195,19,'Thermal_Equipment',1,1,911,1190558,'2024-05-08 18:49:58','58992071-7124-43e6-b993-dc2323e92b60.jpg',0,0,0,'2024-05-08 18:49:58'),(63196,19,'Thermal_Equipment',1,1,911,1190558,'2024-05-08 18:50:26','828f241c-0f64-4b2f-86a8-30d2e9f3a5e1.jpg',0,0,0,'2024-05-08 18:50:26'),(63197,19,'Thermal_Equipment',1,1,911,1190558,'2024-05-08 18:50:53','2451cf4c-d513-4643-86b2-8a04c4bd2d26.jpg',0,0,0,'2024-05-08 18:50:53'),(63198,19,'Thermal_Equipment',1,1,911,1190558,'2024-05-08 19:34:37','4e6d5eb6-b9b7-473a-a88f-361f755b68aa.jpg',0,0,0,'2024-05-08 19:34:37'),(63199,19,'Thermal_Equipment',1,1,911,1190558,'2024-05-08 19:35:05','ff821988-1452-4bd8-9482-9856306c13c1.jpg',0,0,0,'2024-05-08 19:35:05'),(63200,19,'Thermal_Equipment',1,1,911,1190558,'2024-05-08 19:40:30','c97f8e15-7631-49f4-81f7-163afa7660b0.jpg',0,0,0,'2024-05-08 19:40:30'),(63201,19,'Thermal_Equipment',1,1,911,1190558,'2024-05-08 19:40:53','cac0937f-8f9d-4fcf-985e-8cc94fa30ebd.jpg',0,0,0,'2024-05-08 19:40:53'),(63202,19,'Thermal_Equipment',1,1,911,1190558,'2024-05-08 19:41:21','b78c6bdb-53b0-49d9-8970-6815fd58c777.jpg',0,0,0,'2024-05-08 19:41:21'),(63203,19,'Thermal_Equipment',1,1,911,1190558,'2024-05-08 19:41:49','6afc17f1-48bd-432d-9df7-df4056295b1f.jpg',0,0,0,'2024-05-08 19:41:49'),(63204,19,'Thermal_Equipment',1,1,911,1190558,'2024-05-08 19:49:33','8b938fbe-73a4-4114-af13-a703a9e5c3e9.jpg',0,0,0,'2024-05-08 19:49:33'),(63205,19,'Thermal_Equipment',1,1,911,1190558,'2024-05-08 19:49:56','ede475da-520c-4262-8fcb-957b2a41b66c.jpg',0,0,0,'2024-05-08 19:49:56'),(63206,19,'Thermal_Equipment',1,1,911,1190558,'2024-05-08 19:50:24','efe3850f-deb6-4634-a3b9-542819c5fb88.jpg',0,0,0,'2024-05-08 19:50:24'),(63207,19,'Thermal_Equipment',1,1,911,1190558,'2024-05-08 19:50:52','bf7d1624-22e4-42a2-8958-58177a4fd689.jpg',0,0,0,'2024-05-08 19:50:52'),(63208,19,'Thermal_Equipment',1,1,911,1190558,'2024-05-08 19:56:39','e5b50d7d-2aed-420c-be30-05bea9bc7947.jpg',0,0,0,'2024-05-08 19:56:39'),(63209,19,'Thermal_Equipment',1,1,911,1190558,'2024-05-08 19:57:01','dc377dca-fba9-4585-a8d8-e335ef820e40.jpg',0,0,0,'2024-05-08 19:57:01'),(63210,19,'Thermal_Equipment',1,1,911,1190558,'2024-05-08 19:57:29','7043cea8-862f-4a31-ba72-4d6f691af60b.jpg',0,0,0,'2024-05-08 19:57:29'),(63211,19,'Thermal_Equipment',1,1,911,1190558,'2024-05-08 19:57:57','1e3c6ce5-0f82-4a3e-973d-4f766a094105.jpg',0,0,0,'2024-05-08 19:57:57'),(63212,19,'Thermal_Equipment',1,1,911,1190558,'2024-05-08 20:02:33','af4923c1-6419-4b2a-8d36-e6302ee9c9a2.jpg',0,0,0,'2024-05-08 20:02:33'),(63213,19,'Thermal_Equipment',1,1,911,1190558,'2024-05-08 20:02:56','8d7fd001-7326-4541-b442-bc286ec44d4a.jpg',0,0,0,'2024-05-08 20:02:56'),(63214,19,'Thermal_Equipment',1,1,911,1190558,'2024-05-08 20:03:24','ee5cddf4-c1cc-4705-b3b8-e0206531850b.jpg',0,0,0,'2024-05-08 20:03:24'),(63215,19,'Thermal_Equipment',1,1,911,1190558,'2024-05-09 10:25:33','1699805f-ecd4-4670-814b-624779efa439.jpg',0,0,0,'2024-05-09 10:25:33'),(63216,19,'Thermal_Equipment',1,1,911,1190558,'2024-05-09 10:25:56','8f079c6e-8e90-4f14-ad2f-61c1efbd28c9.jpg',0,0,0,'2024-05-09 10:25:56'),(63217,19,'Thermal_Equipment',1,1,911,1190558,'2024-05-09 10:29:07','751adfde-9d51-4061-a0cf-91478455eea8.jpg',0,0,0,'2024-05-09 10:29:07'),(63218,19,'Thermal_Equipment',1,1,911,1190558,'2024-05-09 10:36:43','82c7a9c9-0a1a-4bf9-97e2-99707c5da789.jpg',0,0,0,'2024-05-09 10:36:43'),(63219,19,'Thermal_Equipment',1,1,911,1190558,'2024-05-09 10:37:06','be87f078-7610-453d-9b4e-25f29212ee34.jpg',0,0,0,'2024-05-09 10:37:06'),(63220,19,'Thermal_Equipment',1,1,911,1190558,'2024-05-09 10:37:38','8f35ff96-0286-4c8c-8b44-e7cfbacfbddd.jpg',0,0,0,'2024-05-09 10:37:38'),(63221,19,'Thermal_Equipment',1,1,911,1190558,'2024-05-09 10:38:06','290d70c4-646a-4027-b67a-ccb273d417e9.jpg',0,0,0,'2024-05-09 10:38:06'),(63222,19,'Thermal_Equipment',1,1,911,1190558,'2024-05-09 10:46:29','4a0a4707-11ec-4109-997f-04324feb2cfa.jpg',0,0,0,'2024-05-09 10:46:29'),(63223,19,'Thermal_Equipment',1,1,911,1190558,'2024-05-09 10:50:19','bb2a472c-5402-4720-b879-4de886a320bc.jpg',0,0,0,'2024-05-09 10:50:19'),(63224,19,'Thermal_Equipment',1,1,911,1190558,'2024-05-09 10:57:29','5710f63c-94bc-4923-87e0-eb1df236787d.jpg',0,0,0,'2024-05-09 10:57:29'),(63225,19,'Thermal_Equipment',1,1,911,1190558,'2024-05-09 10:58:12','422a86e4-9f91-434c-9a4c-24b1526fd05b.jpg',0,0,0,'2024-05-09 10:58:12'),(63226,19,'Thermal_Equipment',1,1,911,1190558,'2024-05-09 10:59:05','c901a0b7-db3f-4f93-8876-109789ecc2c7.jpg',0,0,0,'2024-05-09 10:59:05'),(63227,19,'Thermal_Equipment',1,1,911,1190558,'2024-05-09 11:13:28','c9b231d7-3e92-40ae-a018-1d7bb66d60f7.jpg',0,0,0,'2024-05-09 11:13:28'),(63228,19,'Thermal_Equipment',1,1,911,1190558,'2024-05-09 11:14:36','a28b2d48-6812-4af0-9c6a-322d488555b1.jpg',0,0,0,'2024-05-09 11:14:36'),(63229,19,'Thermal_Equipment',1,1,911,1190558,'2024-05-09 11:26:35','8028c323-ebae-4135-919d-dfb2069f3b7f.jpg',0,0,0,'2024-05-09 11:26:35'),(63230,19,'Thermal_Equipment',1,1,911,1190558,'2024-05-09 13:54:16','882aefab-c673-4130-8335-d4c4afc88cf7.jpg',0,0,0,'2024-05-09 13:54:16'),(63231,19,'Thermal_Equipment',1,1,911,1190558,'2024-05-09 13:55:09','f72da2ba-d8ce-4c28-bbd7-11e101ac7a49.jpg',0,0,0,'2024-05-09 13:55:09'),(63232,19,'Thermal_Equipment',1,1,911,1190558,'2024-05-09 14:18:21','db3d1791-fe6c-472d-9b90-9243c31a1142.jpg',0,0,0,'2024-05-09 14:18:21'),(63233,19,'Thermal_Equipment',1,1,911,1190558,'2024-05-09 14:19:18','a59730f1-b9e3-47f9-a20e-7251e767d763.jpg',0,0,0,'2024-05-09 14:19:18'),(63234,19,'Thermal_Equipment',1,1,911,1190558,'2024-05-09 14:26:28','963a7b61-a13a-4916-ba1e-e5e3df2174ad.jpg',0,0,0,'2024-05-09 14:26:28'),(63235,19,'Thermal_Equipment',1,1,911,1190558,'2024-05-09 14:27:11','c9c6d85d-c1e8-47c0-a11a-4b6ed8763a8b.jpg',0,0,0,'2024-05-09 14:27:11'),(63236,19,'Thermal_Equipment',1,1,911,1190558,'2024-05-09 14:28:04','63348f49-1960-447d-b580-f11e522362e9.jpg',0,0,0,'2024-05-09 14:28:04'),(63237,19,'Thermal_Equipment',1,1,911,1190558,'2024-05-09 15:39:33','c1fa707c-02a2-46eb-8dfd-085c5b39eda0.jpg',0,0,0,'2024-05-09 15:39:33'),(63238,19,'Thermal_Equipment',1,1,911,1190558,'2024-05-09 15:40:31','57a4d3a3-354e-4501-b554-54aee466e4dc.jpg',0,0,0,'2024-05-09 15:40:31'),(63239,19,'Thermal_Equipment',1,1,911,1190558,'2024-05-09 15:41:29','3395ef15-2290-42d4-837a-0f98a0585350.jpg',0,0,0,'2024-05-09 15:41:29'),(63240,19,'Thermal_Equipment',1,1,911,1190558,'2024-05-09 16:09:11','a6e46d69-56bc-460e-acc1-5410e755f9c4.jpg',0,0,0,'2024-05-09 16:09:11'),(63241,19,'Thermal_Equipment',1,1,911,1190558,'2024-05-09 16:10:01','f8dafa46-ebe2-4862-85a7-1a0da0411434.jpg',0,0,0,'2024-05-09 16:10:01'),(63242,19,'Thermal_Equipment',1,1,911,1190558,'2024-05-09 16:14:28','4fc459ed-4bf8-4510-b251-11a0d551e3d9.jpg',0,0,0,'2024-05-09 16:14:28'),(63243,19,'Thermal_Equipment',1,1,911,1190558,'2024-05-09 16:15:11','3522f597-bed3-48ef-b116-83b56f61787c.jpg',0,0,0,'2024-05-09 16:15:11'),(63244,19,'Thermal_Equipment',1,1,911,1190558,'2024-05-09 16:16:04','137bfbce-cf04-4cff-aee2-62809a701376.jpg',0,0,0,'2024-05-09 16:16:04'),(63245,19,'Thermal_Equipment',1,1,911,1190558,'2024-05-10 11:06:34','0f79ac36-37b0-46be-a2b6-484fdab84951.jpg',0,0,0,'2024-05-10 11:06:34'),(63246,19,'Thermal_Equipment',1,1,911,1190558,'2024-05-10 11:07:27','f9e98192-1643-4127-8f20-180c88ec67d7.jpg',0,0,0,'2024-05-10 11:07:27'),(63247,19,'Thermal_Equipment',1,1,911,1190558,'2024-05-10 11:08:20','e9553d0b-5223-4d52-b497-ec913c91df2c.jpg',0,0,0,'2024-05-10 11:08:20'),(63248,19,'Thermal_Equipment',1,1,911,1190558,'2024-05-10 11:13:33','6003763f-a965-4930-a1cc-52fafc7e39e7.jpg',0,0,0,'2024-05-10 11:13:33'),(63249,19,'Thermal_Equipment',1,1,911,1190558,'2024-05-10 11:14:16','87907beb-e09a-4b4b-823a-a455f0d79e74.jpg',0,0,0,'2024-05-10 11:14:16'),(63250,19,'Thermal_Equipment',1,1,911,1190558,'2024-05-10 11:15:14','69d32610-3ee6-409f-95fa-2849e510bdef.jpg',0,0,0,'2024-05-10 11:15:14'),(63251,19,'Thermal_Equipment',1,1,911,1190558,'2024-05-10 11:58:28','768d5042-1c22-45b1-85b1-d65f960029e9.jpg',0,0,0,'2024-05-10 11:58:28'),(63252,19,'Thermal_Equipment',1,1,911,1190558,'2024-05-10 11:59:16','08214ce1-9de0-449e-8817-8a295c88f37e.jpg',0,0,0,'2024-05-10 11:59:16'),(63253,19,'Thermal_Equipment',1,1,911,1190558,'2024-05-10 12:00:04','117c5734-3bba-4d79-9768-2cec6c232c19.jpg',0,0,0,'2024-05-10 12:00:04'),(63254,19,'Thermal_Equipment',1,1,911,1190558,'2024-05-10 13:13:33','a735db23-327b-4fbd-b6d7-c3cc4e3e240e.jpg',0,0,0,'2024-05-10 13:13:33'),(63255,19,'Thermal_Equipment',1,1,911,1190558,'2024-05-10 13:14:01','beb035d4-a915-4378-82d1-8127f98497f5.jpg',0,0,0,'2024-05-10 13:14:01'),(63256,19,'Thermal_Equipment',1,1,911,1190558,'2024-05-10 13:14:19','69f36d4a-a6b1-4b64-8dff-735f1ae78d23.jpg',0,0,0,'2024-05-10 13:14:19'),(63257,19,'Thermal_Equipment',1,1,911,1190558,'2024-05-10 13:17:18','903b9756-d31d-4a77-bea1-a156df68907e.jpg',0,0,0,'2024-05-10 13:17:18'),(63258,19,'Thermal_Equipment',1,1,911,1190558,'2024-05-10 13:17:46','be95a675-8dd8-4267-9318-82eeeeb120d8.jpg',0,0,0,'2024-05-10 13:17:46'),(63259,19,'Thermal_Equipment',1,1,911,1190558,'2024-05-10 13:18:04','80f01627-798f-4509-b490-c9baa1880d55.jpg',0,0,0,'2024-05-10 13:18:04'),(63260,19,'Thermal_Equipment',1,1,911,1190558,'2024-05-10 13:21:28','6c79121b-eb7a-4955-8c11-5ea9b4b398ab.jpg',0,0,0,'2024-05-10 13:21:28'),(63261,19,'Thermal_Equipment',1,1,911,1190558,'2024-05-10 13:21:51','797c8641-5e91-43ec-a359-7b233e5566b8.jpg',0,0,0,'2024-05-10 13:21:51'),(63262,19,'Thermal_Equipment',1,1,911,1190558,'2024-05-10 13:22:09','d8e036aa-0b65-48cf-8154-e48c48f3b62c.jpg',0,0,0,'2024-05-10 13:22:09'),(63263,19,'Thermal_Equipment',1,1,911,1190558,'2024-05-10 13:26:33','817c87a2-aaa8-4d68-836a-4a5ee80df1cb.jpg',0,0,0,'2024-05-10 13:26:33'),(63264,19,'Thermal_Equipment',1,1,911,1190558,'2024-05-10 13:26:56','4d06a39b-162d-4754-9d25-6aab6df1cb0c.jpg',0,0,0,'2024-05-10 13:26:56'),(63265,19,'Thermal_Equipment',1,1,911,1190558,'2024-05-10 13:27:43','eb3c8a5f-c6b8-42c2-b435-8a33ae00f7ac.jpg',0,0,0,'2024-05-10 13:27:43'),(63266,19,'Thermal_Equipment',1,1,911,1190558,'2024-05-10 13:28:31','d7c6993f-b250-4024-84e8-456c1eefaa4e.jpg',0,0,0,'2024-05-10 13:28:31'),(63267,19,'Thermal_Equipment',1,1,911,1190558,'2024-05-10 13:34:28','70685c50-7595-4960-b3dd-9bf8b66f451e.jpg',0,0,0,'2024-05-10 13:34:28'),(63268,19,'Thermal_Equipment',1,1,911,1190558,'2024-05-10 13:35:16','8d5fdedd-bfa1-4359-92d8-7a4c20a97359.jpg',0,0,0,'2024-05-10 13:35:16'),(63269,19,'Thermal_Equipment',1,1,911,1190558,'2024-05-10 13:36:04','fe3f091b-4e9a-4e0b-85d2-a89c845b86c5.jpg',0,0,0,'2024-05-10 13:36:04'),(63270,19,'Thermal_Equipment',1,1,911,1190558,'2024-05-10 14:53:28','930e3bc6-63e8-425e-847b-05a5e41975a6.jpg',0,0,0,'2024-05-10 14:53:28'),(63271,19,'Thermal_Equipment',1,1,911,1190558,'2024-05-10 14:53:51','90149a0f-c159-40f6-a59c-7456409fc864.jpg',0,0,0,'2024-05-10 14:53:51'),(63272,19,'Thermal_Equipment',1,1,911,1190558,'2024-05-10 14:54:19','f3155c1e-4c63-4610-b58f-9fa3456b041b.jpg',0,0,0,'2024-05-10 14:54:19'),(63273,19,'Thermal_Equipment',1,1,911,1190558,'2024-05-10 14:54:41','d41a0b44-9fa8-4ef2-b1fd-5623b3da5ca9.jpg',0,0,0,'2024-05-10 14:54:41'),(63274,19,'Thermal_Equipment',1,1,911,1190558,'2024-05-10 15:38:33','c82bd27c-10d5-4af8-b47d-20795b60038a.jpg',0,0,0,'2024-05-10 15:38:33'),(63275,19,'Thermal_Equipment',1,1,911,1190558,'2024-05-10 15:38:56','395fd2f2-2f90-4baf-ad34-ce016a7aabbd.jpg',0,0,0,'2024-05-10 15:38:56'),(63276,19,'Thermal_Equipment',1,1,911,1190558,'2024-05-10 15:39:13','638090c5-d541-4a74-a974-b42c6672e09e.jpg',0,0,0,'2024-05-10 15:39:13'),(63277,19,'Thermal_Equipment',1,1,911,1190558,'2024-05-10 15:41:28','f39e297a-f70a-492c-a8a1-1752ac89ad71.jpg',0,0,0,'2024-05-10 15:41:28'),(63278,19,'Thermal_Equipment',1,1,911,1190558,'2024-05-10 15:42:36','7cfb57ab-90ef-44e2-94b7-f5397e479fac.jpg',0,0,0,'2024-05-10 15:42:36'),(63279,19,'Thermal_Equipment',1,1,911,1190558,'2024-05-10 15:43:29','60eff536-9205-4f87-8292-c4b181481ac1.jpg',0,0,0,'2024-05-10 15:43:29'),(63280,19,'Thermal_Equipment',1,1,911,1190558,'2024-05-11 15:41:33','6d7b0a79-fe6f-4160-9ee7-76d50cbc80b4.jpg',0,0,0,'2024-05-11 15:41:33'),(63281,19,'Thermal_Equipment',1,1,911,1190558,'2024-05-11 15:44:14','242e92be-40f6-4f32-8a3e-16ac21bff941.jpg',0,0,0,'2024-05-11 15:44:14'),(63282,19,'Thermal_Equipment',1,1,911,1190558,'2024-05-11 15:44:47','e211d3a5-ba7a-4ff6-8032-d10c4edbdb64.jpg',0,0,0,'2024-05-11 15:44:47'),(63283,19,'Thermal_Equipment',1,1,911,1190558,'2024-05-12 15:41:28','b995e307-f519-4f46-9785-81048afa736e.jpg',0,0,0,'2024-05-12 15:41:28'),(63284,19,'Thermal_Equipment',1,1,911,1190558,'2024-05-12 15:44:06','aa092130-c1f7-40cd-89c8-3a7346241644.jpg',0,0,0,'2024-05-12 15:44:06'),(63285,19,'Thermal_Equipment',1,1,911,1190558,'2024-05-12 15:44:34','207f9441-7833-4b24-a896-bf1d6394b373.jpg',0,0,0,'2024-05-12 15:44:34'),(63286,19,'Thermal_Equipment',1,1,911,1190558,'2024-05-13 15:41:33','95f5293c-dd98-49f1-9fc1-2bb57667a23c.jpg',0,0,0,'2024-05-13 15:41:33'),(63287,19,'Thermal_Equipment',1,1,911,1190558,'2024-05-13 15:42:46','1853ea5e-21b9-468c-89a9-d33ab4731c1e.jpg',0,0,0,'2024-05-13 15:42:46'),(63288,19,'Thermal_Equipment',1,1,911,1190558,'2024-05-13 15:43:39','512cf5f7-8884-4368-b64a-0b492fb9d4a2.jpg',0,0,0,'2024-05-13 15:43:39'),(63289,19,'Thermal_Equipment',1,1,911,1190558,'2024-05-14 15:41:33','da59ec81-4f9f-49a5-aa7e-fb21edcea9e4.jpg',0,0,0,'2024-05-14 15:41:33'),(63290,19,'Thermal_Equipment',1,1,911,1190558,'2024-05-14 15:42:26','0cc1c90d-b684-4d49-a7c4-3a1820c48509.jpg',0,0,0,'2024-05-14 15:42:26'),(63291,19,'Thermal_Equipment',1,1,911,1190558,'2024-05-14 15:43:24','0f15dfc7-3a20-4bf3-9cf4-fa780fab5a2e.jpg',0,0,0,'2024-05-14 15:43:24'),(63292,19,'Thermal_Equipment',1,1,911,1190558,'2024-05-15 15:41:29','02ac30fe-79e7-4037-8088-d752a65345cb.jpg',0,0,0,'2024-05-15 15:41:29'),(63293,19,'Thermal_Equipment',1,1,911,1190558,'2024-05-15 15:44:07','0abdcbc3-ab7b-4547-acaa-39212b13fc29.jpg',0,0,0,'2024-05-15 15:44:07'),(63294,19,'Thermal_Equipment',1,1,911,1190558,'2024-05-15 15:44:35','38cde33a-bb4c-4c83-afb1-091ade9b1108.jpg',0,0,0,'2024-05-15 15:44:35'),(63295,19,'Thermal_Equipment',1,1,911,1190558,'2024-05-16 15:41:34','b541fdf0-63c1-46b8-92bd-73a98b8df80a.jpg',0,0,0,'2024-05-16 15:41:34'),(63296,19,'Thermal_Equipment',1,1,911,1190558,'2024-05-16 15:44:12','979848d3-3c68-4a26-85e5-a291425e7e11.jpg',0,0,0,'2024-05-16 15:44:12'),(63297,19,'Thermal_Equipment',1,1,911,1190558,'2024-05-16 15:44:40','4cb26db9-319a-4faa-8fb8-a8ff7c7a6c7e.jpg',0,0,0,'2024-05-16 15:44:40'),(63298,19,'Thermal_Equipment',1,1,911,1190558,'2024-05-16 15:51:29','8d2eaf85-08ca-493e-b731-9a9e2c2b5fce.jpg',0,0,0,'2024-05-16 15:51:29'),(63299,19,'Thermal_Equipment',1,1,911,1190558,'2024-05-16 15:51:46','05a8dcd7-1083-4834-8d7a-443782e9d4eb.jpg',0,0,0,'2024-05-16 15:51:46'),(63300,19,'Thermal_Equipment',1,1,911,1190558,'2024-05-17 15:53:34','ae3e14e0-e438-499d-91f8-d2985535f905.jpg',0,0,0,'2024-05-17 15:53:34'),(63301,19,'Thermal_Equipment',1,1,911,1190558,'2024-05-17 15:56:13','bfe75b8e-6887-49e0-89bc-07b73c8ecf95.jpg',0,0,0,'2024-05-17 15:56:13'),(63302,19,'Thermal_Equipment',1,1,911,1190558,'2024-07-03 13:39:38','97b2e1f5-d1c1-4bc4-abb2-4501b29a5ffe.jpg',0,0,0,'2024-07-03 13:39:38'),(63303,19,'Thermal_Equipment',1,1,911,1190558,'2024-07-04 10:48:21','01cea89d-dfd3-45ea-8fd4-b312aafcb8d6.jpg',0,0,0,'2024-07-04 10:48:21'),(63304,19,'Thermal_Equipment',1,1,911,1190558,'2024-07-04 10:48:52','36db12a9-2f87-4d38-85a1-675caa45d3af.jpg',0,0,0,'2024-07-04 10:48:52'),(63305,19,'Thermal_Equipment',1,1,911,1190558,'2024-07-04 10:49:17','ea7f61ce-59bb-405b-846b-a2cdce2f7dc6.jpg',0,0,0,'2024-07-04 10:49:17'),(63306,19,'Thermal_Equipment',1,1,911,1190558,'2024-07-04 10:49:56','370190d3-a408-4286-9a35-4983c9a721f5.jpg',0,0,0,'2024-07-04 10:49:56'),(63307,19,'Thermal_Equipment',1,1,911,1190558,'2024-07-04 10:50:42','ca8c192f-fd8e-436a-b477-b5eb921eca7e.jpg',0,0,0,'2024-07-04 10:50:42'),(63308,19,'Thermal_Equipment',1,1,911,1190558,'2024-07-05 10:48:31','1909aa96-b447-45ec-8936-04da3393c804.jpg',0,0,0,'2024-07-05 10:48:31'),(63309,19,'Thermal_Equipment',1,1,911,1190558,'2024-07-05 10:48:57','7e2e83c8-ba57-46ed-a1ee-99c435b05f82.jpg',0,0,0,'2024-07-05 10:48:57'),(63310,19,'Thermal_Equipment',1,1,911,1190558,'2024-07-05 10:49:40','8f87d0df-6c0d-4529-bc76-34fdda6633c7.jpg',0,0,0,'2024-07-05 10:49:40'),(63311,19,'Thermal_Equipment',1,1,911,1190558,'2024-07-05 10:50:10','9bbab1dd-e7b5-4619-9d4e-86fdb7ab1967.jpg',0,0,0,'2024-07-05 10:50:10'),(63312,19,'Thermal_Equipment',1,1,911,1190558,'2024-07-05 10:50:41','bfe7b226-9df0-46e8-9115-61bb060b118e.jpg',0,0,0,'2024-07-05 10:50:41'),(63313,19,'Thermal_Equipment',1,1,911,1190558,'2024-07-05 10:51:19','1583217a-6124-42d9-ad1e-aa316525debf.jpg',0,0,0,'2024-07-05 10:51:19'),(63314,19,'Thermal_Equipment',1,1,911,1190558,'2024-07-05 10:51:45','fbf6121e-0f2d-4221-a3f0-47ad0418f6bd.jpg',0,0,0,'2024-07-05 10:51:45'),(63315,19,'Thermal_Equipment',1,1,911,1190558,'2024-07-06 10:48:21','5b2bc0dc-e43b-4d6f-a44c-4c3160ac7e38.jpg',0,0,0,'2024-07-06 10:48:21'),(63316,19,'Thermal_Equipment',1,1,911,1190558,'2024-07-06 10:48:52','e7040658-f2ce-4556-b5fd-cc6085047aa0.jpg',0,0,0,'2024-07-06 10:48:52'),(63317,19,'Thermal_Equipment',1,1,911,1190558,'2024-07-06 10:49:18','51603871-a961-48ee-9761-0bd41cae2d38.jpg',0,0,0,'2024-07-06 10:49:18'),(63318,19,'Thermal_Equipment',1,1,911,1190558,'2024-07-06 10:49:56','d7c5cad9-0676-47c5-85f9-2821a4487e00.jpg',0,0,0,'2024-07-06 10:49:56'),(63319,19,'Thermal_Equipment',1,1,911,1190558,'2024-07-06 10:50:22','d7695fc5-6e2a-47f9-a19e-d2f38ac6e876.jpg',0,0,0,'2024-07-06 10:50:22'),(63320,19,'Thermal_Equipment',1,1,911,1190558,'2024-07-07 10:48:31','ecca0ebf-63f3-4091-b824-92e773785f66.jpg',0,0,0,'2024-07-07 10:48:31'),(63321,19,'Thermal_Equipment',1,1,911,1190558,'2024-07-07 10:49:02','1c6391ee-9d09-44b6-a46f-3e75a9792cb7.jpg',0,0,0,'2024-07-07 10:49:02'),(63322,19,'Thermal_Equipment',1,1,911,1190558,'2024-07-07 10:49:46','6daec346-fdc6-45e8-98fe-a920d5bcb560.jpg',0,0,0,'2024-07-07 10:49:46'),(63323,19,'Thermal_Equipment',1,1,911,1190558,'2024-07-07 10:50:27','a7162c96-afec-4cd8-a9e4-498b2001deb7.jpg',0,0,0,'2024-07-07 10:50:27'),(63324,19,'Thermal_Equipment',1,1,911,1190558,'2024-07-07 10:50:52','3525c0cb-73ad-4ce6-a915-c768f9e9e4f5.jpg',0,0,0,'2024-07-07 10:50:52'),(63325,19,'Thermal_Equipment',1,1,911,1190558,'2024-07-07 10:51:35','475c1418-db9d-46ee-b1e5-9f3e2065a31a.jpg',0,0,0,'2024-07-07 10:51:35'),(63326,19,'Thermal_Equipment',1,1,911,1190558,'2024-07-07 10:52:06','2acd2544-cbb3-4d6e-8997-7a36a603a019.jpg',0,0,0,'2024-07-07 10:52:06'),(63327,19,'Thermal_Equipment',1,1,911,1190558,'2024-07-08 10:48:41','cfacf7ee-8cd7-477f-b025-92e5a22e25df.jpg',0,0,0,'2024-07-08 10:48:41'),(63328,19,'Thermal_Equipment',1,1,911,1190558,'2024-07-08 10:49:12','9abd50d7-6b79-4165-88a4-bbdd63236604.jpg',0,0,0,'2024-07-08 10:49:12'),(63329,19,'Thermal_Equipment',1,1,911,1190558,'2024-07-08 10:49:55','8ed8d3aa-4366-416c-bae0-62c8f897b050.jpg',0,0,0,'2024-07-08 10:49:55'),(63330,19,'Thermal_Equipment',1,1,911,1190558,'2024-07-08 10:50:21','bb9744f4-f734-4e09-876e-ad1cedc47992.jpg',0,0,0,'2024-07-08 10:50:21');
/*!40000 ALTER TABLE `alert` ENABLE KEYS */;
UNLOCK TABLES;

--
-- Table structure for table `area`
--

DROP TABLE IF EXISTS `area`;
/*!40101 SET @saved_cs_client     = @@character_set_client */;
/*!50503 SET character_set_client = utf8mb4 */;
CREATE TABLE `area` (
  `Id` int NOT NULL AUTO_INCREMENT,
  `SiteId` int DEFAULT NULL,
  `Name` varchar(20) NOT NULL,
  `Description` varchar(100) NOT NULL,
  `Status` int NOT NULL DEFAULT '1',
  `CreatedBy` int DEFAULT NULL,
  `CreatedDate` timestamp NOT NULL DEFAULT CURRENT_TIMESTAMP,
  PRIMARY KEY (`Id`),
  KEY `FK_Area_Site_Id_idx` (`SiteId`),
  CONSTRAINT `FK_Area_Site_Id` FOREIGN KEY (`SiteId`) REFERENCES `site` (`Id`)
) ENGINE=InnoDB AUTO_INCREMENT=2 DEFAULT CHARSET=utf8mb4 COLLATE=utf8mb4_0900_ai_ci;
/*!40101 SET character_set_client = @saved_cs_client */;

--
-- Dumping data for table `area`
--

LOCK TABLES `area` WRITE;
/*!40000 ALTER TABLE `area` DISABLE KEYS */;
INSERT INTO `area` VALUES (1,1,'CR112 Area','CR112',1,1,'2023-01-18 14:11:45');
/*!40000 ALTER TABLE `area` ENABLE KEYS */;
UNLOCK TABLES;

--
-- Table structure for table `asset`
--

DROP TABLE IF EXISTS `asset`;
/*!40101 SET @saved_cs_client     = @@character_set_client */;
/*!50503 SET character_set_client = utf8mb4 */;
CREATE TABLE `asset` (
  `Id` int NOT NULL AUTO_INCREMENT,
  `AssetTypeId` int DEFAULT NULL,
  `DeviceId` int DEFAULT NULL,
  `SiteId` int DEFAULT NULL,
  `AreaId` int DEFAULT NULL,
  `Name` varchar(100) CHARACTER SET utf8mb4 COLLATE utf8mb4_unicode_ci DEFAULT NULL,
  `Description` text CHARACTER SET utf8mb4 COLLATE utf8mb4_unicode_ci,
  `Purpose` varchar(100) CHARACTER SET utf8mb4 COLLATE utf8mb4_unicode_ci DEFAULT NULL,
  `IsActive` tinyint(1) DEFAULT '1',
  `IsDelete` tinyint(1) DEFAULT '0',
  `Status` varchar(100) CHARACTER SET utf8mb4 COLLATE utf8mb4_unicode_ci DEFAULT NULL,
  `Latitude` double DEFAULT NULL,
  `Longitude` double DEFAULT NULL,
  PRIMARY KEY (`Id`)
) ENGINE=InnoDB AUTO_INCREMENT=16 DEFAULT CHARSET=utf8mb4 COLLATE=utf8mb4_unicode_ci;
/*!40101 SET character_set_client = @saved_cs_client */;

--
-- Dumping data for table `asset`
--

LOCK TABLES `asset` WRITE;
/*!40000 ALTER TABLE `asset` DISABLE KEYS */;
INSERT INTO `asset` VALUES (1,1,2,1,1,'Station East 1',NULL,NULL,1,1,'Online',1.37066,103.89534),(2,1,4,1,1,'Station West 3',NULL,NULL,1,1,'Online',1.36948,103.89576),(3,1,7,1,1,'Soil Disposal',NULL,NULL,1,1,'Online',1.37015,103.89474),(4,1,9,1,1,'Entrance 6 -1',NULL,NULL,1,0,'Online',1.36947,103.89008),(5,1,11,1,1,'Station East 3',NULL,NULL,1,0,'Online',1.37054,103.89136),(6,1,13,1,1,'Station West 5',NULL,NULL,1,0,'Online',1.3717,103.89017),(7,1,17,1,1,'License 3',NULL,NULL,1,0,'Online',1.3684,103.8906),(8,1,16,1,1,'Helmet_Detection',NULL,NULL,1,0,'Online',NULL,NULL),(9,1,10,1,1,'Station East 2',NULL,NULL,1,0,'Online',1.37124,103.89209),(10,1,12,1,1,'Station West 4',NULL,NULL,1,0,'Online',1.37116,103.89109),(11,1,1,1,1,'License 1-Gate 1',NULL,NULL,1,0,'Online',1.37287,103.89129),(12,1,18,1,1,'License 6-Gate 4',NULL,NULL,1,0,'Online',1.37082,103.89153),(13,1,21,1,1,'Station West6',NULL,NULL,1,0,'Online',1.37183,103.89036),(14,2,4,1,1,'Power Station','Power Station',NULL,1,0,'Online',1.362399,103.83533),(15,1,26,1,1,'Office Camera','Office Camera',NULL,1,0,'Online',1.36189,103.83521);
/*!40000 ALTER TABLE `asset` ENABLE KEYS */;
UNLOCK TABLES;

--
-- Table structure for table `asset_type`
--

DROP TABLE IF EXISTS `asset_type`;
/*!40101 SET @saved_cs_client     = @@character_set_client */;
/*!50503 SET character_set_client = utf8mb4 */;
CREATE TABLE `asset_type` (
  `Id` int NOT NULL AUTO_INCREMENT,
  `Name` varchar(100) CHARACTER SET utf8mb4 COLLATE utf8mb4_unicode_ci DEFAULT NULL,
  `Icon` varchar(100) CHARACTER SET utf8mb4 COLLATE utf8mb4_unicode_ci DEFAULT NULL,
  `Type` varchar(45) CHARACTER SET utf8mb4 COLLATE utf8mb4_unicode_ci DEFAULT NULL,
  PRIMARY KEY (`Id`)
) ENGINE=InnoDB AUTO_INCREMENT=6 DEFAULT CHARSET=utf8mb4 COLLATE=utf8mb4_unicode_ci;
/*!40101 SET character_set_client = @saved_cs_client */;

--
-- Dumping data for table `asset_type`
--

LOCK TABLES `asset_type` WRITE;
/*!40000 ALTER TABLE `asset_type` DISABLE KEYS */;
INSERT INTO `asset_type` VALUES (1,'CCTV Camera','camera3.png','Camera'),(2,'Charging Station','charging-blue.png','Charging-Station'),(5,'VA Models','camera3.png','Camera');
/*!40000 ALTER TABLE `asset_type` ENABLE KEYS */;
UNLOCK TABLES;

--
-- Table structure for table `audit_trail`
--

DROP TABLE IF EXISTS `audit_trail`;
/*!40101 SET @saved_cs_client     = @@character_set_client */;
/*!50503 SET character_set_client = utf8mb4 */;
CREATE TABLE `audit_trail` (
  `Id` int NOT NULL AUTO_INCREMENT,
  `Module` varchar(64) NOT NULL,
  `RefId` int NOT NULL,
  `Record` varchar(255) DEFAULT NULL,
  `Action` varchar(64) NOT NULL,
  `Changes` json DEFAULT NULL,
  `UserId` int NOT NULL,
  `TimeStamp` datetime NOT NULL,
  `SiteId` int DEFAULT NULL,
  PRIMARY KEY (`Id`)
) ENGINE=InnoDB AUTO_INCREMENT=107 DEFAULT CHARSET=utf8mb4 COLLATE=utf8mb4_0900_ai_ci;
/*!40101 SET character_set_client = @saved_cs_client */;

--
-- Dumping data for table `audit_trail`
--

LOCK TABLES `audit_trail` WRITE;
/*!40000 ALTER TABLE `audit_trail` DISABLE KEYS */;
INSERT INTO `audit_trail` VALUES (1,'Login',-1,'sysadmin','Login','{\"Type\": \"Login\", \"Value\": \"Invalid credentials\"}',-1,'2023-04-21 03:01:55',NULL),(2,'Login',-1,'sysadmin','Login','{\"Type\": \"Login\", \"Value\": \"Invalid credentials\"}',-1,'2023-05-09 01:24:36',NULL),(3,'User',37,'cr112_admin','Create',NULL,1,'2023-05-09 01:27:21',1),(4,'Login',37,'cr112_admin','Login','{\"Type\": \"Login\", \"Value\": \"Login successful\"}',37,'2023-05-09 01:30:24',NULL),(5,'User',37,NULL,'Update','[{\"Name\": \"Password\", \"Value\": \"New Password\", \"PreValue\": \"******\"}]',37,'2023-05-09 01:30:43',1),(6,'Login',-1,'cr112_admin','Login','{\"Type\": \"Login\", \"Value\": \"Invalid credentials\"}',-1,'2023-05-09 01:30:51',NULL),(7,'Login',37,'cr112_admin','Login','{\"Type\": \"Login\", \"Value\": \"Login successful\"}',37,'2023-05-09 01:31:06',NULL),(8,'Login',37,'cr112_admin','Login','{\"Type\": \"Login\", \"Value\": \"Login successful\"}',37,'2023-05-09 01:31:32',NULL),(9,'User',36,'j109-admin','Delete',NULL,37,'2023-05-09 01:31:43',1),(10,'User',34,'j120-admin','Delete',NULL,37,'2023-05-09 01:31:47',1),(11,'User',35,'cl-testing','Delete',NULL,37,'2023-05-09 01:31:51',1),(12,'Login',37,'ahilan','Login','{\"Type\": \"Login\", \"Value\": \"Login successful\"}',37,'2023-05-09 01:34:14',NULL),(13,'Login',37,'ahilan','Login','{\"Type\": \"Login\", \"Value\": \"Login successful\"}',37,'2023-05-09 02:15:58',NULL),(14,'User',38,'Oh','Create',NULL,37,'2023-05-09 02:17:16',1),(15,'Login',38,'Sedong','Login','{\"Type\": \"Login\", \"Value\": \"Login successful\"}',38,'2023-05-09 02:18:01',NULL),(16,'User',38,NULL,'Update','[{\"Name\": \"Password\", \"Value\": \"New Password\", \"PreValue\": \"******\"}]',38,'2023-05-09 02:18:28',1),(17,'Login',38,'Sedong','Login','{\"Type\": \"Login\", \"Value\": \"Login successful\"}',38,'2023-05-09 02:18:45',NULL),(18,'Profile',7,'OE','Delete',NULL,38,'2023-05-09 03:56:52',1),(19,'Profile',8,'DM','Delete',NULL,38,'2023-05-09 03:56:58',1),(20,'Profile',9,'J109','Delete',NULL,38,'2023-05-09 03:57:04',1),(21,'User',2,'viewer','Delete',NULL,38,'2023-05-09 03:58:10',1),(22,'User',39,'Jasper','Create',NULL,38,'2023-05-09 05:51:58',1),(23,'Login',39,'Jasper','Login','{\"Type\": \"Login\", \"Value\": \"Login successful\"}',39,'2023-05-09 05:54:35',NULL),(24,'User',39,NULL,'Update','[{\"Name\": \"Password\", \"Value\": \"New Password\", \"PreValue\": \"******\"}]',39,'2023-05-09 05:55:15',1),(25,'Login',39,'Jasper','Login','{\"Type\": \"Login\", \"Value\": \"Login successful\"}',39,'2023-05-09 05:55:50',NULL),(26,'Profile',10,'Safety','Create',NULL,38,'2023-05-09 05:57:32',1),(27,'User',39,'Jasper','Update','[{\"Name\": \"Profile\", \"Type\": \"Update\", \"Value\": \"Safety\", \"PreValue\": \"Viewer\"}]',38,'2023-05-09 05:57:54',1),(28,'User',39,'Jasper','Update','[{\"Name\": \"Profile\", \"Type\": \"Update\", \"Value\": \"No Access\", \"PreValue\": \"Safety\"}]',38,'2023-05-09 06:04:25',1),(29,'Profile',10,'Safety','Update','[{\"Name\": \"Description\", \"Type\": \"Update\", \"Value\": \"Staff Management\", \"PreValue\": \"\"}]',38,'2023-05-09 06:24:26',1),(30,'User',40,'ohoh','Create',NULL,38,'2023-05-09 06:49:48',1),(31,'User',40,'ohoh','Update','[{\"Name\": \"Email\", \"Type\": \"Update\", \"Value\": \"coolcoolsd@gmail.com\", \"PreValue\": \"coolcoolsd@gamil.com\"}]',38,'2023-05-09 06:50:32',1),(32,'User',40,'ohoh','Update','[{\"Name\": \"Password\", \"Value\": \"New Password\", \"PreValue\": \"******\"}]',38,'2023-05-09 06:51:37',1),(33,'User',40,'ohoh','Update','[{\"Name\": \"Profile\", \"Type\": \"Update\", \"Value\": \"No Access\", \"PreValue\": \"Safety\"}]',38,'2023-05-09 06:52:31',1),(34,'Login',38,'Sedong','Login','{\"Type\": \"Login\", \"Value\": \"Login successful\"}',38,'2023-05-09 06:54:00',NULL),(35,'User',41,'prasad','Create',NULL,38,'2023-05-09 08:38:29',1),(36,'Login',38,'Sedong','Login','{\"Type\": \"Login\", \"Value\": \"Login successful\"}',38,'2023-05-12 01:26:38',NULL),(37,'Login',38,'Sedong','Login','{\"Type\": \"Login\", \"Value\": \"Login successful\"}',38,'2023-05-13 06:55:42',NULL),(38,'Login',38,'Sedong','Login','{\"Type\": \"Login\", \"Value\": \"Login successful\"}',38,'2023-05-16 03:36:10',NULL),(39,'Login',38,'Sedong','Login','{\"Type\": \"Login\", \"Value\": \"Login successful\"}',38,'2023-05-17 05:46:14',NULL),(40,'Login',38,'Sedong','Login','{\"Type\": \"Login\", \"Value\": \"Login successful\"}',38,'2023-05-22 06:55:24',NULL),(41,'Login',38,'Sedong','Login','{\"Type\": \"Login\", \"Value\": \"Login successful\"}',38,'2023-05-30 03:49:57',NULL),(42,'Login',-1,'admin','Login','{\"Type\": \"Login\", \"Value\": \"Invalid credentials\"}',-1,'2023-06-07 02:20:08',NULL),(43,'Login',-1,'admin','Login','{\"Type\": \"Login\", \"Value\": \"Invalid credentials\"}',-1,'2023-06-07 02:20:32',NULL),(44,'Login',-1,'admin','Login','{\"Type\": \"Login\", \"Value\": \"Invalid credentials\"}',-1,'2023-06-07 02:20:37',NULL),(45,'Login',-1,'admin','Login','{\"Type\": \"Login\", \"Value\": \"Invalid credentials\"}',-1,'2023-06-07 02:21:14',NULL),(46,'Login',-1,'admin','Login','{\"Type\": \"Login\", \"Value\": \"Invalid credentials\"}',-1,'2023-06-07 02:21:21',NULL),(47,'Login',-1,'viewer','Login','{\"Type\": \"Login\", \"Value\": \"Invalid credentials\"}',-1,'2023-06-07 02:22:09',NULL),(48,'Login',-1,'Viewer','Login','{\"Type\": \"Login\", \"Value\": \"Invalid credentials\"}',-1,'2023-06-07 02:22:21',NULL),(49,'Login',38,'','OTP Request','{\"Type\": \"OTP Request\", \"Value\": \"Requested OTP resend\"}',-1,'2023-06-07 02:44:43',NULL),(50,'Login',38,'Sedong','Login','{\"Type\": \"Login\", \"Value\": \"Login successful\"}',38,'2023-06-07 02:45:09',NULL),(51,'User',42,'chris','Create',NULL,38,'2023-06-07 02:46:15',1),(52,'Login',-1,'chris','Login','{\"Type\": \"Login\", \"Value\": \"Invalid credentials\"}',-1,'2023-06-07 02:46:34',NULL),(53,'Login',42,'chris','Login','{\"Type\": \"Login\", \"Value\": \"Login successful\"}',42,'2023-06-07 02:48:50',NULL),(54,'User',42,NULL,'Update','[{\"Name\": \"Password\", \"Value\": \"New Password\", \"PreValue\": \"******\"}]',42,'2023-06-07 02:49:35',1),(55,'Login',42,'chris','Login','{\"Type\": \"Login\", \"Value\": \"Login successful\"}',42,'2023-06-07 02:50:12',NULL),(57,'Login',38,'','OTP Request','{\"Type\": \"OTP Request\", \"Value\": \"Requested OTP resend\"}',-1,'2023-06-21 04:50:19',NULL),(58,'User',43,'CR112wilson','Create',NULL,38,'2023-06-21 09:33:04',1),(59,'Login',-1,'CR112wilson','Login','{\"Type\": \"Login\", \"Value\": \"Invalid credentials\"}',-1,'2023-06-21 09:34:26',NULL),(60,'Profile',1,'sysadmin','Update','[{\"Name\": \"Report\", \"Type\": \"Update\", \"Value\": \"Yes\", \"PreValue\": \"No\"}]',1,'2023-07-31 03:36:45',1),(61,'Profile',2,'Full Access','Update','[{\"Name\": \"Report\", \"Type\": \"Update\", \"Value\": \"Yes\", \"PreValue\": \"No\"}]',1,'2023-07-31 03:36:51',1),(62,'User',44,'taufiq','Create',NULL,1,'2023-07-31 08:01:10',1),(63,'User',44,NULL,'Update','[{\"Name\": \"Password\", \"Value\": \"New Password\", \"PreValue\": \"******\"}]',44,'2023-07-31 08:19:47',1),(64,'Login',-1,'oh','Login','{\"Type\": \"Login\", \"Value\": \"Invalid credentials\"}',-1,'2023-09-22 08:45:02',NULL),(65,'Login',-1,'oh','Login','{\"Type\": \"Login\", \"Value\": \"Invalid credentials\"}',-1,'2023-09-22 08:45:06',NULL),(66,'Login',-1,'d','Login','{\"Type\": \"Login\", \"Value\": \"Invalid credentials\"}',-1,'2023-09-28 09:41:48',NULL),(67,'Login',-1,'adf','Login','{\"Type\": \"Login\", \"Value\": \"Invalid credentials\"}',-1,'2023-09-28 09:54:41',NULL),(68,'Login',-1,'adf','Login','{\"Type\": \"Login\", \"Value\": \"Invalid credentials\"}',-1,'2023-09-28 09:54:42',NULL),(69,'Login',-1,'admin','Login','{\"Type\": \"Login\", \"Value\": \"Invalid credentials\"}',-1,'2023-09-28 09:54:48',NULL),(70,'Login',-1,'asdf','Login','{\"Type\": \"Login\", \"Value\": \"Invalid credentials\"}',-1,'2023-09-29 05:52:43',NULL),(71,'Login',-1,'md.taufiq@samsung.com','Login','{\"Type\": \"Login\", \"Value\": \"Invalid credentials\"}',-1,'2023-10-19 06:13:43',NULL),(72,'Login',-1,'chris.88@samsung.com','Login','{\"Type\": \"Login\", \"Value\": \"Invalid credentials\"}',-1,'2023-10-30 01:48:43',NULL),(73,'Login',-1,'chris.88','Login','{\"Type\": \"Login\", \"Value\": \"Invalid credentials\"}',-1,'2023-10-30 01:49:41',NULL),(74,'Login',-1,'chris.88','Login','{\"Type\": \"Login\", \"Value\": \"Invalid credentials\"}',-1,'2023-10-30 01:49:46',NULL),(75,'Login',-1,'chris','Login','{\"Type\": \"Login\", \"Value\": \"Invalid credentials\"}',-1,'2023-10-30 01:49:50',NULL),(76,'Login',-1,'chris','Login','{\"Type\": \"Login\", \"Value\": \"Invalid credentials\"}',-1,'2023-10-30 01:51:51',NULL),(77,'Login',-1,'chris.88','Login','{\"Type\": \"Login\", \"Value\": \"Invalid credentials\"}',-1,'2023-10-30 01:51:56',NULL),(78,'Login',-1,'admin','Login','{\"Type\": \"Login\", \"Value\": \"Invalid credentials\"}',-1,'2024-01-22 13:54:49',NULL),(79,'User',44,'taufiq','Update','[]',1,'2024-01-31 11:32:59',1),(80,'Login',-1,'admin','Login','{\"Type\": \"Login\", \"Value\": \"Invalid credentials\"}',-1,'2024-02-06 16:07:57',NULL),(81,'Login',-1,'sysadmin','Login','{\"Type\": \"Login\", \"Value\": \"Invalid credentials\"}',-1,'2024-02-06 16:41:34',NULL),(82,'Login',-1,'sysadmin','Login','{\"Type\": \"Login\", \"Value\": \"Invalid credentials\"}',-1,'2024-03-01 11:26:16',NULL),(83,'Login',-1,'admin','Login','{\"Type\": \"Login\", \"Value\": \"Invalid credentials\"}',-1,'2024-03-04 04:19:40',NULL),(84,'Login',-1,'admin','Login','{\"Type\": \"Login\", \"Value\": \"Invalid credentials\"}',-1,'2024-03-04 04:21:32',NULL),(85,'Login',-1,'admin','Login','{\"Type\": \"Login\", \"Value\": \"Invalid credentials\"}',-1,'2024-03-04 04:21:38',NULL),(86,'Login',-1,'sysadmin','Login','{\"Type\": \"Login\", \"Value\": \"Invalid credentials\"}',-1,'2024-03-08 09:44:05',NULL),(87,'Login',-1,'sysadmin','Login','{\"Type\": \"Login\", \"Value\": \"Invalid credentials\"}',-1,'2024-03-08 09:44:09',NULL),(88,'Login',-1,'sysadmin','Login','{\"Type\": \"Login\", \"Value\": \"Invalid credentials\"}',-1,'2024-03-08 09:44:15',NULL),(89,'Login',-1,'sysadmin','Login','{\"Type\": \"Login\", \"Value\": \"Invalid credentials\"}',-1,'2024-03-08 09:44:21',NULL),(90,'User',44,'taufiq','Delete',NULL,1,'2024-03-11 10:11:55',1),(91,'User',43,'CR112wilson','Delete',NULL,1,'2024-03-11 10:11:59',1),(92,'User',42,'chris','Delete',NULL,1,'2024-03-11 10:12:04',1),(93,'User',41,'prasad','Delete',NULL,1,'2024-03-11 10:12:08',1),(94,'User',38,'Oh','Delete',NULL,1,'2024-03-11 10:12:30',1),(95,'User',37,'ahilan','Delete',NULL,1,'2024-03-11 10:12:34',1),(96,'Profile',10,'Safety','Delete',NULL,1,'2024-03-11 10:12:43',1),(97,'Login',-1,'sysadmin','Login','{\"Type\": \"Login\", \"Value\": \"Invalid credentials\"}',-1,'2024-04-25 06:38:52',NULL),(98,'Login',-1,'sysadmin','Login','{\"Type\": \"Login\", \"Value\": \"Invalid credentials\"}',-1,'2024-04-25 06:38:55',NULL),(99,'Login',-1,'sysadmin','Login','{\"Type\": \"Login\", \"Value\": \"Invalid credentials\"}',-1,'2024-04-25 08:46:48',NULL),(100,'Login',-1,'sysadmin','Login','{\"Type\": \"Login\", \"Value\": \"Invalid credentials\"}',-1,'2024-04-26 03:21:40',NULL),(101,'Login',-1,'sysadmin','Login','{\"Type\": \"Login\", \"Value\": \"Invalid credentials\"}',-1,'2024-04-26 06:16:46',NULL),(102,'Login',-1,'sysadmin','Login','{\"Type\": \"Login\", \"Value\": \"Invalid credentials\"}',-1,'2024-05-07 03:39:27',NULL),(103,'Profile',11,'SYS CONTROL','Create',NULL,1,'2024-08-01 11:18:52',1),(104,'Profile',12,'Carpenter','Create',NULL,1,'2024-08-01 11:21:29',1),(105,'User',45,'vivek','Create',NULL,1,'2024-08-01 11:22:19',1),(106,'Login',-1,'sysadmin','Login','{\"Type\": \"Login\", \"Value\": \"Invalid credentials\"}',-1,'2025-02-10 09:59:25',NULL);
/*!40000 ALTER TABLE `audit_trail` ENABLE KEYS */;
UNLOCK TABLES;

--
-- Table structure for table `barcode_master`
--

DROP TABLE IF EXISTS `barcode_master`;
/*!40101 SET @saved_cs_client     = @@character_set_client */;
/*!50503 SET character_set_client = utf8mb4 */;
CREATE TABLE `barcode_master` (
  `id` int NOT NULL AUTO_INCREMENT,
  `barcode_no` varchar(200) NOT NULL,
  `model_no` varchar(200) NOT NULL,
  `manufacture_by` varchar(200) DEFAULT NULL,
  `battery_capacity` varchar(200) DEFAULT NULL,
  `battery_rating` varchar(200) DEFAULT NULL,
  `manufacture_date` date DEFAULT NULL,
  PRIMARY KEY (`id`)
) ENGINE=InnoDB DEFAULT CHARSET=utf8mb4 COLLATE=utf8mb4_0900_ai_ci;
/*!40101 SET character_set_client = @saved_cs_client */;

--
-- Dumping data for table `barcode_master`
--

LOCK TABLES `barcode_master` WRITE;
/*!40000 ALTER TABLE `barcode_master` DISABLE KEYS */;
/*!40000 ALTER TABLE `barcode_master` ENABLE KEYS */;
UNLOCK TABLES;

--
-- Table structure for table `barcode_scan`
--

DROP TABLE IF EXISTS `barcode_scan`;
/*!40101 SET @saved_cs_client     = @@character_set_client */;
/*!50503 SET character_set_client = utf8mb4 */;
CREATE TABLE `barcode_scan` (
  `id` int NOT NULL AUTO_INCREMENT,
  `barcode_no` varchar(200) NOT NULL,
  `scan_lat` float NOT NULL,
  `scan_lng` float NOT NULL,
  `scanned_by` varchar(200) NOT NULL,
  PRIMARY KEY (`id`)
) ENGINE=InnoDB DEFAULT CHARSET=utf8mb4 COLLATE=utf8mb4_0900_ai_ci;
/*!40101 SET character_set_client = @saved_cs_client */;

--
-- Dumping data for table `barcode_scan`
--

LOCK TABLES `barcode_scan` WRITE;
/*!40000 ALTER TABLE `barcode_scan` DISABLE KEYS */;
/*!40000 ALTER TABLE `barcode_scan` ENABLE KEYS */;
UNLOCK TABLES;

--
-- Table structure for table `bookmarks`
--

DROP TABLE IF EXISTS `bookmarks`;
/*!40101 SET @saved_cs_client     = @@character_set_client */;
/*!50503 SET character_set_client = utf8mb4 */;
CREATE TABLE `bookmarks` (
  `Id` int NOT NULL AUTO_INCREMENT,
  `UserId` int NOT NULL COMMENT 'Creator UserId',
  `Name` varchar(50) DEFAULT NULL,
  `Description` text,
  `ZoomLevel` int DEFAULT NULL,
  `CenterLat` double DEFAULT NULL,
  `CenterLon` double DEFAULT NULL,
  `IsInitView` tinyint(1) DEFAULT '0',
  `LastModifiedDate` datetime DEFAULT NULL,
  `IsDelete` tinyint(1) DEFAULT '0',
  PRIMARY KEY (`Id`)
) ENGINE=InnoDB DEFAULT CHARSET=latin1;
/*!40101 SET character_set_client = @saved_cs_client */;

--
-- Dumping data for table `bookmarks`
--

LOCK TABLES `bookmarks` WRITE;
/*!40000 ALTER TABLE `bookmarks` DISABLE KEYS */;
/*!40000 ALTER TABLE `bookmarks` ENABLE KEYS */;
UNLOCK TABLES;

--
-- Table structure for table `camera`
--

DROP TABLE IF EXISTS `camera`;
/*!40101 SET @saved_cs_client     = @@character_set_client */;
/*!50503 SET character_set_client = utf8mb4 */;
CREATE TABLE `camera` (
  `Id` int NOT NULL AUTO_INCREMENT,
  `AreaId` int DEFAULT NULL,
  `SiteId` int DEFAULT NULL,
  `CameraType` varchar(20) DEFAULT NULL,
  `Manufacturer` varchar(20) DEFAULT NULL,
  `Model` varchar(20) DEFAULT NULL,
  `Name` varchar(20) DEFAULT NULL,
  `Resolution` varchar(20) DEFAULT NULL,
  `Fps` int DEFAULT NULL,
  `IrEnabled` tinyint(1) DEFAULT '1',
  `Description` varchar(500) DEFAULT NULL,
  `ProcessType` varchar(10) DEFAULT NULL,
  `RtspUrl` varchar(200) DEFAULT NULL,
  `Status` int DEFAULT NULL,
  `CreatedBy` int DEFAULT NULL,
  `CreatedDate` timestamp NOT NULL DEFAULT CURRENT_TIMESTAMP,
  PRIMARY KEY (`Id`),
  KEY `FK_Site_Id_idx` (`SiteId`),
  KEY `FK_Camera_Area_Id_idx` (`AreaId`),
  CONSTRAINT `FK_Camera_Area_Id` FOREIGN KEY (`AreaId`) REFERENCES `area` (`Id`),
  CONSTRAINT `FK_Camera_Site_Id` FOREIGN KEY (`SiteId`) REFERENCES `site` (`Id`)
) ENGINE=InnoDB AUTO_INCREMENT=27 DEFAULT CHARSET=utf8mb4 COLLATE=utf8mb4_0900_ai_ci;
/*!40101 SET character_set_client = @saved_cs_client */;

--
-- Dumping data for table `camera`
--

LOCK TABLES `camera` WRITE;
/*!40000 ALTER TABLE `camera` DISABLE KEYS */;
INSERT INTO `camera` VALUES (1,1,1,'PTZ	Dahua',NULL,'License 1','License 1','1920x1080',22,1,'Intrusion Detection','rtsp','rtsp://admin:echol123@192.168.20.5/cam/realmonitor?channel=1&subtype=0',0,1,'2023-01-18 14:13:07'),(2,1,3,'PTZ	Dahua',NULL,'Station East 1','Station East 1','1920x1080',22,1,'Helmet Detection','rtsp','rtsp://admin:echol123@192.168.20.5/cam/realmonitor?channel=2&subtype=0',0,1,'2023-01-18 14:13:07'),(3,1,3,'PTZ	Dahua',NULL,'Station West 1','Station West 1','1920x1080',22,1,'Not Suitable','rtsp','rtsp://admin:echol123@192.168.20.5/cam/realmonitor?channel=3&subtype=0',0,1,'2023-01-18 14:13:07'),(4,1,3,'PTZ	Dahua',NULL,'Station West 3','Station West 3','1920x1080',22,1,'Helmet Detection','rtsp','rtsp://admin:echol123@192.168.20.5/cam/realmonitor?channel=4&subtype=0',0,1,'2023-01-18 14:13:07'),(5,1,3,'PTZ	Dahua',NULL,'Entrance 6 -2','Entrance 6 -2','1920x1080',22,1,'Not Suitable','rtsp','rtsp://admin:echol123@192.168.20.5/cam/realmonitor?channel=5&subtype=0',0,1,'2023-01-18 14:13:07'),(6,1,3,'PTZ	Dahua',NULL,'Station West 2','Station West 2','1920x1080',22,1,'Not Suitable','rtsp','rtsp://admin:echol123@192.168.20.5/cam/realmonitor?channel=6&subtype=0',0,1,'2023-01-18 14:13:07'),(7,1,3,'PTZ	Dahua',NULL,'Soil Disposal','Soil Disposal','1920x1080',22,1,'Intrusion Detection','rtsp','rtsp://admin:echol123@192.168.20.5/cam/realmonitor?channel=7&subtype=0',0,1,'2023-01-18 14:13:07'),(8,1,3,'PTZ	Dahua',NULL,'License 2','License 2','1920x1080',22,1,'Not Suitable','rtsp','rtsp://admin:echol123@192.168.20.5/cam/realmonitor?channel=8&subtype=0',0,1,'2023-01-18 14:13:07'),(9,1,3,'PTZ	Dahua',NULL,'Entrance 6 -1','Entrance 6 -1','1920x1080',22,1,'Helmet DetectionBarricade Detection','rtsp','rtsp://admin:echol123@192.168.20.5/cam/realmonitor?channel=9&subtype=0',0,1,'2023-01-18 14:13:07'),(10,1,3,'PTZ	Dahua',NULL,'Station East 2','Station East 2','1920x1080',22,1,'Not Suitable','rtsp','rtsp://admin:echol123@192.168.20.5/cam/realmonitor?channel=10&subtype=0',0,1,'2023-01-18 14:13:07'),(11,1,1,'PTZ	Dahua',NULL,'Station East 3','Station East 3','1920x1080',22,1,'Helmet Detection','rtsp','rtsp://admin:echol123@192.168.20.5/cam/realmonitor?channel=13&subtype=0',0,1,'2023-01-18 14:13:07'),(12,1,1,'PTZ	Dahua',NULL,'Station West 3','Station West 3','1920x1080',22,1,'Helmet DetectionBarricade Model','rtsp','rtsp://admin:echol123@192.168.20.5/cam/realmonitor?channel=11&subtype=0',0,1,'2023-01-18 14:13:07'),(13,1,1,'PTZ	Dahua',NULL,'Station West 5','Station West 5','1920x1080',22,1,'Barricade Model','rtsp','rtsp://admin:echol123@192.168.20.5/cam/realmonitor?channel=13&subtype=0',0,1,'2023-01-18 14:13:07'),(14,1,1,'PTZ	Dahua',NULL,'Pedestrian intrusion','Pedestrian intrusion','1920x1080',22,1,'Soil Disposal','rtsp','rtsp://admin:echol123@192.168.20.5/cam/realmonitor?channel=14&subtype=0',0,1,'2023-05-15 16:35:07'),(16,1,3,'PTZ	Dahua',NULL,'Helmet_Detection','Helmet Detection','1920x1080',22,1,'Helmet Detection','http','http://192.168.20.6:6969/cr112_helmet_detection',0,1,'2023-05-15 16:35:07'),(17,1,1,'PTZ Dahua',NULL,'License 3','License 3','1920x1080',22,1,'Intrusion Detection','rtsp','rtsp://admin:echol123@192.168.20.5/cam/realmonitor?channel=16&subtype=0',0,1,'2023-05-15 16:35:07'),(18,1,1,'PTZ Dahua',NULL,'license 6 gate 4','license 6 gate 4','1920x1080',22,1,'Intrusion Detection','rtsp','rtsp://admin:echol123@192.168.20.5/cam/realmonitor?channel=18&subtype=0',0,1,'2023-05-15 16:35:07'),(21,1,1,'PTZ Dahua',NULL,'Station West6','Station West6','1920x1080',22,1,'Guardrail Detection','rtsp','rtsp://admin:echol123@192.168.20.5/cam/realmonitor?channel=21&subtype=0',0,1,'2023-05-15 16:35:07'),(22,1,1,'PTZ Dahua',NULL,NULL,NULL,NULL,NULL,1,NULL,NULL,'rtsp://admin:echol123@192.168.20.5/cam/realmonitor?channel=21&subtype=0',0,1,'2024-01-29 13:53:00'),(23,1,3,'HoneyWell',NULL,'OFFICE 1','OFFICE CAM C','1920x1080',22,1,'All','rtsp','rtsp://admin:Root$$321@203.163.250.105:5554/live/1/1',1,1,'2024-02-07 10:17:53'),(24,1,3,'Lidar',NULL,NULL,'Lidar',NULL,NULL,1,NULL,NULL,NULL,1,1,'2024-02-27 12:44:22'),(25,1,3,NULL,NULL,'OFFICE 1','Livox Mid 360','1920x1080',NULL,1,NULL,NULL,NULL,1,1,'2024-02-07 10:17:53'),(26,1,1,'Lidar',NULL,'Office camera','Office Camera','1920x1080',22,1,'Office Camera','rtsp','rtsp://admin:echol123@192.168.0.135:554/cam/realmonitor?channel=1&subtype=0',1,1,'2024-04-30 10:17:53');
/*!40000 ALTER TABLE `camera` ENABLE KEYS */;
UNLOCK TABLES;

--
-- Table structure for table `camera_master`
--

DROP TABLE IF EXISTS `camera_master`;
/*!40101 SET @saved_cs_client     = @@character_set_client */;
/*!50503 SET character_set_client = utf8mb4 */;
CREATE TABLE `camera_master` (
  `Id` int NOT NULL AUTO_INCREMENT,
  `AreaId` int DEFAULT NULL,
  `SiteId` int DEFAULT NULL,
  `CameraType` varchar(20) DEFAULT NULL,
  `Manufacturer` varchar(20) DEFAULT NULL,
  `Model` varchar(20) DEFAULT NULL,
  `Name` varchar(20) DEFAULT NULL,
  `Resolution` varchar(20) DEFAULT NULL,
  `Fps` int DEFAULT NULL,
  `IrEnabled` tinyint(1) DEFAULT '1',
  `Description` varchar(500) DEFAULT NULL,
  `ProcessType` varchar(10) DEFAULT NULL,
  `RtspUrl` varchar(200) DEFAULT NULL,
  `Status` int DEFAULT NULL,
  `CreatedBy` int DEFAULT NULL,
  `CreatedDate` timestamp NOT NULL DEFAULT CURRENT_TIMESTAMP,
  PRIMARY KEY (`Id`)
) ENGINE=InnoDB AUTO_INCREMENT=912 DEFAULT CHARSET=utf8mb4 COLLATE=utf8mb4_0900_ai_ci;
/*!40101 SET character_set_client = @saved_cs_client */;

--
-- Dumping data for table `camera_master`
--

LOCK TABLES `camera_master` WRITE;
/*!40000 ALTER TABLE `camera_master` DISABLE KEYS */;
INSERT INTO `camera_master` VALUES (910,1,1,'BULLET','Honeywell','PA','192.168.1.56','1920x1080',20,1,'Testing CAM 1','rtsp','rtsp://admin:Root$321@192.168.1.56:554/live/1/1',0,1,'2024-01-08 05:48:14'),(911,1,2,'BULLET','Honeywell','PA','192.168.1.55','1920x1080',20,1,'Testing CAM 2','rtsp','rtsp://admin:Root$321@192.168.1.55:554/live/1/1',1,1,'2024-01-08 06:11:28');
/*!40000 ALTER TABLE `camera_master` ENABLE KEYS */;
UNLOCK TABLES;

--
-- Table structure for table `class`
--

DROP TABLE IF EXISTS `class`;
/*!40101 SET @saved_cs_client     = @@character_set_client */;
/*!50503 SET character_set_client = utf8mb4 */;
CREATE TABLE `class` (
  `Id` int NOT NULL AUTO_INCREMENT,
  `Name` varchar(20) DEFAULT NULL,
  `ModelId` int DEFAULT NULL,
  `Status` int DEFAULT NULL,
  `CreatedBy` int DEFAULT NULL,
  `CreatedDate` timestamp NOT NULL DEFAULT CURRENT_TIMESTAMP,
  PRIMARY KEY (`Id`),
  KEY `FK_Class_Model_Id_idx` (`ModelId`),
  CONSTRAINT `FK_Class_Model_Id` FOREIGN KEY (`ModelId`) REFERENCES `model` (`Id`)
) ENGINE=InnoDB AUTO_INCREMENT=571 DEFAULT CHARSET=utf8mb4 COLLATE=utf8mb4_0900_ai_ci;
/*!40101 SET character_set_client = @saved_cs_client */;

--
-- Dumping data for table `class`
--

LOCK TABLES `class` WRITE;
/*!40000 ALTER TABLE `class` DISABLE KEYS */;
INSERT INTO `class` VALUES (13,'People',7,1,1,'2024-01-29 14:18:00'),(14,'Motionless_body',8,1,1,'2024-01-29 14:19:00'),(15,'PPE',9,1,1,'2024-01-29 15:52:00'),(16,'Gauge',10,1,1,'2024-02-23 11:36:00'),(17,'Thermal',11,1,1,'2024-02-23 11:36:44'),(18,'Lidar_intrusion',12,1,1,'2024-02-27 09:58:00'),(19,'Lidar_people_count',13,1,1,'2024-02-27 09:58:20');
/*!40000 ALTER TABLE `class` ENABLE KEYS */;
UNLOCK TABLES;

--
-- Table structure for table `container_scheduler_master`
--

DROP TABLE IF EXISTS `container_scheduler_master`;
/*!40101 SET @saved_cs_client     = @@character_set_client */;
/*!50503 SET character_set_client = utf8mb4 */;
CREATE TABLE `container_scheduler_master` (
  `scheduler_id` int NOT NULL,
  `docker_compose_file` varchar(100) DEFAULT NULL,
  `model_id` int DEFAULT NULL,
  `container_id` varchar(30) DEFAULT NULL,
  `start_time` time DEFAULT NULL,
  `stop_time` time DEFAULT NULL,
  `is_scheduled` bigint DEFAULT NULL,
  `status` int DEFAULT NULL,
  `created_on` timestamp NULL DEFAULT NULL,
  `camera_id` int DEFAULT NULL,
  PRIMARY KEY (`scheduler_id`)
) ENGINE=InnoDB DEFAULT CHARSET=utf8mb4 COLLATE=utf8mb4_0900_ai_ci;
/*!40101 SET character_set_client = @saved_cs_client */;

--
-- Dumping data for table `container_scheduler_master`
--

LOCK TABLES `container_scheduler_master` WRITE;
/*!40000 ALTER TABLE `container_scheduler_master` DISABLE KEYS */;
INSERT INTO `container_scheduler_master` VALUES (1,NULL,1,NULL,'18:27:00','22:32:00',0,1,NULL,NULL),(2,NULL,3,NULL,'17:34:00','19:33:00',0,1,'2024-02-06 15:33:15',NULL),(3,NULL,1,NULL,'17:47:00','19:49:00',0,0,'2024-02-06 15:46:07',10),(4,'./yamls/intrusion-docker-compose.yml',6,NULL,'13:11:00','13:12:00',0,0,'2024-02-06 15:51:44',13),(5,NULL,2,NULL,'20:06:00','21:07:00',0,0,'2024-02-06 16:03:08',10),(6,'./yamls/ppe-docker-compose.yml',9,NULL,'19:32:00','23:32:00',0,0,'2024-02-06 16:33:00',11),(7,'./yamls/ppe-docker-compose.yml',9,NULL,'22:35:00','23:35:00',0,0,'2024-02-06 16:35:39',17),(8,'./yamls/motionless_body-docker-compose.yml',8,NULL,'19:36:00','23:36:00',0,0,'2024-02-06 16:36:55',18),(9,NULL,8,NULL,'19:44:00','23:44:00',0,0,'2024-02-06 16:44:10',21),(10,'./yamls/people_count-docker-compose.yml',7,NULL,'22:46:00','23:46:00',0,0,'2024-02-06 16:47:01',21),(11,'./yamls/intrusion-docker-compose.yml',6,NULL,'14:08:00','14:15:00',0,0,'2024-02-07 07:32:24',23),(12,'./yamls/intrusion-docker-compose.yml',6,NULL,'14:09:00','14:14:00',0,0,'2024-02-07 07:35:43',23),(13,'./yamls/intrusion-docker-compose.yml',6,'feaf61118720','14:13:00','14:18:00',1,0,'2024-02-07 07:41:40',23),(14,'./yamls/intrusion-docker-compose.yml',6,NULL,'14:19:00','14:24:00',0,0,'2024-02-07 07:47:50',23),(15,'./yamls/intrusion-docker-compose.yml',6,NULL,'15:14:00','15:17:00',0,0,'2024-02-07 08:42:46',23),(16,'./yamls/intrustion-docker-compose.yml',3,'','15:40:00','15:43:00',1,0,'2024-02-07 09:09:43',23),(17,'./yamls/intrusion-docker-compose.yml',6,NULL,'15:42:00','16:01:00',0,0,'2024-02-07 09:11:31',23),(18,'./yamls/ppe-docker-compose.yml',9,NULL,'16:36:00','16:40:00',0,0,'2024-02-07 10:05:18',23),(19,'./yamls/motionless_body-docker-compose.yml',8,NULL,'17:07:00','17:10:00',0,0,'2024-02-07 10:37:05',23),(20,'./yamls/motionless_body-docker-compose.yml',8,NULL,'17:09:00','17:12:00',0,0,'2024-02-07 10:37:54',23),(21,'./yamls/people_count-docker-compose.yml',7,NULL,'17:14:00','17:15:00',0,0,'2024-02-07 10:42:40',23),(22,'./yamls/people_count-docker-compose.yml',7,NULL,'17:37:00','17:40:00',0,0,'2024-02-07 11:05:18',23),(23,'./yamls/motionless_body-docker-compose.yml',8,NULL,'17:48:00','17:52:00',0,0,'2024-02-07 11:17:40',23),(24,NULL,12,NULL,'18:02:00','20:04:00',0,0,'2024-02-27 12:58:43',24),(25,NULL,13,NULL,'16:06:00','18:08:00',0,0,'2024-02-27 15:06:55',24),(26,NULL,12,NULL,'16:12:00','18:14:00',0,0,'2024-02-27 15:13:00',24),(27,NULL,11,NULL,'17:15:00','20:18:00',0,0,'2024-02-27 15:14:30',24),(28,NULL,12,NULL,'12:40:00','12:42:00',0,1,'2024-02-27 15:32:42',24),(29,NULL,6,NULL,'15:44:00','17:46:00',0,1,'2024-02-28 12:42:48',23),(30,NULL,12,NULL,'14:15:00','18:19:00',0,0,'2024-02-28 13:15:49',24),(31,NULL,13,NULL,'20:17:00','20:20:00',0,1,'2024-02-28 16:14:22',24);
/*!40000 ALTER TABLE `container_scheduler_master` ENABLE KEYS */;
UNLOCK TABLES;

--
-- Table structure for table `event_alarm`
--

DROP TABLE IF EXISTS `event_alarm`;
/*!40101 SET @saved_cs_client     = @@character_set_client */;
/*!50503 SET character_set_client = utf8mb4 */;
CREATE TABLE `event_alarm` (
  `id` int NOT NULL AUTO_INCREMENT,
  `site_id` int DEFAULT NULL,
  `area_id` int DEFAULT NULL,
  `camera_id` int DEFAULT NULL,
  `pipeline_id` int DEFAULT NULL,
  `stream_id` int DEFAULT NULL,
  `model_id` int DEFAULT NULL,
  `event_timestamp` timestamp NULL DEFAULT NULL,
  `event_type` varchar(100) CHARACTER SET utf8mb4 COLLATE utf8mb4_general_ci DEFAULT NULL,
  `bbox` varchar(100) CHARACTER SET utf8mb4 COLLATE utf8mb4_general_ci DEFAULT NULL,
  `score` decimal(8,7) DEFAULT NULL,
  `file_name` varchar(100) CHARACTER SET utf8mb4 COLLATE utf8mb4_general_ci DEFAULT NULL,
  PRIMARY KEY (`id`)
) ENGINE=InnoDB DEFAULT CHARSET=utf8mb4 COLLATE=utf8mb4_general_ci;
/*!40101 SET character_set_client = @saved_cs_client */;

--
-- Dumping data for table `event_alarm`
--

LOCK TABLES `event_alarm` WRITE;
/*!40000 ALTER TABLE `event_alarm` DISABLE KEYS */;
/*!40000 ALTER TABLE `event_alarm` ENABLE KEYS */;
UNLOCK TABLES;

--
-- Table structure for table `event_category`
--

DROP TABLE IF EXISTS `event_category`;
/*!40101 SET @saved_cs_client     = @@character_set_client */;
/*!50503 SET character_set_client = utf8mb4 */;
CREATE TABLE `event_category` (
  `Id` int NOT NULL AUTO_INCREMENT,
  `EventType` varchar(45) DEFAULT NULL,
  `DisplayName` varchar(45) DEFAULT NULL,
  `Icon` varchar(45) DEFAULT NULL,
  `IconSrc` varchar(10) DEFAULT NULL,
  `IconColor` varchar(10) DEFAULT NULL,
  `CardColor` varchar(10) DEFAULT NULL,
  PRIMARY KEY (`Id`)
) ENGINE=InnoDB AUTO_INCREMENT=20 DEFAULT CHARSET=utf8mb4 COLLATE=utf8mb4_0900_ai_ci;
/*!40101 SET character_set_client = @saved_cs_client */;

--
-- Dumping data for table `event_category`
--

LOCK TABLES `event_category` WRITE;
/*!40000 ALTER TABLE `event_category` DISABLE KEYS */;
INSERT INTO `event_category` VALUES (14,'LIDAR_People_Count','LIDAR- People Count','supervisor_account','material','#395592','#750075'),(15,'People_Count','VA - People Count','supervisor_account','material','#E77F18','#796a15'),(16,'MOTIONLESS_BODY_DETECTED','VA - Motionless Body','fa-solid fa-person','Fa','#1AACE7','#991a1a'),(17,'va_ppe','VA - PPE','fa-solid fa-helmet-safety','Fa','#991a1a','#1AACE7'),(18,'LIDAR_Intrusion_Detection','LIDAR - Intrusion Detection','directions_run','material','#1AACE7','#E77F18'),(19,'Thermal_Equipment','Thermal - Equipment Analysis','local_fire_department','material','#fa8072','#008080');
/*!40000 ALTER TABLE `event_category` ENABLE KEYS */;
UNLOCK TABLES;

--
-- Table structure for table `event_transactions`
--

DROP TABLE IF EXISTS `event_transactions`;
/*!40101 SET @saved_cs_client     = @@character_set_client */;
/*!50503 SET character_set_client = utf8mb4 */;
CREATE TABLE `event_transactions` (
  `Id` int NOT NULL AUTO_INCREMENT,
  `SiteId` int DEFAULT NULL,
  `AreaId` int DEFAULT NULL,
  `CameraId` int DEFAULT NULL,
  `PipelineId` int DEFAULT NULL,
  `ClassId` int DEFAULT NULL,
  `ModelId` int DEFAULT NULL,
  `EventTimeStamp` timestamp NULL DEFAULT NULL,
  `EventType` varchar(100) DEFAULT NULL,
  `Bbox` varchar(100) DEFAULT NULL,
  `Score` decimal(8,7) DEFAULT NULL,
  `FileName` varchar(100) DEFAULT NULL,
  PRIMARY KEY (`Id`),
  KEY `FK_EventAlarm_Site_Id_idx` (`SiteId`),
  KEY `FK_EventAlarm_Area_idx` (`AreaId`),
  KEY `FK_EventAlarm_Camera_Id_idx` (`CameraId`),
  KEY `FK_EventAlarm_Pipeline_Id_idx` (`PipelineId`),
  KEY `FK_EventAlarm_Model_Id_idx` (`ModelId`),
  FULLTEXT KEY `idx_event_transactions_EventType` (`EventType`)
) ENGINE=InnoDB AUTO_INCREMENT=1757260 DEFAULT CHARSET=utf8mb4 COLLATE=utf8mb4_0900_ai_ci;
/*!40101 SET character_set_client = @saved_cs_client */;

--
-- Dumping data for table `event_transactions`
--

LOCK TABLES `event_transactions` WRITE;
/*!40000 ALTER TABLE `event_transactions` DISABLE KEYS */;
INSERT INTO `event_transactions` VALUES (1757141,3,1,23,903,13,7,'2024-02-22 11:27:07','Over Crowd','[406.0, 336.0, 670.0, 616.0]',0.9433594,'d2f4f4f9-237a-492d-b436-fb34c8856e04.jpg'),(1757142,3,1,23,903,13,7,'2024-02-22 11:27:22','Over Crowd','[406.0, 336.0, 669.0, 616.0]',0.9331055,'5a44b6ab-214b-4bf9-b1e7-1e3777312278.jpg'),(1757143,3,1,23,903,13,7,'2024-02-22 11:27:36','Over Crowd','[461.0, 249.0, 751.0, 584.0]',0.9370117,'d049046b-f399-4cab-b9c3-1533c103c551.jpg'),(1757144,3,1,23,903,13,7,'2024-02-22 11:27:51','Over Crowd','[424.0, 335.0, 685.0, 613.0]',0.8828125,'c0a5f584-4e1f-43fc-b6f7-cd7ab760ce07.jpg'),(1757145,3,1,23,903,13,7,'2024-02-22 11:28:06','Over Crowd','[254.0, 46.0, 471.0, 633.0]',0.9404297,'d4ce38fb-2a85-489c-9002-f80f4f2209b8.jpg'),(1757146,3,1,23,903,13,7,'2024-02-22 11:28:21','Over Crowd','[320.0, 149.0, 464.0, 568.0]',0.9179688,'509298f0-ee31-4a56-9bf0-6d5e3859f5ac.jpg'),(1757147,3,1,23,903,13,7,'2024-02-22 11:28:35','Over Crowd','[320.0, 147.0, 479.0, 575.0]',0.9165039,'bbdeb286-1281-4cab-ab74-78a3fa54e76c.jpg'),(1757148,3,1,23,903,13,7,'2024-02-22 11:28:50','Over Crowd','[527.0, 268.0, 744.0, 582.0]',0.9130859,'a5a0c1ff-bad1-4ef3-b03a-057b4de10a02.jpg'),(1757149,3,1,23,903,13,7,'2024-02-22 11:29:05','Over Crowd','[506.0, 254.0, 741.0, 587.0]',0.9262695,'01467288-d468-4e0b-89f1-1e663388da72.jpg'),(1757150,3,1,23,903,13,7,'2024-02-22 11:29:19','Over Crowd','[429.0, 334.0, 671.0, 612.0]',0.9033203,'472c7a82-01a4-4fba-861d-eee31851b480.jpg'),(1757151,3,1,23,903,13,7,'2024-02-22 11:29:34','Over Crowd','[426.0, 336.0, 673.0, 613.0]',0.8847656,'54fd5d04-0510-4d79-a789-f7f72c371ff0.jpg'),(1757152,3,1,23,903,13,7,'2024-02-22 11:29:49','Over Crowd','[428.0, 336.0, 676.0, 613.0]',0.8652344,'b63e8021-9096-4217-b221-4ed9cb356f2c.jpg'),(1757153,3,1,23,903,13,7,'2024-02-22 11:30:03','Over Crowd','[416.0, 337.0, 666.0, 614.0]',0.9228516,'8123af54-23a0-4f53-a29e-04c18dde5a3e.jpg'),(1757154,3,1,23,903,13,7,'2024-02-22 11:30:18','Over Crowd','[425.0, 337.0, 673.0, 613.0]',0.8720703,'7095237b-c2fb-4a9f-9933-b16303c617a4.jpg'),(1757155,3,1,23,903,13,7,'2024-02-22 11:30:33','Over Crowd','[427.0, 336.0, 672.0, 612.0]',0.8974609,'511f3f98-1b47-4cfe-af3b-601d9bef1634.jpg'),(1757156,3,1,23,903,13,7,'2024-02-22 11:30:47','Over Crowd','[427.0, 336.0, 673.0, 614.0]',0.8784180,'4138c9e3-6dad-454b-95cb-d96f8673889d.jpg'),(1757157,3,1,23,903,13,7,'2024-02-22 11:31:02','Over Crowd','[412.0, 335.0, 662.0, 614.0]',0.9096680,'f887832b-93c9-4de1-aba3-cd267d85f788.jpg'),(1757158,3,1,23,903,13,7,'2024-02-22 11:31:17','Over Crowd','[427.0, 336.0, 674.0, 614.0]',0.8735352,'69e89502-5d8b-48a2-803d-06e2f54801ae.jpg'),(1757159,3,1,23,903,13,7,'2024-02-22 11:31:31','Over Crowd','[303.0, 207.0, 412.0, 512.0]',0.9125977,'0de22a42-44a4-4dad-a3a7-9486f1e24dca.jpg'),(1757160,3,1,23,903,13,7,'2024-02-22 11:31:46','Over Crowd','[500.0, 262.0, 741.0, 566.0]',0.9169922,'a650fe75-b46e-4151-8dcb-08ad4f3415d3.jpg'),(1757161,3,1,23,903,13,7,'2024-02-22 11:32:01','Over Crowd','[500.0, 264.0, 740.0, 566.0]',0.9169922,'cf5e65ba-9f5e-493a-a80f-04f7e7ea2983.jpg'),(1757162,3,1,23,903,13,7,'2024-02-22 11:32:15','Over Crowd','[501.0, 262.0, 744.0, 568.0]',0.9052734,'f7c3a5b1-754c-42d3-a313-3c200c2dd20e.jpg'),(1757163,3,1,23,903,13,7,'2024-02-22 11:32:30','Over Crowd','[412.0, 336.0, 682.0, 614.0]',0.9160156,'e61b18f9-0fdb-4cbd-8c60-89ec5c14731c.jpg'),(1757164,3,1,23,903,13,7,'2024-02-22 11:32:45','Over Crowd','[504.0, 266.0, 741.0, 568.0]',0.9047852,'f04f18e3-fbb0-447a-bab3-66c8b38e2f92.jpg'),(1757165,3,1,23,903,13,7,'2024-02-22 11:32:59','Over Crowd','[413.0, 336.0, 681.0, 615.0]',0.9223633,'e7d78d41-6f1c-49ca-a808-97377c950493.jpg'),(1757166,3,1,23,903,13,7,'2024-02-22 11:33:14','Over Crowd','[420.0, 335.0, 682.0, 616.0]',0.9125977,'db7c6d3e-79f5-4538-9af8-3122556cff20.jpg'),(1757167,3,1,23,903,13,7,'2024-02-22 11:33:29','Over Crowd','[419.0, 335.0, 678.0, 614.0]',0.9140625,'316fecd2-7a38-4e9c-8953-6bd14d261519.jpg'),(1757168,3,1,23,903,13,7,'2024-02-22 11:33:43','Over Crowd','[412.0, 337.0, 680.0, 617.0]',0.9208984,'601f315a-03d1-4f2d-84ac-87c77c9c9c45.jpg'),(1757169,3,1,23,903,13,7,'2024-02-22 11:33:58','Over Crowd','[436.0, 335.0, 679.0, 616.0]',0.9052734,'a992d6ea-4022-448b-9968-e9ea36d4b10b.jpg'),(1757170,3,1,23,903,13,7,'2024-02-22 11:34:13','Over Crowd','[436.0, 335.0, 679.0, 614.0]',0.9111328,'847e4614-b9e6-4289-b125-9923349bc831.jpg'),(1757171,3,1,23,903,13,7,'2024-02-22 11:41:30','Over Crowd','[313.0, 251.0, 383.0, 432.0]',0.9165039,'8cb827b7-b950-448a-b5f0-800b0b347c27.jpg'),(1757172,3,1,23,903,13,7,'2024-02-22 11:41:58','Over Crowd','[280.0, 153.0, 410.0, 564.0]',0.9252930,'083abf66-8da7-4759-8909-52597196ec3a.jpg'),(1757173,3,1,23,903,13,7,'2024-02-22 11:42:37','Over Crowd','[474.0, 337.0, 713.0, 621.0]',0.9262695,'7ef73e3a-bc53-4c39-bed2-8648871c17af.jpg'),(1757174,3,1,23,903,13,7,'2024-02-22 11:43:10','Over Crowd','[331.0, 261.0, 518.0, 537.0]',0.9321289,'f3e925cb-b8fa-40b4-8098-ad53ae6282f0.jpg'),(1757175,3,1,23,908,18,12,'2024-07-29 14:29:06','LIDAR_INTRUTION','[ 2.8251562 -2.0132942  0.7389145  0.8081067  0.9013756  1.7464392\n  6.306349 ]',0.1251139,'c083692c-9471-4510-9ec6-75fb0037c2cc.jpg'),(1757176,3,1,23,908,18,12,'2024-07-29 14:29:25','LIDAR_INTRUTION','[ 3.6244104  -2.034801    0.7384964   0.80387247  0.8839101   1.7502018\n  6.28252   ]',0.1262071,'7e6f6924-b49b-4ea0-ad82-f708f70db566.jpg'),(1757177,3,1,23,908,18,12,'2024-07-29 14:40:52','LIDAR_INTRUTION','[ 2.8251562 -2.0132942  0.7389145  0.8081067  0.9013756  1.7464392\n  6.306349 ]',0.1251139,'2df9ff3a-8049-45a2-86f7-ccc83be5c212.jpg'),(1757178,3,1,23,908,18,12,'2024-07-29 14:41:08','LIDAR_INTRUTION','[ 3.6244104  -2.034801    0.7384964   0.80387247  0.8839101   1.7502018\n  6.28252   ]',0.1262072,'62d096a9-7fc3-4727-96b7-403b9da5b98c.jpg'),(1757179,3,1,23,908,18,12,'2024-07-29 14:54:06','LIDAR_INTRUTION','[ 2.8251562 -2.0132942  0.7389145  0.8081067  0.9013756  1.7464392\n  6.306349 ]',0.1251139,'b139e327-6230-4b09-896a-a1b6c73b843d.jpg'),(1757180,3,1,23,908,18,12,'2024-07-29 14:54:23','LIDAR_INTRUTION','[ 3.6244104  -2.034801    0.7384964   0.80387247  0.8839101   1.7502018\n  6.28252   ]',0.1262072,'7aa7dd10-ca89-4e96-b6a3-c4c358ec88ff.jpg'),(1757181,3,1,23,908,18,12,'2024-07-29 14:54:38','LIDAR_INTRUTION','[ 3.624926   -2.0393062   0.73675334  0.8041573   0.8802296   1.7514486\n  6.2967253 ]',0.1410322,'bb28a187-2d0b-4128-bc81-71b9b5ecbe52.jpg'),(1757182,3,1,23,908,18,12,'2024-07-29 15:04:19','LIDAR_INTRUTION','[ 2.8251562 -2.0132942  0.7389145  0.8081067  0.9013756  1.7464392\n  6.306349 ]',0.1251139,'5817418f-d987-4536-8f64-ec1733e90460.jpg'),(1757183,3,1,23,908,18,12,'2024-07-29 15:11:17','LIDAR_INTRUTION','[ 2.8251562 -2.0132942  0.7389145  0.8081067  0.9013756  1.7464392\n  6.306349 ]',0.1251139,'b7119163-ab9e-45b6-9efa-f6e5e94ddfe5.jpg'),(1757184,3,1,23,908,18,12,'2024-07-29 15:28:01','LIDAR_INTRUTION','[ 2.8251562 -2.0132942  0.7389145  0.8081067  0.9013756  1.7464392\n  6.306349 ]',0.1251139,'6c725543-c471-405b-8177-30ccf0ca4ccb.jpg'),(1757185,3,1,23,908,18,12,'2024-07-29 15:28:17','LIDAR_INTRUTION','[ 3.6244104  -2.034801    0.7384964   0.80387247  0.8839101   1.7502018\n  6.28252   ]',0.1262072,'8b195c55-0940-4a7b-ba40-a5e917bbf7a6.jpg'),(1757186,3,1,23,908,18,12,'2024-07-29 15:28:37','LIDAR_INTRUTION','[ 3.624926   -2.0393062   0.73675334  0.8041573   0.8802296   1.7514486\n  6.2967253 ]',0.1410322,'59d49325-3cef-4c54-9011-790875e122c0.jpg'),(1757187,3,1,23,908,18,12,'2024-07-29 15:28:44','LIDAR_INTRUTION','[ 3.6237538 -2.0387373  0.7381957  0.7973806  0.8776028  1.7525494\n  6.303463 ]',0.1098600,'441337e8-89f2-4f5c-91a2-4ccfa3a28a39.jpg'),(1757188,3,1,23,908,18,12,'2024-07-29 15:38:43','LIDAR_INTRUTION','[ 2.8251562 -2.0132942  0.7389145  0.8081067  0.9013756  1.7464392\n  6.306349 ]',0.1251139,'337d3a1c-de87-435c-adbc-7a0205ecf346.jpg'),(1757189,3,1,23,908,18,12,'2024-07-29 15:38:58','LIDAR_INTRUTION','[ 3.6244104  -2.034801    0.7384964   0.80387247  0.8839101   1.7502018\n  6.28252   ]',0.1262072,'8247c9de-0e66-4bc6-a1ed-bd128fe1e9a3.jpg'),(1757190,3,1,23,908,18,12,'2024-07-29 15:39:14','LIDAR_INTRUTION','[ 3.624926   -2.0393062   0.73675334  0.8041573   0.8802296   1.7514486\n  6.2967253 ]',0.1410322,'c2b9f179-be5c-4aa5-85fd-7a6b0d28004f.jpg'),(1757191,3,1,23,908,18,12,'2024-07-29 16:00:53','LIDAR_INTRUTION','[ 2.8251562 -2.0132942  0.7389145  0.8081067  0.9013756  1.7464392\n  6.306349 ]',0.1251139,'89435729-06eb-43cc-892e-81736e1a8efd.jpg'),(1757192,3,1,23,908,18,12,'2024-07-29 16:01:03','LIDAR_INTRUTION','[ 3.6244104  -2.034801    0.7384964   0.80387247  0.8839101   1.7502018\n  6.28252   ]',0.1262071,'f0c6f651-69fa-4c09-a580-ab717b528d89.jpg'),(1757193,3,1,23,908,18,12,'2024-07-29 16:13:37','LIDAR_INTRUTION','[ 2.8251562 -2.0132942  0.7389145  0.8081067  0.9013756  1.7464392\n  6.306349 ]',0.1251139,'3edc9f5d-40e1-4f5a-a2cf-261a53a4d0b3.jpg'),(1757194,3,1,23,908,18,12,'2024-07-29 16:13:41','LIDAR_INTRUTION','[ 3.6244104  -2.034801    0.7384964   0.80387247  0.8839101   1.7502018\n  6.28252   ]',0.1262072,'ee410f08-a1d4-48f5-8a67-5ae30ac22e23.jpg'),(1757195,3,1,23,908,18,12,'2024-07-29 16:13:48','LIDAR_INTRUTION','[ 3.624926   -2.0393062   0.73675334  0.8041573   0.8802296   1.7514486\n  6.2967253 ]',0.1410322,'ef70ba0f-9229-48f8-b10e-0b1ef12db038.jpg'),(1757196,3,1,23,908,18,12,'2024-07-29 16:40:27','LIDAR_INTRUTION','[ 2.8251562 -2.0132942  0.7389145  0.8081067  0.9013756  1.7464392\n  6.306349 ]',0.1251139,'eb172510-40d7-4087-9f43-47347456e7dc.jpg'),(1757197,3,1,23,908,18,12,'2024-07-29 16:40:30','LIDAR_INTRUTION','[ 3.6244104  -2.034801    0.7384964   0.80387247  0.8839101   1.7502018\n  6.28252   ]',0.1262072,'7e725833-2db3-4834-9c32-f4a93de8a3ce.jpg'),(1757198,3,1,23,908,18,12,'2024-07-29 16:40:34','LIDAR_INTRUTION','[ 3.624926   -2.0393062   0.73675334  0.8041573   0.8802296   1.7514486\n  6.2967253 ]',0.1410322,'0dc5877c-f050-4e1b-a12d-ab147b7333e8.jpg'),(1757199,3,1,23,908,18,12,'2024-07-29 16:52:54','LIDAR_INTRUTION','[ 2.8251562 -2.0132942  0.7389145  0.8081067  0.9013756  1.7464392\n  6.306349 ]',0.1251139,'9e329b45-7f8e-4370-bc37-0d081a80f9b7.jpg'),(1757200,3,1,23,908,18,12,'2024-07-29 16:53:00','LIDAR_INTRUTION','[ 3.6244104  -2.034801    0.7384964   0.80387247  0.8839101   1.7502018\n  6.28252   ]',0.1262072,'28e59a29-f04e-4251-b410-ec0255a816fc.jpg'),(1757201,3,1,23,908,18,12,'2024-07-29 16:53:11','LIDAR_INTRUTION','[ 3.624926   -2.0393062   0.73675334  0.8041572   0.8802296   1.7514486\n  6.2967253 ]',0.1410322,'2d1dcd26-f0f9-4d19-bf3a-4ce812d7ba2d.jpg'),(1757202,3,1,23,908,18,12,'2024-07-29 16:53:17','LIDAR_INTRUTION','[ 3.6237538 -2.0387373  0.7381957  0.7973806  0.8776028  1.7525494\n  6.303464 ]',0.1098601,'4fb9a44f-e5ef-4714-879c-3cc649983514.jpg'),(1757203,3,1,23,908,18,12,'2024-07-29 16:53:24','LIDAR_INTRUTION','[ 3.6243806  -2.034021    0.73885834  0.8028232   0.8842393   1.7502145\n  6.2878885 ]',0.1198437,'2f78307c-1bcd-4dc7-8389-b8ed4b9df88f.jpg'),(1757204,3,1,23,908,18,12,'2024-07-29 16:53:29','LIDAR_INTRUTION','[ 3.6239483  -2.0351334   0.7384016   0.79787785  0.8812992   1.7519312\n  6.295493  ]',0.0985324,'34358666-7783-4b04-9d3a-19c7fcf05720.jpg'),(1757205,3,1,23,908,18,12,'2024-07-29 16:53:34','LIDAR_INTRUTION','[ 4.427662   -2.8016489   0.72493047  0.8273441   0.9065888   1.7388465\n  6.300694  ]',0.0875561,'66bbb7b2-10bc-4180-a316-30d9ab8068f6.jpg'),(1757206,3,1,23,908,18,12,'2024-07-29 16:53:42','LIDAR_INTRUTION','[ 4.4340124 -2.804183   0.7170496  0.8350802  0.9078317  1.7411176\n  6.2911353]',0.0889408,'beab57d1-38ca-4af3-9096-32dbe33fa950.jpg'),(1757207,3,1,23,908,18,12,'2024-07-29 16:53:49','LIDAR_INTRUTION','[ 4.4396133 -3.5961359  0.7090497  0.8377032  0.9137005  1.7375009\n  6.3127246]',0.0782219,'d6240cee-0124-4862-8da9-13cc15b1bdd5.jpg'),(1757208,3,1,23,908,18,12,'2024-07-29 17:06:47','LIDAR_INTRUTION','[ 2.8251562 -2.0132942  0.7389145  0.8081067  0.9013756  1.7464392\n  6.306349 ]',0.1251139,'0a185d47-2b92-4fa7-9957-dd7db2d9c33e.jpg'),(1757209,3,1,23,908,18,12,'2024-07-29 17:06:52','LIDAR_INTRUTION','[ 3.6244104  -2.034801    0.7384964   0.80387247  0.8839101   1.7502018\n  6.28252   ]',0.1262072,'208c3584-ab3d-4e34-bb20-2aeb8a507d6f.jpg'),(1757210,3,1,23,908,18,12,'2024-07-29 17:06:55','LIDAR_INTRUTION','[ 3.624926   -2.0393062   0.73675334  0.8041572   0.8802296   1.7514486\n  6.2967253 ]',0.1410322,'fea156af-68e1-4556-97e5-76031ca2b0a7.jpg'),(1757211,3,1,23,908,18,12,'2024-07-29 17:07:09','LIDAR_INTRUTION','[ 3.6237538 -2.0387373  0.7381957  0.7973806  0.8776028  1.7525494\n  6.303463 ]',0.1098600,'11914edb-aa05-425e-8108-e3df28d0b4ab.jpg'),(1757212,3,1,23,908,18,12,'2024-07-29 17:18:31','LIDAR_INTRUTION','[ 2.8251562 -2.0132942  0.7389145  0.8081067  0.9013756  1.7464392\n  6.306349 ]',0.1251139,'bfb4e310-ae20-47a3-bca4-d016bccbc5f2.jpg'),(1757213,3,1,23,908,18,12,'2024-07-29 17:18:33','LIDAR_INTRUTION','[ 3.6244104  -2.034801    0.7384964   0.80387247  0.8839101   1.7502018\n  6.28252   ]',0.1262072,'9b6fdc35-ee2c-4371-860a-6a445f72b9d7.jpg'),(1757214,3,1,23,908,18,12,'2024-07-29 17:18:44','LIDAR_INTRUTION','[ 3.624926   -2.0393062   0.73675334  0.8041572   0.8802296   1.7514486\n  6.2967253 ]',0.1410322,'7ae6ad4a-2e2f-426f-9f21-4e90158428d2.jpg'),(1757215,3,1,23,908,18,12,'2024-07-29 17:18:57','LIDAR_INTRUTION','[ 3.6237538 -2.0387373  0.7381957  0.7973806  0.8776028  1.7525494\n  6.303464 ]',0.1098601,'8a1b19a9-da3b-4859-b54a-c814a127dc39.jpg'),(1757216,3,1,23,908,18,12,'2024-07-29 17:19:11','LIDAR_INTRUTION','[ 3.6243806  -2.034021    0.73885834  0.8028232   0.8842393   1.7502145\n  6.2878885 ]',0.1198437,'cea012cc-9b0b-44b0-a1fd-37b60560c081.jpg'),(1757217,3,1,23,908,18,12,'2024-07-29 17:19:23','LIDAR_INTRUTION','[ 3.6239483  -2.0351334   0.7384016   0.79787785  0.8812992   1.7519312\n  6.295493  ]',0.0985324,'f11a2ef0-a7cd-44ad-923d-448fa1ce8f41.jpg'),(1757218,3,1,23,908,18,12,'2024-07-29 17:19:38','LIDAR_INTRUTION','[ 4.427662   -2.8016489   0.72493047  0.8273441   0.9065888   1.7388465\n  6.300694  ]',0.0875561,'3ee64fde-281c-4117-8be8-e7b5700c2012.jpg'),(1757219,3,1,23,908,18,12,'2024-07-29 17:29:01','LIDAR_INTRUTION','[ 2.8251562 -2.0132942  0.7389145  0.8081067  0.9013756  1.7464392\n  6.306349 ]',0.1251139,'c0a1232c-f6a5-4c1d-89a4-1b7d10f975c8.jpg'),(1757220,3,1,23,908,18,12,'2024-07-29 17:29:04','LIDAR_INTRUTION','[ 3.6244104  -2.034801    0.7384964   0.80387247  0.8839101   1.7502018\n  6.28252   ]',0.1262072,'8e140db5-71e7-425d-9eba-2135b4b9f473.jpg'),(1757221,3,1,23,908,18,12,'2024-07-29 17:29:12','LIDAR_INTRUTION','[ 3.624926   -2.0393062   0.73675334  0.8041573   0.8802296   1.7514486\n  6.2967253 ]',0.1410322,'96ed3343-dfe8-46f4-bf48-3d762b216303.jpg'),(1757222,3,1,23,908,18,12,'2024-07-29 17:29:24','LIDAR_INTRUTION','[ 3.6237538 -2.0387373  0.7381957  0.7973806  0.8776028  1.7525494\n  6.303463 ]',0.1098600,'bc323ee7-ee2c-460e-9d3d-92cfed63540f.jpg'),(1757223,3,1,23,908,18,12,'2024-07-29 17:29:50','LIDAR_INTRUTION','[ 3.6243806 -2.034021   0.7388583  0.8028232  0.8842393  1.7502145\n  6.2878885]',0.1198436,'d468926c-5128-4e21-9e59-f276471bf21a.jpg'),(1757224,3,1,23,908,18,12,'2024-07-29 17:34:06','LIDAR_INTRUTION','[ 2.816231   -2.80091     0.7326447   0.81789315  0.9016329   1.7364964\n  6.3054967 ]',0.1335912,'2962aa2a-c6a2-4ed8-b65b-31aa7299d677.jpg'),(1757225,3,1,23,908,18,12,'2024-07-29 17:34:08','LIDAR_INTRUTION','[ 2.8167002  -2.8010283   0.7328482   0.82073814  0.90286046  1.7359265\n  6.2863245 ]',0.1474440,'a138a184-e193-4863-97cb-8ea36742e8c3.jpg'),(1757226,3,1,23,908,18,12,'2024-07-29 17:34:17','LIDAR_INTRUTION','[ 2.8164525  -2.800677    0.73256737  0.81930786  0.90232664  1.7359166\n  6.304709  ]',0.1390774,'8e829f4d-f71d-4c4b-8cb1-141b0a525072.jpg'),(1757227,3,1,23,908,18,12,'2024-07-29 17:34:35','LIDAR_INTRUTION','[ 2.8163667  -2.8012478   0.73360884  0.8194412   0.90225977  1.736132\n  6.2907486 ]',0.1368234,'f84bed8a-f720-443c-aab7-8b350a728e69.jpg'),(1757228,3,1,23,908,18,12,'2024-07-29 17:34:47','LIDAR_INTRUTION','[ 3.64044    -2.8101048   0.7266601   0.8224863   0.90540797  1.7230438\n  6.286534  ]',0.1465786,'effef81e-9915-4d66-81cd-60c029c68d06.jpg'),(1757229,3,1,23,908,18,12,'2024-07-29 17:35:07','LIDAR_INTRUTION','[ 3.641492  -2.808899   0.7231093  0.828741   0.9086949  1.7233595\n  6.2826715]',0.1715725,'4152c8db-c5e1-4be8-b010-ff928396393f.jpg'),(1757230,3,1,23,908,18,12,'2024-07-29 17:35:24','LIDAR_INTRUTION','[ 3.641361  -2.8097205  0.7243514  0.8267416  0.9075029  1.7231104\n  6.281211 ]',0.1652898,'387679d9-08d7-4d6d-aad7-b83693b8b201.jpg'),(1757231,3,1,23,908,18,12,'2024-07-29 17:35:38','LIDAR_INTRUTION','[ 3.6419287  -2.8094532   0.7241893   0.82871187  0.90862775  1.7225428\n  6.2775073 ]',0.1748517,'195c9c03-c396-4b06-837f-ae3a9b776820.jpg'),(1757232,3,1,23,908,18,12,'2024-07-29 17:35:52','LIDAR_INTRUTION','[ 3.64263    -2.8097615   0.7235497   0.83092713  0.9096678   1.7220773\n  6.2763515 ]',0.1836642,'eb8f22de-2a81-4356-8c46-5e240ef1b203.jpg'),(1757233,3,1,23,908,18,12,'2024-07-29 17:36:22','LIDAR_INTRUTION','[ 3.6423042  -2.8099282   0.72385675  0.83024067  0.9094826   1.7220241\n  6.290687  ]',0.1893926,'fc36f1c6-4b27-4da3-a474-353cd1e61118.jpg'),(1757234,3,1,23,908,18,12,'2024-07-29 17:42:05','LIDAR_INTRUTION','[ 2.8251562 -2.0132942  0.7389145  0.8081067  0.9013756  1.7464392\n  6.306349 ]',0.1251139,'201f2bdf-34b7-4c84-bb0a-b107e2a603c6.jpg'),(1757235,3,1,23,908,18,12,'2024-07-29 17:42:08','LIDAR_INTRUTION','[ 3.6244104  -2.034801    0.7384964   0.80387247  0.8839101   1.7502018\n  6.28252   ]',0.1262072,'5b2c70cd-94e5-46f8-b9f0-eb6a27f9c35a.jpg'),(1757236,3,1,23,908,18,12,'2024-07-29 17:42:18','LIDAR_INTRUTION','[ 3.624926   -2.0393062   0.73675334  0.8041573   0.8802296   1.7514486\n  6.2967253 ]',0.1410322,'d068b94d-f46b-4f56-accd-54624304d490.jpg'),(1757237,3,1,23,908,18,12,'2024-07-29 17:42:36','LIDAR_INTRUTION','[ 3.6237538 -2.0387373  0.7381957  0.7973806  0.8776028  1.7525494\n  6.303463 ]',0.1098600,'76564430-92dc-45f0-9d63-676065d24725.jpg'),(1757238,3,1,23,908,18,12,'2024-07-29 17:42:54','LIDAR_INTRUTION','[ 3.6243806 -2.034021   0.7388583  0.8028232  0.8842393  1.7502145\n  6.2878885]',0.1198436,'60166e8b-011f-4d5c-b5ad-b99ac320ddfe.jpg'),(1757239,3,1,23,908,18,12,'2024-07-29 17:47:44','LIDAR_INTRUTION','[ 2.8251562 -2.0132942  0.7389145  0.8081067  0.9013756  1.7464392\n  6.306349 ]',0.1251139,'559fcb09-9f0b-4ffa-ad72-0c7ca11240f3.jpg'),(1757240,3,1,23,908,18,12,'2024-07-29 17:47:48','LIDAR_INTRUTION','[ 3.6244104  -2.034801    0.7384964   0.80387247  0.8839101   1.7502018\n  6.28252   ]',0.1262072,'55be2254-528a-4c1c-ae0b-15a4e6506690.jpg'),(1757241,3,1,23,908,18,12,'2024-07-29 17:47:54','LIDAR_INTRUTION','[ 3.624926   -2.0393062   0.73675334  0.8041572   0.8802296   1.7514486\n  6.2967253 ]',0.1410322,'31df8834-5f80-4117-a0cf-b2ba063ae65f.jpg'),(1757242,3,1,23,908,18,12,'2024-07-29 17:48:00','LIDAR_INTRUTION','[ 3.6237538 -2.0387373  0.7381957  0.7973806  0.8776028  1.7525494\n  6.303463 ]',0.1098600,'4dfaa598-e943-45e6-922e-deb4216d37f4.jpg'),(1757243,3,1,23,908,18,12,'2024-07-29 17:48:09','LIDAR_INTRUTION','[ 3.6243806 -2.034021   0.7388583  0.8028232  0.8842393  1.7502145\n  6.2878885]',0.1198437,'8ac4b4d2-156c-41d6-82c9-0c0147396824.jpg'),(1757244,3,1,23,908,18,12,'2024-07-29 17:49:08','LIDAR_INTRUTION','[ 2.8273594  -3.5988977   0.7226793   0.8092622   0.90346384  1.7392051\n  6.2942863 ]',0.1030458,'e57ad1d1-b735-4655-b49b-f64500153bc1.jpg'),(1757245,3,1,23,908,18,12,'2024-07-29 17:49:13','LIDAR_INTRUTION','[ 2.8278284 -3.601389   0.7230324  0.8104891  0.9039693  1.7400837\n  6.3021145]',0.1092291,'a7d79c00-d990-4973-b9bb-cccc96c249f5.jpg'),(1757246,3,1,23,908,18,12,'2024-07-29 17:49:23','LIDAR_INTRUTION','[ 1.1990054  -1.2029953   0.75566274  0.79626334  0.8768613   1.738998\n  6.3298616 ]',0.1010934,'693832a7-5145-4198-9047-819d98275ff1.jpg'),(1757247,3,1,23,908,18,12,'2024-07-29 17:49:31','LIDAR_INTRUTION','[ 1.1989349  -1.2036264   0.75653     0.79751545  0.8771543   1.7385192\n  6.3296347 ]',0.1110071,'4ad56500-b7c7-4f51-82a9-f8be05735b44.jpg'),(1757248,3,1,23,908,18,12,'2024-07-30 12:31:02','LIDAR_INTRUTION','[ 0.41089997 -0.6727991   0.7424664   0.6119461   0.56161904  1.7145675\n  6.281095  ]',0.4466378,'f7cb50db-b847-4d49-ba54-c3035cb32543.jpg'),(1757249,3,1,23,908,18,12,'2024-07-30 12:31:03','LIDAR_INTRUTION','[ 0.40950847 -0.680158    0.7406437   0.6117275   0.56204116  1.7136409\n  6.276733  ]',0.4202502,'d4b49973-23e0-43a4-8349-0e7b9fd09ce9.jpg'),(1757250,3,1,23,908,18,12,'2024-07-30 12:31:12','LIDAR_INTRUTION','[ 0.4023454  -0.68311447  0.74214476  0.6114218   0.5640744   1.7158202\n  6.278691  ]',0.4348560,'97da90fe-919b-4e36-a68f-fc7c7650e428.jpg'),(1757251,3,1,23,908,18,12,'2024-07-30 12:31:23','LIDAR_INTRUTION','[ 0.4317711  -0.69587415  0.73919916  0.6106831   0.55522835  1.7129592\n  6.2792783 ]',0.4416683,'9611a306-b606-4989-909e-154fc656f1f8.jpg'),(1757252,3,1,23,908,18,12,'2024-07-30 12:31:32','LIDAR_INTRUTION','[ 0.41949823 -0.6802975   0.740107    0.61029375  0.5518507   1.7114112\n  6.2844987 ]',0.4445300,'b8e75b31-4059-4c7f-8238-45bad71dd43d.jpg'),(1757253,3,1,23,908,18,12,'2024-07-30 12:31:40','LIDAR_INTRUTION','[ 0.42003044 -0.68160784  0.73891056  0.60954493  0.5500919   1.7102299\n  6.2855163 ]',0.4688254,'0510b75c-3bf3-45a4-bc6b-d16bba4f1508.jpg'),(1757254,3,1,23,908,18,12,'2024-07-30 12:31:55','LIDAR_INTRUTION','[ 0.40556344 -0.68544054  0.7389396   0.61177975  0.56483227  1.7131294\n  6.278538  ]',0.4062469,'c9dad583-2506-4943-b6ba-613b1c0ac0ca.jpg'),(1757255,3,1,23,908,18,12,'2024-07-30 12:32:03','LIDAR_INTRUTION','[ 0.4129532 -0.6887921  0.7373171  0.6114721  0.5607314  1.7116872\n  6.2807   ]',0.4298339,'2f246e8d-363e-42f8-a30d-395bda04367d.jpg'),(1757256,3,1,23,908,18,12,'2024-07-30 12:32:17','LIDAR_INTRUTION','[ 0.4158713  -0.6958746   0.7394019   0.60916907  0.5611179   1.7146497\n  6.282104  ]',0.4407846,'67dc26d4-99de-4f79-825c-5b9902f76471.jpg'),(1757257,3,1,23,908,18,12,'2024-07-30 12:32:27','LIDAR_INTRUTION','[ 0.40838662 -0.6853445   0.7385565   0.6116976   0.56273246  1.7126827\n  6.274792  ]',0.4488307,'ab0370ae-590e-4f26-ab59-d1370f70ed9d.jpg'),(1757258,3,1,23,908,18,12,'2024-07-30 12:32:38','LIDAR_INTRUTION','[ 0.41210324 -0.6897173   0.73836243  0.61228985  0.56611776  1.7135752\n  6.2801843 ]',0.4226139,'50718fbc-5247-4b90-bb8b-6429e1d950c0.jpg'),(1757259,3,1,23,908,18,12,'2024-07-30 12:32:49','LIDAR_INTRUTION','[ 0.42721027 -0.6883533   0.7395844   0.60946226  0.5581081   1.7132683\n  6.278235  ]',0.4512227,'f865773d-cd7c-44c4-85b8-adbc1becb2e5.jpg');
/*!40000 ALTER TABLE `event_transactions` ENABLE KEYS */;
UNLOCK TABLES;

--
-- Table structure for table `favourite_asset`
--

DROP TABLE IF EXISTS `favourite_asset`;
/*!40101 SET @saved_cs_client     = @@character_set_client */;
/*!50503 SET character_set_client = utf8mb4 */;
CREATE TABLE `favourite_asset` (
  `UserId` int NOT NULL,
  `AssetId` int NOT NULL,
  `LastModifiedDate` datetime DEFAULT NULL,
  PRIMARY KEY (`UserId`,`AssetId`)
) ENGINE=InnoDB DEFAULT CHARSET=latin1;
/*!40101 SET character_set_client = @saved_cs_client */;

--
-- Dumping data for table `favourite_asset`
--

LOCK TABLES `favourite_asset` WRITE;
/*!40000 ALTER TABLE `favourite_asset` DISABLE KEYS */;
/*!40000 ALTER TABLE `favourite_asset` ENABLE KEYS */;
UNLOCK TABLES;

--
-- Table structure for table `gauge_transaction`
--

DROP TABLE IF EXISTS `gauge_transaction`;
/*!40101 SET @saved_cs_client     = @@character_set_client */;
/*!50503 SET character_set_client = utf8mb4 */;
CREATE TABLE `gauge_transaction` (
  `id` int NOT NULL AUTO_INCREMENT,
  `filename` varchar(200) DEFAULT NULL,
  `location` varchar(200) DEFAULT NULL,
  `timestamp` varchar(200) DEFAULT NULL,
  `current_reading` float DEFAULT NULL,
  `unit` varchar(200) DEFAULT NULL,
  PRIMARY KEY (`id`)
) ENGINE=InnoDB AUTO_INCREMENT=14 DEFAULT CHARSET=utf8mb4 COLLATE=utf8mb4_0900_ai_ci;
/*!40101 SET character_set_client = @saved_cs_client */;

--
-- Dumping data for table `gauge_transaction`
--

LOCK TABLES `gauge_transaction` WRITE;
/*!40000 ALTER TABLE `gauge_transaction` DISABLE KEYS */;
INSERT INTO `gauge_transaction` VALUES (3,'b2cd3948-c990-46d2-9945-d0f1072cccba.jpg','Point_1','26-02-2024 13:32:31',129.928,'PSI'),(4,'104e9061-862d-43be-9888-52dccb6a8e17.jpg','Point_1','26-02-2024 13:32:31',133.402,'PSI'),(5,'ca812895-b652-4463-9112-895d26aa25ab.jpg','Point_1','26-02-2024 13:32:31',133.402,'PSI'),(6,'dee9e058-db2e-4a05-8ee8-2f09cece091d.jpg','Point_1','26-02-2024 13:32:31',129.928,'PSI'),(7,'db3d7538-d16f-4224-b896-8e48b4ae6735.jpg','Point_1','26-02-2024 13:32:31',133.402,'PSI'),(8,'8bb525c4-e514-45d5-b9cb-c18943d4c949.jpg','Point_1','26-02-2024 13:32:31',133.99,'PSI'),(9,'41324b3d-377b-49cf-a859-c79e87c939ce.jpg','Point_1','26-02-2024 13:32:31',133.165,'PSI'),(10,'fd8949c7-44af-44ec-aa03-313942429053.jpg','Point_1','26-02-2024 13:32:31',17.4273,'PSI'),(11,'jkc.jpg','Point_5','09-07-2024 11:53:55',18.987,'PSI'),(12,'eb184777-2336-4c23-8b08-9f0a667f4d4e.jpg','office,loc_jp','2024-07-10 17:41:35.619136',-123.15,'PSI'),(13,'52bc365f-a5c5-429c-b16b-8d8cef35e508.jpg','office,loc_jp','2024-07-10 17:43:33.115151',-123.15,'PSI');
/*!40000 ALTER TABLE `gauge_transaction` ENABLE KEYS */;
UNLOCK TABLES;

--
-- Table structure for table `journey_map`
--

DROP TABLE IF EXISTS `journey_map`;
/*!40101 SET @saved_cs_client     = @@character_set_client */;
/*!50503 SET character_set_client = utf8mb4 */;
CREATE TABLE `journey_map` (
  `id` int NOT NULL AUTO_INCREMENT,
  `faceid` varchar(200) NOT NULL,
  `faceloc` varchar(45) NOT NULL,
  `time` timestamp NOT NULL,
  `site_area` varchar(45) NOT NULL,
  `camid` int NOT NULL,
  `cropped_face_path` varchar(200) DEFAULT NULL,
  PRIMARY KEY (`id`)
) ENGINE=InnoDB DEFAULT CHARSET=utf8mb4 COLLATE=utf8mb4_0900_ai_ci;
/*!40101 SET character_set_client = @saved_cs_client */;

--
-- Dumping data for table `journey_map`
--

LOCK TABLES `journey_map` WRITE;
/*!40000 ALTER TABLE `journey_map` DISABLE KEYS */;
/*!40000 ALTER TABLE `journey_map` ENABLE KEYS */;
UNLOCK TABLES;

--
-- Table structure for table `journey_map_path_time`
--

DROP TABLE IF EXISTS `journey_map_path_time`;
/*!40101 SET @saved_cs_client     = @@character_set_client */;
/*!50503 SET character_set_client = utf8mb4 */;
CREATE TABLE `journey_map_path_time` (
  `Default_Minute` int NOT NULL,
  `SiteId` int DEFAULT NULL,
  PRIMARY KEY (`Default_Minute`)
) ENGINE=InnoDB DEFAULT CHARSET=utf8mb4 COLLATE=utf8mb4_0900_ai_ci;
/*!40101 SET character_set_client = @saved_cs_client */;

--
-- Dumping data for table `journey_map_path_time`
--

LOCK TABLES `journey_map_path_time` WRITE;
/*!40000 ALTER TABLE `journey_map_path_time` DISABLE KEYS */;
INSERT INTO `journey_map_path_time` VALUES (60,14);
/*!40000 ALTER TABLE `journey_map_path_time` ENABLE KEYS */;
UNLOCK TABLES;

--
-- Table structure for table `location`
--

DROP TABLE IF EXISTS `location`;
/*!40101 SET @saved_cs_client     = @@character_set_client */;
/*!50503 SET character_set_client = utf8mb4 */;
CREATE TABLE `location` (
  `Id` int NOT NULL AUTO_INCREMENT,
  `Name` varchar(45) DEFAULT NULL,
  `IsDeleted` tinyint(1) DEFAULT NULL,
  `CreatedDate` timestamp NULL DEFAULT CURRENT_TIMESTAMP,
  PRIMARY KEY (`Id`)
) ENGINE=InnoDB AUTO_INCREMENT=2 DEFAULT CHARSET=utf8mb4 COLLATE=utf8mb4_0900_ai_ci;
/*!40101 SET character_set_client = @saved_cs_client */;

--
-- Dumping data for table `location`
--

LOCK TABLES `location` WRITE;
/*!40000 ALTER TABLE `location` DISABLE KEYS */;
INSERT INTO `location` VALUES (1,'Gate 1',0,'2023-01-26 02:11:02');
/*!40000 ALTER TABLE `location` ENABLE KEYS */;
UNLOCK TABLES;

--
-- Table structure for table `login_master`
--

DROP TABLE IF EXISTS `login_master`;
/*!40101 SET @saved_cs_client     = @@character_set_client */;
/*!50503 SET character_set_client = utf8mb4 */;
CREATE TABLE `login_master` (
  `id` bigint NOT NULL AUTO_INCREMENT,
  `user` varchar(100) NOT NULL,
  `pass` varchar(100) NOT NULL,
  PRIMARY KEY (`id`)
) ENGINE=InnoDB AUTO_INCREMENT=3 DEFAULT CHARSET=utf8mb4 COLLATE=utf8mb4_0900_ai_ci;
/*!40101 SET character_set_client = @saved_cs_client */;

--
-- Dumping data for table `login_master`
--

LOCK TABLES `login_master` WRITE;
/*!40000 ALTER TABLE `login_master` DISABLE KEYS */;
INSERT INTO `login_master` VALUES (1,'Saptarshi','pass1234'),(2,'deep','shit987');
/*!40000 ALTER TABLE `login_master` ENABLE KEYS */;
UNLOCK TABLES;

--
-- Table structure for table `map_config`
--

DROP TABLE IF EXISTS `map_config`;
/*!40101 SET @saved_cs_client     = @@character_set_client */;
/*!50503 SET character_set_client = utf8mb4 */;
CREATE TABLE `map_config` (
  `Id` int NOT NULL AUTO_INCREMENT,
  `SiteId` int DEFAULT NULL,
  `ZoomLevel` int DEFAULT NULL,
  `Latitude` double DEFAULT NULL,
  `Longtitude` double DEFAULT NULL,
  `IsJourneyMap` tinyint(1) DEFAULT '0',
  PRIMARY KEY (`Id`)
) ENGINE=InnoDB AUTO_INCREMENT=3 DEFAULT CHARSET=utf8mb4 COLLATE=utf8mb4_0900_ai_ci;
/*!40101 SET character_set_client = @saved_cs_client */;

--
-- Dumping data for table `map_config`
--

LOCK TABLES `map_config` WRITE;
/*!40000 ALTER TABLE `map_config` DISABLE KEYS */;
INSERT INTO `map_config` VALUES (1,1,17,1.36244,103.83544,0),(2,1,23,1.369306,103.894607,1);
/*!40000 ALTER TABLE `map_config` ENABLE KEYS */;
UNLOCK TABLES;

--
-- Table structure for table `model`
--

DROP TABLE IF EXISTS `model`;
/*!40101 SET @saved_cs_client     = @@character_set_client */;
/*!50503 SET character_set_client = utf8mb4 */;
CREATE TABLE `model` (
  `Id` int NOT NULL AUTO_INCREMENT,
  `Name` varchar(20) DEFAULT NULL,
  `Description` varchar(100) DEFAULT NULL,
  `Type` varchar(20) DEFAULT NULL,
  `Version` int DEFAULT NULL,
  `Framework` varchar(20) DEFAULT NULL,
  `FrameworkVersion` int DEFAULT NULL,
  `BaseAlgorithm` varchar(20) DEFAULT NULL,
  `MinGpuRam` int DEFAULT '1',
  `NumberOfCuda` int DEFAULT '1000',
  `FileLocation` varchar(20) DEFAULT NULL,
  `PrimaryFileLoc` varchar(200) DEFAULT NULL,
  `PrimaryFileName` varchar(100) DEFAULT NULL,
  `SecondaryFileloc` varchar(200) DEFAULT NULL,
  `SecondaryFileName` varchar(100) DEFAULT NULL,
  `Status` int DEFAULT '1',
  `CreatedBy` int DEFAULT NULL,
  `CreatedDate` timestamp NOT NULL DEFAULT CURRENT_TIMESTAMP,
  PRIMARY KEY (`Id`)
) ENGINE=InnoDB AUTO_INCREMENT=14 DEFAULT CHARSET=utf8mb4 COLLATE=utf8mb4_0900_ai_ci;
/*!40101 SET character_set_client = @saved_cs_client */;

--
-- Dumping data for table `model`
--

LOCK TABLES `model` WRITE;
/*!40000 ALTER TABLE `model` DISABLE KEYS */;
INSERT INTO `model` VALUES (6,'intrusion',NULL,NULL,NULL,NULL,NULL,NULL,1,1000,'S3',NULL,NULL,NULL,NULL,1,NULL,'2024-01-23 07:02:12'),(7,'people_count',NULL,NULL,NULL,NULL,NULL,NULL,1,1000,'S3',NULL,NULL,NULL,NULL,1,NULL,'2024-01-23 07:02:55'),(8,'motionless_body',NULL,NULL,NULL,NULL,NULL,NULL,1,1000,'S3',NULL,NULL,NULL,NULL,1,NULL,'2024-01-23 07:04:31'),(9,'ppe',NULL,NULL,NULL,NULL,NULL,NULL,1,1000,'S3',NULL,NULL,NULL,NULL,1,NULL,'2024-01-29 15:41:31'),(10,'gauge',NULL,NULL,NULL,NULL,NULL,NULL,1,1000,'S3',NULL,NULL,NULL,NULL,1,NULL,'2024-02-23 11:29:00'),(11,'thermal',NULL,NULL,NULL,NULL,NULL,NULL,1,1000,'S3',NULL,NULL,NULL,NULL,1,NULL,'2024-02-23 11:29:30'),(12,'lidar_intrusion',NULL,NULL,NULL,NULL,NULL,NULL,1,1000,'S3',NULL,NULL,NULL,NULL,1,NULL,'2024-02-27 09:53:00'),(13,'lidar_people_count',NULL,NULL,NULL,NULL,NULL,NULL,1,1000,'S3',NULL,NULL,NULL,NULL,1,NULL,'2024-02-27 09:53:10');
/*!40000 ALTER TABLE `model` ENABLE KEYS */;
UNLOCK TABLES;

--
-- Table structure for table `model_master`
--

DROP TABLE IF EXISTS `model_master`;
/*!40101 SET @saved_cs_client     = @@character_set_client */;
/*!50503 SET character_set_client = utf8mb4 */;
CREATE TABLE `model_master` (
  `model_id` int NOT NULL AUTO_INCREMENT,
  `name` varchar(45) DEFAULT NULL,
  `description` varchar(100) DEFAULT NULL,
  `type` varchar(20) DEFAULT NULL,
  `version` int DEFAULT NULL,
  `framework` varchar(20) DEFAULT NULL,
  `framework_version` int DEFAULT NULL,
  `base_algorithm` varchar(20) DEFAULT NULL,
  `min_gpu_ram` int DEFAULT '1',
  `number_of_cuda` int DEFAULT '1000',
  `file_location` varchar(20) DEFAULT NULL,
  `primary_file_loc` varchar(200) DEFAULT NULL,
  `primary_file_name` varchar(100) DEFAULT NULL,
  `secondary_file_loc` varchar(200) DEFAULT NULL,
  `secondary_file_name` varchar(100) DEFAULT NULL,
  `status` int DEFAULT '1',
  `created_by` int DEFAULT NULL,
  `created_date` datetime DEFAULT NULL,
  PRIMARY KEY (`model_id`)
) ENGINE=InnoDB AUTO_INCREMENT=3 DEFAULT CHARSET=utf8mb4 COLLATE=utf8mb4_0900_ai_ci;
/*!40101 SET character_set_client = @saved_cs_client */;

--
-- Dumping data for table `model_master`
--

LOCK TABLES `model_master` WRITE;
/*!40000 ALTER TABLE `model_master` DISABLE KEYS */;
INSERT INTO `model_master` VALUES (1,'helmet',NULL,NULL,NULL,NULL,NULL,NULL,1,1000,NULL,NULL,NULL,NULL,NULL,1,NULL,NULL),(2,'intrusion',NULL,NULL,NULL,NULL,NULL,NULL,1,1000,NULL,NULL,NULL,NULL,NULL,1,NULL,NULL);
/*!40000 ALTER TABLE `model_master` ENABLE KEYS */;
UNLOCK TABLES;

--
-- Table structure for table `nationality`
--

DROP TABLE IF EXISTS `nationality`;
/*!40101 SET @saved_cs_client     = @@character_set_client */;
/*!50503 SET character_set_client = utf8mb4 */;
CREATE TABLE `nationality` (
  `Id` int NOT NULL AUTO_INCREMENT,
  `Nationality` varchar(100) DEFAULT NULL,
  PRIMARY KEY (`Id`)
) ENGINE=InnoDB AUTO_INCREMENT=223 DEFAULT CHARSET=utf8mb4 COLLATE=utf8mb4_0900_ai_ci;
/*!40101 SET character_set_client = @saved_cs_client */;

--
-- Dumping data for table `nationality`
--

LOCK TABLES `nationality` WRITE;
/*!40000 ALTER TABLE `nationality` DISABLE KEYS */;
INSERT INTO `nationality` VALUES (1,'Singaporean'),(2,'Malaysian'),(3,'Afghan'),(4,'Albanian'),(5,'Algerian'),(6,'American'),(7,'Andorran'),(8,'Angolan'),(9,'Anguillan'),(10,'Citizen of Antigua and Barbuda'),(11,'Argentine'),(12,'Armenian'),(13,'Australian'),(14,'Austrian'),(15,'Azerbaijan'),(16,'Bahamian'),(17,'BahrainiB'),(18,'Bangladeshi'),(19,'Barbadian'),(20,'Belarusian'),(21,'Belgian'),(22,'Belizean'),(23,'Beninese'),(24,'Bermudian'),(25,'Bhutanese'),(26,'Bolivian'),(27,'Citizen of Bosnia and Herzegovina'),(28,'Botswanan'),(29,'Brazilian'),(30,'British'),(31,'British Virgin Islander'),(32,'Bruneian'),(33,'Bulgarian'),(34,'Burkinan'),(35,'Burmese'),(36,'Burundian'),(37,'Cambodian'),(38,'Cameroonian'),(39,'Canadian'),(40,'Cape Verdean'),(41,'Cayman Islander'),(42,'Central African'),(43,'Chadian'),(44,'Chilean'),(45,'Chinese'),(46,'Colombian'),(47,'Comoran Congolese (Congo)'),(48,'Congolese (DRC)'),(49,'Cook Islander'),(50,'Costa Rican'),(51,'Croatian'),(52,'Cuban'),(53,'Cymraes'),(54,'Cymro'),(55,'Cypriot'),(56,'Czech'),(57,'Danish'),(58,'Djiboutian'),(59,'Dominican'),(60,'Citizen of the Dominican Republic'),(61,'Dutch'),(62,'East Timorese'),(63,'Ecuadorean'),(64,'Egyptian'),(65,'Emirati'),(66,'Equatorial Guinean'),(67,'Eritrean'),(68,'Estonian'),(69,'Ethiopian'),(70,'Faroese'),(71,'Fijian'),(72,'Filipino'),(73,'Finnish'),(74,'French'),(75,'Gabonese'),(76,'Gambian'),(77,'Georgian'),(78,'German'),(79,'Ghanaian'),(80,'Gibraltarian'),(81,'Greek'),(82,'Greenlandic'),(83,'Grenadian'),(84,'Guamanian'),(85,'Guatemalan'),(86,'Citizen of Guinea-Bissau'),(87,'Guinean'),(88,'Guyanese'),(89,'Haitian'),(90,'Honduran'),(91,'Hungarian'),(92,'Icelandic'),(93,'Indian'),(94,'Indonesian'),(95,'Iranian'),(96,'Iraqi'),(97,'Irish'),(98,'Israeli'),(99,'Italian'),(100,'Ivorian'),(101,'Jamaican'),(102,'Japanese'),(103,'Jordanian'),(104,'Kazakh'),(105,'Kenyan'),(106,'Kittitian'),(107,'Citizen of Kiribati'),(108,'Kosovan'),(109,'Kuwaiti'),(110,'Kyrgyz'),(111,'Lao'),(112,'Latvian'),(113,'Lebanese'),(114,'Liberian'),(115,'Libyan'),(116,'Liechtenstein citizen'),(117,'Lithuanian'),(118,'Luxembourge'),(119,'Macanese'),(120,'Macedonian'),(121,'Malagasy'),(122,'Malawian'),(123,'Maldivian'),(124,'Malian'),(125,'Maltese'),(126,'Marshallese'),(127,'Martiniquais'),(128,'Mauritanian'),(129,'Mauritian'),(130,'Mexican'),(131,'Micronesian'),(132,'Moldovan'),(133,'Monegasque'),(134,'Mongolian'),(135,'Montenegrin'),(136,'Montserratian'),(137,'Moroccan'),(138,'Mosotho'),(139,'Mozambican'),(140,'Namibian'),(141,'Nauruan'),(142,'Nepalese'),(143,'New Zealander'),(144,'Nicaraguan'),(145,'Nigerian'),(146,'Nigerien'),(147,'Niuean'),(148,'North Korean'),(149,'Northern Irish'),(150,'Norwegian'),(151,'Omani'),(152,'Pakistani'),(153,'Palauan'),(154,'Palestinian'),(155,'Panamanian'),(156,'Papua New Guinean'),(157,'Paraguayan'),(158,'Peruvian'),(159,'Pitcairn Islander'),(160,'Polish'),(161,'Portuguese'),(162,'Prydeinig'),(163,'Puerto Rican'),(164,'Qatari'),(165,'Romanian'),(166,'Russian'),(167,'Rwandan'),(168,'Salvadorean'),(169,'Sammarinese'),(170,'Samoan'),(171,'Sao Tomean'),(172,'Saudi Arabian'),(173,'Scottish'),(174,'Senegalese'),(175,'Serbian'),(176,'Citizen of Seychelles'),(177,'Sierra Leonean'),(178,'Slovak'),(179,'Slovenian'),(180,'Solomon Islander'),(181,'Somali'),(182,'South African'),(183,'South Korean'),(184,'South Sudanese'),(185,'Spanish'),(186,'Sri Lankan'),(187,'St Helenian'),(188,'St Lucian Stateless'),(189,'Sudanese'),(190,'Surinamese'),(191,'Swazi'),(192,'Swedish'),(193,'Swiss'),(194,'Syrian'),(195,'Taiwanese'),(196,'Tajik'),(197,'Tanzanian'),(198,'Thai'),(199,'Togolese'),(200,'Tongan'),(201,'Trinidadian'),(202,'Tristanian'),(203,'Tunisian'),(204,'Turkish'),(205,'Turkmen'),(206,'Turks and Caicos Islander'),(207,'Tuvaluan'),(208,'Ugandan'),(209,'Ukrainian'),(210,'Uruguayan'),(211,'Uzbek'),(212,'Vatican citizen'),(213,'Citizen of Vanuatu'),(214,'Venezuelan'),(215,'Vietnamese'),(216,'Vincentian'),(217,'Wallisian'),(218,'Welsh'),(219,'Yemeni'),(220,'Zambian'),(221,'Zimbabwean'),(222,'Not Specified');
/*!40000 ALTER TABLE `nationality` ENABLE KEYS */;
UNLOCK TABLES;

--
-- Table structure for table `order_master`
--

DROP TABLE IF EXISTS `order_master`;
/*!40101 SET @saved_cs_client     = @@character_set_client */;
/*!50503 SET character_set_client = utf8mb4 */;
CREATE TABLE `order_master` (
  `id` int NOT NULL AUTO_INCREMENT,
  `order_name` varchar(200) NOT NULL,
  `order_location` varchar(200) NOT NULL,
  `order_date` timestamp NOT NULL,
  `order_created_by` varchar(200) NOT NULL,
  PRIMARY KEY (`id`)
) ENGINE=InnoDB AUTO_INCREMENT=36 DEFAULT CHARSET=utf8mb4 COLLATE=utf8mb4_0900_ai_ci;
/*!40101 SET character_set_client = @saved_cs_client */;

--
-- Dumping data for table `order_master`
--

LOCK TABLES `order_master` WRITE;
/*!40000 ALTER TABLE `order_master` DISABLE KEYS */;
INSERT INTO `order_master` VALUES (35,'cbpg plant noida','Noida, Delhi, ','2023-11-08 10:43:55','USER NAME');
/*!40000 ALTER TABLE `order_master` ENABLE KEYS */;
UNLOCK TABLES;

--
-- Table structure for table `order_type_master`
--

DROP TABLE IF EXISTS `order_type_master`;
/*!40101 SET @saved_cs_client     = @@character_set_client */;
/*!50503 SET character_set_client = utf8mb4 */;
CREATE TABLE `order_type_master` (
  `order_type_id` int NOT NULL,
  `order_type_name` varchar(255) DEFAULT NULL,
  `Model_No` varchar(255) DEFAULT NULL,
  `specs` varchar(255) DEFAULT NULL,
  `Rating` double DEFAULT NULL,
  `manufacturer_name` varchar(255) DEFAULT NULL,
  `MFD_ON` timestamp NULL DEFAULT NULL,
  `status` tinyint(1) DEFAULT NULL,
  PRIMARY KEY (`order_type_id`)
) ENGINE=InnoDB DEFAULT CHARSET=utf8mb4 COLLATE=utf8mb4_0900_ai_ci;
/*!40101 SET character_set_client = @saved_cs_client */;

--
-- Dumping data for table `order_type_master`
--

LOCK TABLES `order_type_master` WRITE;
/*!40000 ALTER TABLE `order_type_master` DISABLE KEYS */;
INSERT INTO `order_type_master` VALUES (1,'Check Battery','BAT123','12V, 7Ah',4.5,'BatteryCo','2024-01-15 09:00:00',1),(2,'Check Wire','WIRE456','Copper, 10m',4.2,'WireMakers','2024-02-20 10:30:00',1),(3,'Check Transformer','TRANS789','220V to 110V, 50Hz',4.8,'TransPower','2024-03-10 08:45:00',1),(4,'Check Gauge Reading','GAUGE012','0-100 PSI',4.3,'GaugeTech','2024-04-05 12:20:00',1);
/*!40000 ALTER TABLE `order_type_master` ENABLE KEYS */;
UNLOCK TABLES;

--
-- Table structure for table `otp`
--

DROP TABLE IF EXISTS `otp`;
/*!40101 SET @saved_cs_client     = @@character_set_client */;
/*!50503 SET character_set_client = utf8mb4 */;
CREATE TABLE `otp` (
  `ETUS` varchar(400) NOT NULL,
  `OTP` varchar(10) NOT NULL,
  `UserId` int DEFAULT NULL,
  `ExpiryDate` datetime DEFAULT NULL,
  `IsActive` tinyint(1) DEFAULT '1',
  PRIMARY KEY (`ETUS`,`OTP`)
) ENGINE=InnoDB DEFAULT CHARSET=latin1;
/*!40101 SET character_set_client = @saved_cs_client */;

--
-- Dumping data for table `otp`
--

LOCK TABLES `otp` WRITE;
/*!40000 ALTER TABLE `otp` DISABLE KEYS */;
INSERT INTO `otp` VALUES ('/DD1aR/xxzBe71GdLTBSkKmcdss6d7KDk9ZoA7P2c+S4h8cMYA1A/ZKlr4eWwZiQaF32PgoBqwW2DO1NWQdWKrt82c8Aga1Phok5061A9B/kUb+yYKbWyOIMcet13XyCNYlb1Z3PfQlUWRHGBEBsSAXWIu8FoOl8wzJNTaKs172d84x9gs/CaCduIvuo3fbFmZ7EcCnCpTBOYO1DiBLBv6lvmdSc09iDFUkgZgICWxd+sA8MOlMCnNzzjMdiIYKbgTG4pXSov/nchbWxPazK+HOBJHQv6xwnRbKv3z0FAdMLrdDq4HvwUrpr8mnOBpGICr61cTKWgggkwv/l1Dp57w==','781706',38,'2023-06-07 02:28:13',0),('2bCl7e7l1sNOCWAYbeMPWzeGY+jf1nhgyFcBwzOWg225NPmqQY0pLqlaJHlnOVIQP77I55it8lzfMzNYve2QVpbWtbYeJWCuDDijAYuT2+NgMm+jkpp0d2RfLAa6nFoOSd9Jxjj3VUaOhfVsd8CH3GKmycPpnTbiO3myomBtdLPAu+lfYvai2xdC0Mt/rIz9z7Vix0sLVRFzoltKK81pV+DnJJePG/DnOTnmo3MMBEiepwKL/u/Zm6YDQNykUStElnz6F/B+4CM7IxBBG+gzng9ccgAHehqo+DA+8Rm7MDXHqtV5DeS7iCbKx7j9aaXu1TcQlCPpgO3I9ExGqAs3Kg==','941757',38,'2023-06-21 07:26:15',1),('4mVP6wbpsy/17IyUlPPghkSa4oCb2N260V2J9mlYxT85clmslSfiDRz2hykwsXJCCP0JqkQ/buduUoItmu0F1MchpGtU18+Cq9Sbri67uYV4BZwxoYbEMasOWuF/0dpj1LwAk3LmSJfQSawiuTT+ICEZLiY/mYDxyU2NMc7/0KNME2v6nOK9TBjqn/nU55vPuugukBM999fn9fkpwIFTDQamE5d9oIurUisJw3nNXlaCXkSrrwVjVzoBHuqlsq73p6RZnFuCtkyxw/WzUi/FAlLesTQ57bWIcd43lsLNZbmFqOy6bSu4vNvxpveokdl7Nkapxq893nRWKV9/ZD+FYA==','885521',38,'2023-05-22 07:00:10',0),('5VUN8dtD8wPzGl3zsBH7tHzaNaIJXu0BLJGKIxFPVGMgj1NCnjjhaLDRi6zP0BgVG/yhlzSWrxazIsB13Whp0nswGeJyxLI1KKMkBor8xH6qtfjkULXAoFF3hYs+DOwZiegBe6M/vwfpQNYqSiAwWC1eCbePX9JAbpB1qAJDZWXmEGYxDcSLYcIamX1Z1iYsjK/mhu9TlQGgIcnnhWqI7fgTeLk9MTGxW3Yv2A7qNtK5KArbSe33qqTdaD9ATL7UtSRSzjgq8ZqxbW5zSXbxlWLoVIN52NYaMJSrK2wCQz3ItC50OOUmyyOea+nshXDZcCkShd71K1sdsQ8SBiZo+g==','692164',38,'2023-05-17 05:50:53',0),('5z91zZOrxzcdB49UtZpz3g+FY+qKSCnVaLZGwO6Mlbxh6///sMWAQyYTJqzcnM4H1XnLlUZZ1Io3xWPM+d2IyQc2Bv9QTmPJiKNsbBmO6MCy5hBVE9jitJyxQBUBqTk/UwgOKK3DU1LEmMX3Bu9lQ2bkucU0jE8Wk/Fe2ZrmQQhcsiIHPRPD7XZMBPQfyySMF/To9UTcJo9jz9luGodpXWLuGzVeb+0226MmeW1YQKr6ZTQnMhC2eLnK/SGfHszgarouPKRWR+9R2uX/QPfDZVtqcIcWRJTssy7ZvghOHxxUlu4jz0Y0uFB/insnsT1qsWHyVM6DaBbt4k8eIUYSrw==','058175',38,'2023-05-16 03:40:50',0),('9tmbgyroPMkeBUY5fdryYpc3LoYJj9ugMasF1iweF/lYbiuNWPdOQRXu8GjI5DP9Gdr9Klt6LZS+r5T+/xsQ/vE7dcHY0tVjUOEtk+OXYvze0/IwDCCfDxNLfeGXjS0wq2FRa11dpv8kx3IazOI4WJnFB+xx2q5zb2+V9MZGdu+0CKGYWXuyeCNrwVnGdBn+l4kGxFH4n22X+Hf8G7mm7QGYsz36FPsoCH1S8MfWk1wYfySTk9G8zNaMgqossJBt2YASjEGEDaiBjzg4AQ7Uqmrmt5uMJqRH3SHCEoq20Sy735QBL0+e0sm7haL3GK1JH5Z62KIgSCFdO41e8RwC/Q==','814023',37,'2023-05-09 02:19:49',1),('b3OOn+b2i3TxLNEojozAAOVQ62pazCR+SDKpGR9BmcQ3EfyS9+1B7gL6vFJmTdS+2bmwYXqWXVa0xLuaQKfRJng3MRI3SjI0aVb1pxiMm9BTJd1OJgnZ8T8FCjIRE3EAGuQbZUWO52e8NxOaBUUomxFYlpJNgHl86x3I7B7up2OaBAJhTzmacrNT2HgNXsH4oYHQR4M3OsCu1/rdnEueTL+XUuN1agwAzin/IFOhvvUa762gvPirgoLetPY/NuLbhsK1v5sts7KxHExaGZJw3RGnuPtrgAb0claU1/Xr9L4YG6HJHGm+DMaejM+JK42TYvnHaBpcphh6ydT61CWfjQ==','020487',38,'2023-05-09 02:23:33',0),('BpDdJJXZTjlH+vI8WsLx7Ez/W0r/aA1u9hvJy46+ger/fBjJQ45w4FkPhyZHsPhV+Idzi5d4C5L/0O1J4a/Jdoq1jaUK9JD15hcfNTJpFe1Vy87oXsE4+vLIy1npLo1AXTawjH/c0V2Cvp+1fgYkTmFwYYz6AKCfiBG7QK6iUqtLlJIW6P35nBmHOXTsNucmfdca6U4gaFzerdNdJvYcb6bduh3Xyt9DCVgef0+oRyK4/iff89Tk+U//ZVv6pVMZc1NnBI7hfvnG0fPxOxmiAta4CXTJfKbLB01erukWh7zy57jJ9tOYRB6/VouTpkLhcy7MsrZ45O4Y+xT6RcgCaQ==','489036',38,'2023-06-21 04:56:21',0),('eq2C0LidCi0y2tdQWglGy7bjLb4XHJhHgMwJjmm8/9lcRvCpzaiqh3HUTTZuRCedKHj0hOQYGbNStMrhiUb2tJQDxzPdQbCdxaD1iqo1POw/f49umsUEMZQRocAErkNfrbhKK6g+5pNr2G329GntGnR6ty/y0QU+fO2u/ilTlT3JaIxGWuH724cLyFCdr6ygrWxMCRcc44Oy24BzxRcEjg0Lvz/bRLQpLuI18E5luXELhbpA9DQjKSf2e7K/5hu5LMK8hV8cn0u0wqGqPgJaDZOvh+YyNQisDxqarFC76s0K7pcvGSOEJmOgiRFoHYoOZdYKl96r5yuwA3iRPT0l8Q==','379437',38,'2023-05-09 02:22:48',0),('gjkNa/qgMd+bhx3xanaR+tcigwne+YjCwdwRdLWKzihhLZid0RnXfX7gn318iAOgBD6voLTwaZvQnk+tKVW1xOek1jX98ds/gulbvAfEQhhq1UNdQsoEBCbr6Qqt3ZjAjY+cHLduKD9PLl2jmxPpkFm7AexxSwAm55IbW7Xp/P/Tn6LuF+a3+5csVIW0Z2it06QgNMaixejoTj97G+P0UKxsEmZUiYAvQgy/PIKgX7lfwvaT13xZAYNHAHxb+NuEHZX/r7YtQrs8WB9OTdYQynijgrsFM7L6kFltTZpkr7AE/3RtnsyOO9m+m5mncY9SM4XMQcA33RXi/zmbAbBpuw==','362046',38,'2023-05-15 07:06:02',0),('JBGrLNgcRMlYwQeqietGEAWh0wa91CMqYxAcX8pykOl0NwRolkBT2ZY4ISWNXn51yzwMuQjst7xKNbz6VK0hKg91CjTNsh9d5a/AAz9nEeO9SfOl6uCQVwmRRw4yr8ApC7+1aulufkkBGhRT6olsnZ4eCEpOJfs/8uAp8l+jbL0S5vvldeQ0XiMyJ6P6aepZiCfpdKm2SdGmcgKZQtK5cGxrXQb9cAndnTtVJdbtk5tuZXSGeMOkog+CWYfiz6Yj+nhUxtPjYazegoCYUEbDfQVa0T4n2KV+mL+O8tgsqLElzHF1BmEhGjgTxXrgBQYHiI6SG66Lirh/axGcoIPLbA==','709903',38,'2023-05-09 06:58:47',0),('JyRhLFczOQrF+u+3Uo6jtzOamA0/GVVWeRu42xAyrazPCk0Es88dandpB5rjEzgB1bOu5vf9EFsdEhD+fnW6xKCjI6XvxtdI3tBTNpimQfgOLNK2EgnIOpT32xI1qTmcYU5AhAruHm7v4z1AHPqCHYr+xq5doKO8b3h9hGqPqJRFQ+CtD7PajrmMYDMBG4jQVZwGCcQ2DlXg15Raf9pCzKPWhVsE1xJuvoWYmEhkRqYgYTX4iMrOuj9YqPMun4ZO2DCW0L1W5/jo88t3bZotNQkWezPGK/em96Oq6boZSdyMY746n7X9SbU0vaBUAkOdzi1b7wHIW3tPRKWYK1yh+g==','413447',37,'2023-05-09 01:35:56',0),('K3aaKTRYRxYioU0/n5ysomOb55TdAfdhRme4pcqmK3VGxZQ26vx30vO09LbiAowzQE3wzGMVtKQyIRrXIEZwx7XwrRxQj26gQQGgkopkMOt/GRBK28bNC7XEYz9rPzmQU3qG9HmCY+z09CiwoQ4GfiAqQAU0v39h10AlfwX2+LDBSnu5qabBkS3CVz7Vxc04jV9N+SqwPUQKJEwEQrL+QI4fLY3R4RQw2+nr1QKxD4BxTFJ9WudxliigetB3j3pYGlyZvWD0wWAf2xhbgTSktWfgcgvI3OTzzLQb41q4UiX49DWAGbEbJOouUfAHL/Iz93ImzZo8O6k2pXnt5w/x5A==','146552',37,'2023-05-09 01:38:18',0),('mOcLyFtFmut8VDY9rA1YjwObDglCX3HnHIxj3kR3Gf0XJ9fEDPC975900JNPTygG8sc19IKaIFyiZed3gnyQ9GZj1HYv3Vtr0cd02MsQqxslDqg+JIcQLg0LBO9z/X2S+IdcXnW2XTBTPx12rpnsLyZUOwL87yP/5WQBabJBMFUENhHzN60B+RakyQj3zRkkfRnAywdkhBQR9nzS/2NiGqQYVKS9pDHZwPV9vf58T3j0xqNNSH/q6P175KXraITOw33tloPmk/Tqh5iUdXGswoUERKN7T0Pfmuj7sgjcQxDn8qGKYoRU8dq5Br5E6jTE2ecEces+c3uleE6KT+oswA==','038494',37,'2023-05-09 01:36:22',0),('ovlIBQY0P7z5neVzPGFKyYQxFDJasksJQqFbQkeQ+mKb7AJOjc9f2bMC463TaWUvnNU6Xo0gp9MYEq4H/01ecdF/uTuUAULqlka+sR0fQFRSgMrdqVdUMG5e4QrDzUqFa8uU48Zj32r1TBuBqRqqloBjaFXksgd9FZG0TZPB2bUBragqnmg/3HtJ4Q/CJG2ECH71gxR3M232KMbeAZRCqcNc05b9XxvIlr0FpRxJ6xqSOEocd6kQQKK4kaVJEaJ0I3KYDjma3LSXe1u6l4wPO3ZOnoM49Ma7q6E0W1b/Y/elvCxVgkYIG881wwOKQSgHJJkirXpN3NufPDAAkry/jQ==','421886',42,'2023-06-07 02:54:42',1),('p4O4n25tRiBA83+GnHoqL/AoC86PF04kFcG9kLOmU+v+6fx9JRXWYQfgpBfqtA8b1wmseLS0mgij2UkoA1b2THU+vP7HjxPHyzzykBYNwD1Ff1dtSvchCey7BjpiSRR74d2+jML+BSi8yGEd1+Vc3c+AXqF82j7QBGheZs4J2iBWctXFkQFb8UYbNkPw1f8XjhtdBGTU5TfKiC/t9sc0EJw5Fw2xJoehAsXnVOWassKjAOMtyxaMqvc/HMj95gCT2avngp8VsWct16nEzqikZaXnTgxLWxKLDvBPLkdE5ZP6VDl43rD2K6vNZtbUdoenVFUXUsM4RH2ZawhuSFgRHw==','393356',39,'2023-05-09 05:59:21',0),('QBO9rlC1rnttzqnBwy0P15ro7N8QgisVt1gLtXafwY/pAN+qO04pDNeoq93WYwWYXFx4+0vPRlN5QQnsxaFHkCRXn3Z7fFNmz2auQP6U6v5nO6T4tVzvKUq+VO/uJTEJoCWDQgycyhgT5u0VbeqLbbE9v1bKkUugj76lXuF6CY+GztXyauucWVFjuGI1xo78G5J+rg77/k9FDkpcqQkxYda2b6mz+aDX0EH46MvwOpueTXzhdxqRFrbXrg+FbkBmPWzESRyNOr2fMBAa7OeXxpMhJ7cl54lEWnwj8VPhyShPawiajwl4Olr2AHxbwFljANWf4VBz9V6rqEhhr9NHUA==','399158',38,'2023-06-21 04:51:44',0),('qGNZfffQUfvgzCK95RYebdhf9aNiIZiaW3mTaqwjVBX0K+kzSmsI5ZSkKriy5cVx+1O1dFlHVOBA/EZUzhGynjs7vsopOVnNzgLKJhVAwZA3OmElVWHsohKrsBoeihCjaonxS/8A1TXklPYBfT4ci9vJPG4Wy19y2RybWmzwsq0MVLEql+YxWFkv+BbedJE0GrRd4bsToyS7wTu5C/ROiQLxhuthtPILzFkITG92Ba28u8X4gwMzLyLBvBQVb4TAHgkDMQP8ofzoZ3Si7cnh49aEembqzbEgg9+Np7+DRFohgfJC+FzQtyYvO50LlqSTwPa5Y2UvA/1W3uiQf4tv1g==','919512',37,'2023-05-09 01:35:08',0),('QPMkjYB2P8ll3zibNjnh85829C4kY0a9Yl3OBQ6WjehQTsVXKsKjEhFFSAF7rybdAzfHeJ0+lH4vOPglpky6VGsjwoyBRaG9ibCyc1Rnj3q2cs2uSASqOgjaCVLuLvUkrxq7zDy8q/TIqibTZ6FOfXBI6S+sRIZa3lW6fQt5Mj3d8BdmVMDILfsF8920LuYiYCXL/zQwffpG20XC0ahLaE/0JZwnrQhNJzug6/PADsAYwHXH46gIOUmjIgQIVEtOm7j7cn4q4CtiNONR+jO9AFtqarP3gkrSlNs9BdU3Gk1X7+nWlfFsH6C9UDsZpw1eDgNZX3EwF2nkTvwqSUtTDQ==','114216',39,'2023-05-09 06:00:34',1),('rZIh3IFjekGCKk3fmI7CUzUoUUZyWddGKTRmcJqMhVMi/pIUlesg5PGO3aw8LpnKvSCYRAekNEbCescAp2q87ClxkPJFwCSMkuOLwK69G0bCD791AIrvNAxQcAze1KzfG/vF2KRJQii+ud4pikpIUougkVdMzgwhEBoq4I8JzLVa9/T5FxdWK30U1OWF3d9IDj6/EL15AWucm15QrTnN8is5eYTlNoqSy7cVSk1dWf11KEHM3cRbX6wUzeewZ/zhiYzAk09f6jTh8GAnOThs0SHbPZ17N3zHE/Pudbug1Fnl6YhtP8Ml9PST249sfAuLNwdO1rGp8mJh2Y+tH86C3w==','459005',38,'2023-05-12 01:31:11',0),('uKm6EPuTBv4PsOz1JdZo37dHN+6qYQot2AF5S/uTiruUx+TcUYUQ2JNmZvXW9+Wci+16LKNZBvl6rSvzbF6JJm3Mqw5/leakO/RTZUH2GTzQ9w6gs3mKGbwM6b9Ek2HZU171ki+kJU7oQbvKlSIOyoEMgf8QPqpjp4wFZ7BD4drpFz2B0hVuT85Acd2I7gCHRWgYLUa1y7EmD8MuAGqY8vBE+d15DTQW8Ve15QzGsrjJmfb3/upT2C7rlrDrZvsRoWa2MzoSGFdkZGUhafxS5Kymkv+2SvVjYlYeTRMN3RPxx0298iuuq/49D2x5WwgFYUgoiM4mn7hHdWV48FIIXA==','405681',38,'2023-06-07 02:49:43',0),('v2XlT+B02RT+/5mAGNYGezSe8qYxSfJFDF1Zq2QBNyh6Vb6iNPr+bGMpMr0P1J7+Y5eBg39Wh3L1dF9J4fWG/1LDmzj6y8Lzv3ZCEXkKGd5uFP5jWapeumwKunJjeE4Y795Rdnftn7d/541VUQJa+VtU2BI8ds3i0QkvzWMSVV5vH2Q9ZngrOXI2dgytaspORq8G4SmyF4XrBSRTBx8C9r2Z9m9vBhhMIDGvSTNPAhLdP+hT/MU+MFLIpoGAHd9uCgtBzRsvo5okuvIsikL274JEDJFCKuBcdK4kFrx5nQ+6SPZyfqkw+s3Ly+yQ57Cz9ZN5ovzYAcNVjPj8N1PaeA==','308589',38,'2023-06-21 04:55:19',0),('wcyDIFH6lc7juGENuW38Y/nHZnE3vzFan+njaoNHWqbUSG0KpNXOswzBLDzBxqCcn12qxeLsH0O7LieWXrC4k1MwLdWNBndgH+Lof/SUd8KWdluXOV5OPCVmsBTXQyV6pYLn0DrRTj7NRSjAMeOHuhiXGjjCieqrvJLZaHdBjXX6ITnr+z+m7AQT8PTEfZCf/01Kk98nkiDcmk102Vfp0UOwW7eDq5X0CcsOahOpRwxg5ccfW6oZ9zuWL/m7xTLLpfoHykL4PMQ7EYiZjw7fSEoY+fM5dbAnR7cj6Z+tybU5aa8AopRemG038fmk0ElvjtNEd0Myfo6V0gut2HiJmw==','412769',38,'2023-05-12 02:06:01',0),('Weh4vgXEi3FCai7oBVIfrPmWpdwWBEWTxIqCifRPqJqNzAnEFWQ/h4krd+977vNq+Mco0O2obkDPpuwTaP6ju9BI/qD4GLZ7wcMy7q+lKCFCCE5deCJMFaRm4oiAJg0ZtShERIi4lLpZNkl1uOtOocr9QEhNfuXZMNt++K1tmzf+RfOgM3qbP1QiycpmOK5P8DaECS2OdlSkwNtBLi24ZSY5Nbi5qX6DAFxZoMuB5wo/QWZF9BSLjw2eu2XcUyV7iYx6qLpzEyB2qlCS3kk9PQW9FIrX6/d9FN70rTzbWS0hl+ZGmr5Wmdti2XEVBAYtnW5SQNhnuRy1m8N8tOBMjQ==','754177',42,'2023-06-07 02:52:04',0),('WQkkBpOjilIS5NqU8AIjtCmTDCDU4unm9tIh4KM1g+29Gcfhb0RXdXHnM59J6XdO0uEbdXgUY91rOaoVgP3ZYxCO3HguV1XR0o8dIAZfXTrP3UC4UzlNsj0VTHGggk3f4bSu4V7S4GDcPk5yljobRAYkrIHbD/iYwi0Ppzk8CbPhDK7Ok+l4wF958nO1K+gJ212szltA9CeWcQOaCo7OA8Q0B8y+jaSYAga8boLNxy+ChRAZgg9lC7+s8lH3ryWFqV/fzRMFw5lUGx1UcbqdcWb/NKU/NYbqj66O8Or+aZWyeVMDcCoE5UEZRhMgPCLv0HbhFL1BrI9r3aZt9K/VRA==','603942',38,'2023-05-30 03:54:35',0),('XiFJpxPWSA/uGvdvC4pWl/372LLjB7rNy2IURDEwlGq12Y8Q4VK1dZiW42oopmbt4ZYLYA9mDQbZI3eK5HiqE85C0k6nBJJLKHwtMLv7PVKaSRglBTGRI2XGH5e8AMfLmBTopVtd3M9kg1t3/f3sZNMaV4KC+akudWPCppVaJsLvo3OsUxvIKKTFlVDUDSosc7vVDXSz/fw3StT1zepdTfuxVwutrf05GASoC4R4DQE11U1RLd2NLz7L3vrHPf/1buz6G1jU94tgu0aQDTAWAmRFHgsMwezgq4QaTRmr2oabhzwBQSQYnP2eCfUx5SGHmQO5y5OC2Zh2KADy5uNtOg==','763175',38,'2023-05-13 07:00:27',0),('YxGYyK0AgpbMciqwTPfyZIsu0VVvvcy/OkveyvRQfivlLOuFcTaDlKW9S849FqB1ek1lBUzvcdjcYg3ovbpenkJMjzwc7m0UaNgmjNyADcyZKUjauD9467/qFj7vBBt7znvQPffM1KBUXExdnYgBoCoQIm+E6Ld3lAWTjDsTRAUziDLGp5Ec8Uwi5Ii4JC/yCN7bIJO9E+AyEezfCYYAb2tLdd8O/WxoXeJ2HQZjWU06PNlb9D421HgJbW2uCy7aHkLhjU+GKAMM/q/mdANQ6SfLPnWxAhCW3+YK92oTVJ6RWA2oJGNOPi8n1uDACJvAbY/nyl0q+cIowKAlrobejg==','079545',38,'2023-06-20 08:26:54',0);
/*!40000 ALTER TABLE `otp` ENABLE KEYS */;
UNLOCK TABLES;

--
-- Table structure for table `password_reset_request`
--

DROP TABLE IF EXISTS `password_reset_request`;
/*!40101 SET @saved_cs_client     = @@character_set_client */;
/*!50503 SET character_set_client = utf8mb4 */;
CREATE TABLE `password_reset_request` (
  `GUID` varchar(80) NOT NULL,
  `RequestDateTime` datetime DEFAULT NULL,
  `UserId` int NOT NULL,
  `IsActive` tinyint(1) NOT NULL DEFAULT '1',
  PRIMARY KEY (`GUID`)
) ENGINE=InnoDB DEFAULT CHARSET=latin1;
/*!40101 SET character_set_client = @saved_cs_client */;

--
-- Dumping data for table `password_reset_request`
--

LOCK TABLES `password_reset_request` WRITE;
/*!40000 ALTER TABLE `password_reset_request` DISABLE KEYS */;
INSERT INTO `password_reset_request` VALUES ('14fa2bf0-a07f-4241-8a58-936567268eb4','2023-06-22 03:21:25',43,1),('89092d2e-6891-4cea-a0f6-bf0d0c2fcd7e','2023-07-31 08:08:23',44,1),('bf98cc26-6aaa-4ac5-b198-501824bfae59','2023-06-22 03:18:40',43,0);
/*!40000 ALTER TABLE `password_reset_request` ENABLE KEYS */;
UNLOCK TABLES;

--
-- Table structure for table `pipeline`
--

DROP TABLE IF EXISTS `pipeline`;
/*!40101 SET @saved_cs_client     = @@character_set_client */;
/*!50503 SET character_set_client = utf8mb4 */;
CREATE TABLE `pipeline` (
  `Id` int NOT NULL,
  `CameraId` int DEFAULT NULL,
  `ModelId` int DEFAULT NULL,
  `ProcessingType` varchar(5) DEFAULT NULL,
  `SkipFrames` int DEFAULT NULL,
  `DoTracking` tinyint DEFAULT NULL,
  `ZoneFlag` tinyint DEFAULT NULL,
  `ZoneTopLeftX` int DEFAULT NULL,
  `ZoneTopLeftY` int DEFAULT NULL,
  `ZoneBotRightX` int DEFAULT NULL,
  `ZoneBotRightY` int DEFAULT NULL,
  `Status` int DEFAULT '1',
  `CreatedBy` int DEFAULT NULL,
  `CreatedDate` timestamp NOT NULL DEFAULT CURRENT_TIMESTAMP,
  PRIMARY KEY (`Id`)
) ENGINE=InnoDB DEFAULT CHARSET=utf8mb4 COLLATE=utf8mb4_0900_ai_ci;
/*!40101 SET character_set_client = @saved_cs_client */;

--
-- Dumping data for table `pipeline`
--

LOCK TABLES `pipeline` WRITE;
/*!40000 ALTER TABLE `pipeline` DISABLE KEYS */;
INSERT INTO `pipeline` VALUES (501,9,5,'RTSPG',15,0,0,NULL,NULL,NULL,NULL,1,1,'2023-12-28 00:00:00'),(502,13,5,'RTSPG',15,0,0,NULL,NULL,NULL,NULL,1,1,'2023-12-28 00:00:00'),(503,21,5,'RTSPG',15,0,0,NULL,NULL,NULL,NULL,1,1,'2023-12-28 00:00:00'),(701,17,3,'RTSPI',15,0,0,NULL,NULL,NULL,NULL,1,1,'2023-03-17 00:00:00'),(702,1,3,'RTSPI',15,0,0,NULL,NULL,NULL,NULL,1,1,'2023-03-17 00:00:00'),(703,18,3,'RTSPI',15,0,0,NULL,NULL,NULL,NULL,1,1,'2023-03-17 00:00:00'),(704,12,3,'RTSPI',24,0,0,NULL,NULL,NULL,NULL,1,1,'2023-01-20 10:00:42'),(901,12,2,'RTSPB',15,0,0,NULL,NULL,NULL,NULL,1,1,'2023-03-31 00:00:00'),(902,23,6,NULL,NULL,NULL,NULL,NULL,NULL,NULL,NULL,1,1,'2024-01-29 14:00:00'),(903,23,7,NULL,NULL,NULL,NULL,NULL,NULL,NULL,NULL,1,1,'2024-01-29 14:00:30'),(904,23,8,NULL,NULL,NULL,NULL,NULL,NULL,NULL,NULL,1,1,'2024-01-29 14:01:00'),(905,23,9,NULL,NULL,NULL,NULL,NULL,NULL,NULL,NULL,1,1,'2024-01-29 15:49:00'),(906,23,10,NULL,NULL,NULL,NULL,NULL,NULL,NULL,NULL,1,1,'2024-02-23 11:30:00'),(907,23,11,NULL,NULL,NULL,NULL,NULL,NULL,NULL,NULL,1,1,'2024-02-23 11:30:55'),(908,23,12,NULL,NULL,NULL,NULL,NULL,NULL,NULL,NULL,1,1,'2024-02-27 09:56:00'),(909,23,13,NULL,NULL,NULL,NULL,NULL,NULL,NULL,NULL,1,1,'2024-02-27 09:56:07'),(910,23,13,'Th',NULL,NULL,NULL,NULL,NULL,NULL,NULL,1,1,'2024-02-27 09:56:07');
/*!40000 ALTER TABLE `pipeline` ENABLE KEYS */;
UNLOCK TABLES;

--
-- Table structure for table `pipeline_class_map`
--

DROP TABLE IF EXISTS `pipeline_class_map`;
/*!40101 SET @saved_cs_client     = @@character_set_client */;
/*!50503 SET character_set_client = utf8mb4 */;
CREATE TABLE `pipeline_class_map` (
  `Id` int NOT NULL AUTO_INCREMENT,
  `PipelineId` int DEFAULT NULL,
  `ModelId` int DEFAULT NULL,
  `ClassId` int DEFAULT NULL,
  `CreatedBy` int DEFAULT NULL,
  `CreatedDate` timestamp NOT NULL DEFAULT CURRENT_TIMESTAMP,
  PRIMARY KEY (`Id`)
) ENGINE=InnoDB AUTO_INCREMENT=24 DEFAULT CHARSET=utf8mb4 COLLATE=utf8mb4_0900_ai_ci;
/*!40101 SET character_set_client = @saved_cs_client */;

--
-- Dumping data for table `pipeline_class_map`
--

LOCK TABLES `pipeline_class_map` WRITE;
/*!40000 ALTER TABLE `pipeline_class_map` DISABLE KEYS */;
INSERT INTO `pipeline_class_map` VALUES (2,704,3,8,1,'2023-03-17 00:00:00'),(7,701,3,8,1,'2023-03-17 00:00:00'),(10,901,2,5,1,'2023-03-17 00:00:00'),(11,702,3,8,1,'2023-03-17 00:00:00'),(12,703,3,8,1,'2023-03-17 00:00:00'),(13,501,5,11,1,'2023-12-28 00:00:00'),(14,502,5,11,1,'2023-12-28 00:00:00'),(15,503,5,11,1,'2023-12-28 00:00:00'),(16,902,6,12,1,'2024-01-29 14:22:00'),(17,903,7,13,1,'2024-01-29 14:22:30'),(18,904,8,14,1,'2024-01-29 14:23:00'),(19,905,9,15,1,'2024-01-29 15:52:00'),(20,906,10,16,1,'2024-02-23 11:38:00'),(21,907,11,17,1,'2024-02-23 11:38:10'),(22,908,12,18,1,'2024-02-27 10:00:00'),(23,909,13,19,1,'2024-02-27 10:10:00');
/*!40000 ALTER TABLE `pipeline_class_map` ENABLE KEYS */;
UNLOCK TABLES;

--
-- Table structure for table `profile`
--

DROP TABLE IF EXISTS `profile`;
/*!40101 SET @saved_cs_client     = @@character_set_client */;
/*!50503 SET character_set_client = utf8mb4 */;
CREATE TABLE `profile` (
  `Id` int NOT NULL AUTO_INCREMENT,
  `Name` varchar(200) NOT NULL,
  `Description` text NOT NULL,
  `AccessRights` json NOT NULL,
  `LastModifiedDate` datetime NOT NULL,
  `IsDelete` tinyint(1) NOT NULL DEFAULT '0',
  PRIMARY KEY (`Id`)
) ENGINE=InnoDB AUTO_INCREMENT=13 DEFAULT CHARSET=utf8mb4 COLLATE=utf8mb4_0900_ai_ci;
/*!40101 SET character_set_client = @saved_cs_client */;

--
-- Dumping data for table `profile`
--

LOCK TABLES `profile` WRITE;
/*!40000 ALTER TABLE `profile` DISABLE KEYS */;
INSERT INTO `profile` VALUES (1,'sysadmin','Sysadmin Profile','{\"ALERTS\": 10, \"Report\": 10, \"LANDING\": 10, \"ADMIN_USER\": 20, \"ADMIN_ASSET\": 20, \"ADMIN_AUDIT\": 10, \"JOURNEY_MAP\": 10, \"ADMIN_PROFILE\": 20, \"ADMIN_SCHEDULER\": 10, \"LIVE_INFERENCING\": 10, \"MANAGEMENT_STAFF\": 20, \"ADMIN_AMR_ANALYSIS\": 20, \"WORK_ORDER_MANAGEMENT\": 20, \"ADMIN_RETRIVE_RECORDING\": 10}','2022-07-05 15:30:24',0),(2,'Full Access','Access to everything','{\"ALERTS\": 10, \"Report\": 10, \"LANDING\": 10, \"ADMIN_USER\": 20, \"ADMIN_ASSET\": 20, \"ADMIN_AUDIT\": 10, \"JOURNEY_MAP\": 10, \"ADMIN_PROFILE\": 20, \"MANAGEMENT_STAFF\": 20, \"ADMIN_RETRIVE_RECORDING\": 10}','2022-08-15 16:24:19',0),(3,'Viewer','View Map Only','{\"MAP_LIVE\": 10, \"ADMIN_USER\": 0, \"ADMIN_AUDIT\": 0, \"MAP_EDITVMS\": 0, \"MAP_RELOCATE\": 0, \"ADMIN_PROFILE\": 0, \"ADMIN_MESSAGETEMPLATE\": 0}','2022-09-21 02:54:18',0),(4,'Test','for testing','{\"MAP_LIVE\": 10, \"ADMIN_USER\": 20, \"ADMIN_AUDIT\": 10, \"MAP_EDITVMS\": 0, \"MAP_RELOCATE\": 0, \"ADMIN_PROFILE\": 20, \"ADMIN_MESSAGETEMPLATE\": 0}','2022-10-14 02:08:31',1),(5,'OCC Template only','Only can send template msgs','{\"MAP_LIVE\": 10, \"ADMIN_USER\": 0, \"ADMIN_AUDIT\": 0, \"MAP_EDITVMS\": 10, \"MAP_RELOCATE\": 10, \"ADMIN_PROFILE\": 0, \"ADMIN_MESSAGETEMPLATE\": 10}','2022-10-17 07:43:36',1),(6,'test_admin','full rights','{\"MAP_LIVE\": 10, \"ADMIN_USER\": 20, \"ADMIN_AUDIT\": 10, \"MAP_EDITVMS\": 10, \"MAP_RELOCATE\": 10, \"ADMIN_PROFILE\": 20, \"ADMIN_MESSAGETEMPLATE\": 20}','2022-10-17 08:24:58',1),(7,'OE','Sending & editing msgs','{\"MAP_LIVE\": 10, \"ADMIN_USER\": 0, \"ADMIN_AUDIT\": 10, \"MAP_EDITVMS\": 10, \"MAP_RELOCATE\": 0, \"ADMIN_PROFILE\": 0, \"ADMIN_MESSAGETEMPLATE\": 20}','2022-10-28 06:55:22',1),(8,'DM','Supervisory','{\"MAP_LIVE\": 10, \"ADMIN_USER\": 20, \"ADMIN_AUDIT\": 10, \"MAP_EDITVMS\": 10, \"MAP_RELOCATE\": 0, \"ADMIN_PROFILE\": 20, \"ADMIN_MESSAGETEMPLATE\": 20}','2022-10-28 07:04:48',1),(9,'J109','','{\"ALERTS\": 10, \"LANDING\": 10, \"ADMIN_USER\": 20, \"ADMIN_AUDIT\": 10, \"JOURNEY_MAP\": 0, \"ADMIN_PROFILE\": 20, \"MANAGEMENT_STAFF\": 0}','2023-02-21 13:36:00',1),(10,'Safety','Staff Management','{\"ALERTS\": 10, \"LANDING\": 10, \"ADMIN_USER\": 0, \"ADMIN_AUDIT\": 0, \"JOURNEY_MAP\": 10, \"ADMIN_PROFILE\": 0, \"MANAGEMENT_STAFF\": 20}','2023-05-09 05:57:32',1),(11,'SYS CONTROL','bzv','{\"ALERTS\": 10, \"LANDING\": 10, \"ADMIN_USER\": 0, \"ADMIN_AUDIT\": 0, \"JOURNEY_MAP\": 10, \"ADMIN_PROFILE\": 0, \"ADMIN_SCHEDULER\": 0, \"MANAGEMENT_STAFF\": 0, \"ADMIN_RETRIVE_RECORDING\": 0}','2024-08-01 11:18:52',0),(12,'Carpenter','Carpenter role','{\"ALERTS\": 10, \"LANDING\": 10, \"ADMIN_USER\": 10, \"ADMIN_AUDIT\": 0, \"JOURNEY_MAP\": 10, \"ADMIN_PROFILE\": 10, \"ADMIN_SCHEDULER\": 10, \"MANAGEMENT_STAFF\": 0, \"ADMIN_RETRIVE_RECORDING\": 0}','2024-08-01 11:21:29',0);
/*!40000 ALTER TABLE `profile` ENABLE KEYS */;
UNLOCK TABLES;

--
-- Table structure for table `race`
--

DROP TABLE IF EXISTS `race`;
/*!40101 SET @saved_cs_client     = @@character_set_client */;
/*!50503 SET character_set_client = utf8mb4 */;
CREATE TABLE `race` (
  `Id` int NOT NULL AUTO_INCREMENT,
  `Name` varchar(100) DEFAULT NULL,
  PRIMARY KEY (`Id`)
) ENGINE=InnoDB AUTO_INCREMENT=7 DEFAULT CHARSET=utf8mb4 COLLATE=utf8mb4_0900_ai_ci;
/*!40101 SET character_set_client = @saved_cs_client */;

--
-- Dumping data for table `race`
--

LOCK TABLES `race` WRITE;
/*!40000 ALTER TABLE `race` DISABLE KEYS */;
INSERT INTO `race` VALUES (1,'Chinese'),(2,'Malay'),(3,'Indian'),(4,'Eurasian'),(5,'Others'),(6,'Not Specified');
/*!40000 ALTER TABLE `race` ENABLE KEYS */;
UNLOCK TABLES;

--
-- Table structure for table `record_master`
--

DROP TABLE IF EXISTS `record_master`;
/*!40101 SET @saved_cs_client     = @@character_set_client */;
/*!50503 SET character_set_client = utf8mb4 */;
CREATE TABLE `record_master` (
  `id` int NOT NULL AUTO_INCREMENT,
  `file_name` varchar(200) DEFAULT NULL,
  `model_tags` varchar(200) DEFAULT NULL,
  `camID` int DEFAULT NULL,
  `started_at` timestamp NULL DEFAULT NULL,
  `is_processed` int NOT NULL DEFAULT '0',
  `recorder_advID` varchar(200) DEFAULT NULL,
  PRIMARY KEY (`id`),
  KEY `fk_camID_idx` (`camID`),
  CONSTRAINT `fk_camID` FOREIGN KEY (`camID`) REFERENCES `camera_master` (`Id`)
) ENGINE=InnoDB AUTO_INCREMENT=6 DEFAULT CHARSET=utf8mb4 COLLATE=utf8mb4_0900_ai_ci;
/*!40101 SET character_set_client = @saved_cs_client */;

--
-- Dumping data for table `record_master`
--

LOCK TABLES `record_master` WRITE;
/*!40000 ALTER TABLE `record_master` DISABLE KEYS */;
INSERT INTO `record_master` VALUES (5,'e99a4c03-496c-4978-9c2e-935753801987.avi','string',911,'2024-01-09 11:24:01',0,NULL);
/*!40000 ALTER TABLE `record_master` ENABLE KEYS */;
UNLOCK TABLES;

--
-- Table structure for table `side_alert_view`
--

DROP TABLE IF EXISTS `side_alert_view`;
/*!40101 SET @saved_cs_client     = @@character_set_client */;
/*!50503 SET character_set_client = utf8mb4 */;
CREATE TABLE `side_alert_view` (
  `Id` int NOT NULL AUTO_INCREMENT,
  `SiteId` int DEFAULT NULL,
  `EventCategoryId` int DEFAULT NULL,
  `IsDeleted` tinyint(1) DEFAULT '0',
  `CreatedTimeStamp` datetime DEFAULT CURRENT_TIMESTAMP,
  `Sequence` tinyint(1) DEFAULT NULL,
  PRIMARY KEY (`Id`)
) ENGINE=InnoDB AUTO_INCREMENT=15 DEFAULT CHARSET=utf8mb4 COLLATE=utf8mb4_0900_ai_ci;
/*!40101 SET character_set_client = @saved_cs_client */;

--
-- Dumping data for table `side_alert_view`
--

LOCK TABLES `side_alert_view` WRITE;
/*!40000 ALTER TABLE `side_alert_view` DISABLE KEYS */;
INSERT INTO `side_alert_view` VALUES (9,1,14,0,'2024-02-06 11:15:00',9),(10,1,15,0,'2024-02-06 11:22:00',7),(11,1,16,0,'2024-02-06 11:23:00',8),(12,1,17,0,'2024-02-06 11:23:00',6),(13,1,18,0,'2024-02-06 11:23:00',10),(14,1,19,0,'2024-02-06 11:23:00',11);
/*!40000 ALTER TABLE `side_alert_view` ENABLE KEYS */;
UNLOCK TABLES;

--
-- Table structure for table `site`
--

DROP TABLE IF EXISTS `site`;
/*!40101 SET @saved_cs_client     = @@character_set_client */;
/*!50503 SET character_set_client = utf8mb4 */;
CREATE TABLE `site` (
  `Id` int NOT NULL AUTO_INCREMENT,
  `Name` varchar(20) NOT NULL,
  `Location` varchar(200) DEFAULT NULL,
  `Description` varchar(300) DEFAULT NULL,
  `Status` int NOT NULL DEFAULT '1',
  `CreatedBy` int DEFAULT NULL,
  `CreatedTimeStamp` timestamp NOT NULL DEFAULT CURRENT_TIMESTAMP,
  PRIMARY KEY (`Id`)
) ENGINE=InnoDB AUTO_INCREMENT=4 DEFAULT CHARSET=utf8mb4 COLLATE=utf8mb4_0900_ai_ci;
/*!40101 SET character_set_client = @saved_cs_client */;

--
-- Dumping data for table `site`
--

LOCK TABLES `site` WRITE;
/*!40000 ALTER TABLE `site` DISABLE KEYS */;
INSERT INTO `site` VALUES (1,'PA Station','PA Station','PA Station',1,1,'2023-01-18 14:11:29'),(3,'CR113','CR113','CR113',1,1,'2023-01-18 14:11:29');
/*!40000 ALTER TABLE `site` ENABLE KEYS */;
UNLOCK TABLES;

--
-- Table structure for table `staff`
--

DROP TABLE IF EXISTS `staff`;
/*!40101 SET @saved_cs_client     = @@character_set_client */;
/*!50503 SET character_set_client = utf8mb4 */;
CREATE TABLE `staff` (
  `Id` int NOT NULL AUTO_INCREMENT,
  `SiteId` int DEFAULT NULL,
  `ClassificationId` int DEFAULT NULL,
  `PassNo` varchar(30) DEFAULT NULL,
  `Name` varchar(100) DEFAULT NULL,
  `NRIC` varchar(10) DEFAULT NULL,
  `NRICHash` varchar(255) DEFAULT NULL,
  `NationalityId` int DEFAULT NULL,
  `Designation` varchar(100) DEFAULT NULL,
  `Gender` varchar(10) DEFAULT NULL,
  `Race` varchar(100) DEFAULT NULL,
  `Remark` text,
  `IsDelete` tinyint(1) NOT NULL DEFAULT '0',
  `LastModifiedDate` datetime DEFAULT NULL,
  PRIMARY KEY (`Id`),
  UNIQUE KEY `OfficerId` (`PassNo`)
) ENGINE=InnoDB DEFAULT CHARSET=utf8mb3;
/*!40101 SET character_set_client = @saved_cs_client */;

--
-- Dumping data for table `staff`
--

LOCK TABLES `staff` WRITE;
/*!40000 ALTER TABLE `staff` DISABLE KEYS */;
/*!40000 ALTER TABLE `staff` ENABLE KEYS */;
UNLOCK TABLES;

--
-- Table structure for table `staff_classification`
--

DROP TABLE IF EXISTS `staff_classification`;
/*!40101 SET @saved_cs_client     = @@character_set_client */;
/*!50503 SET character_set_client = utf8mb4 */;
CREATE TABLE `staff_classification` (
  `Id` int NOT NULL AUTO_INCREMENT,
  `SiteId` int DEFAULT NULL,
  `Name` varchar(100) DEFAULT NULL,
  `AutoGenerate` tinyint NOT NULL DEFAULT '1',
  `Min` int DEFAULT NULL,
  `Max` int DEFAULT NULL,
  `IsDelete` tinyint(1) DEFAULT '0',
  `LastModifiedDate` datetime DEFAULT NULL,
  PRIMARY KEY (`Id`)
) ENGINE=InnoDB AUTO_INCREMENT=5 DEFAULT CHARSET=latin1;
/*!40101 SET character_set_client = @saved_cs_client */;

--
-- Dumping data for table `staff_classification`
--

LOCK TABLES `staff_classification` WRITE;
/*!40000 ALTER TABLE `staff_classification` DISABLE KEYS */;
INSERT INTO `staff_classification` VALUES (1,1,'STAFF',1,10001,20000,0,'2018-10-03 14:41:49'),(2,1,'SUBCON',0,20001,30000,0,'2018-10-04 08:09:19'),(3,1,'TEST',0,30001,40000,0,'2019-01-15 13:31:50'),(4,1,'STAFF',1,10001,20000,0,'2019-07-04 16:44:48');
/*!40000 ALTER TABLE `staff_classification` ENABLE KEYS */;
UNLOCK TABLES;

--
-- Table structure for table `staff_face`
--

DROP TABLE IF EXISTS `staff_face`;
/*!40101 SET @saved_cs_client     = @@character_set_client */;
/*!50503 SET character_set_client = utf8mb4 */;
CREATE TABLE `staff_face` (
  `Id` int NOT NULL AUTO_INCREMENT,
  `StaffId` int DEFAULT NULL,
  `FaceDate` datetime DEFAULT NULL,
  `Model` varchar(255) DEFAULT NULL COMMENT 'Nymo model name',
  `IsActive` tinyint(1) DEFAULT '1' COMMENT 'status in engine',
  PRIMARY KEY (`Id`)
) ENGINE=InnoDB DEFAULT CHARSET=latin1;
/*!40101 SET character_set_client = @saved_cs_client */;

--
-- Dumping data for table `staff_face`
--

LOCK TABLES `staff_face` WRITE;
/*!40000 ALTER TABLE `staff_face` DISABLE KEYS */;
/*!40000 ALTER TABLE `staff_face` ENABLE KEYS */;
UNLOCK TABLES;

--
-- Table structure for table `staff_movement_hist`
--

DROP TABLE IF EXISTS `staff_movement_hist`;
/*!40101 SET @saved_cs_client     = @@character_set_client */;
/*!50503 SET character_set_client = utf8mb4 */;
CREATE TABLE `staff_movement_hist` (
  `SiteId` int DEFAULT NULL,
  `StaffId` int NOT NULL,
  `CameraId` int DEFAULT NULL,
  `RecordTimestamp` timestamp NOT NULL,
  `FileName` varchar(255) CHARACTER SET utf8mb4 COLLATE utf8mb4_general_ci DEFAULT NULL,
  `CreationTime` timestamp NOT NULL DEFAULT CURRENT_TIMESTAMP,
  PRIMARY KEY (`StaffId`,`RecordTimestamp`),
  KEY `CameraId` (`CameraId`)
) ENGINE=InnoDB DEFAULT CHARSET=utf8mb4 COLLATE=utf8mb4_general_ci;
/*!40101 SET character_set_client = @saved_cs_client */;

--
-- Dumping data for table `staff_movement_hist`
--

LOCK TABLES `staff_movement_hist` WRITE;
/*!40000 ALTER TABLE `staff_movement_hist` DISABLE KEYS */;
/*!40000 ALTER TABLE `staff_movement_hist` ENABLE KEYS */;
UNLOCK TABLES;

--
-- Table structure for table `staff_movement_live`
--

DROP TABLE IF EXISTS `staff_movement_live`;
/*!40101 SET @saved_cs_client     = @@character_set_client */;
/*!50503 SET character_set_client = utf8mb4 */;
CREATE TABLE `staff_movement_live` (
  `SiteId` int DEFAULT NULL,
  `StaffId` int NOT NULL,
  `CameraId` int DEFAULT NULL,
  `RecordTimestamp` timestamp NULL DEFAULT NULL,
  `FileName` varchar(255) CHARACTER SET utf8mb4 COLLATE utf8mb4_general_ci DEFAULT NULL,
  `CreationTime` timestamp NULL DEFAULT CURRENT_TIMESTAMP,
  PRIMARY KEY (`StaffId`),
  KEY `CameraId` (`CameraId`)
) ENGINE=InnoDB DEFAULT CHARSET=utf8mb4 COLLATE=utf8mb4_general_ci;
/*!40101 SET character_set_client = @saved_cs_client */;

--
-- Dumping data for table `staff_movement_live`
--

LOCK TABLES `staff_movement_live` WRITE;
/*!40000 ALTER TABLE `staff_movement_live` DISABLE KEYS */;
/*!40000 ALTER TABLE `staff_movement_live` ENABLE KEYS */;
UNLOCK TABLES;

--
-- Table structure for table `system_config`
--

DROP TABLE IF EXISTS `system_config`;
/*!40101 SET @saved_cs_client     = @@character_set_client */;
/*!50503 SET character_set_client = utf8mb4 */;
CREATE TABLE `system_config` (
  `Id` int NOT NULL AUTO_INCREMENT,
  `Enable2FA` tinyint(1) DEFAULT '1',
  `Setting2FA` json DEFAULT NULL,
  `FailedAttemptsLock` int DEFAULT '10',
  PRIMARY KEY (`Id`)
) ENGINE=InnoDB AUTO_INCREMENT=3 DEFAULT CHARSET=utf8mb4 COLLATE=utf8mb4_0900_ai_ci;
/*!40101 SET character_set_client = @saved_cs_client */;

--
-- Dumping data for table `system_config`
--

LOCK TABLES `system_config` WRITE;
/*!40000 ALTER TABLE `system_config` DISABLE KEYS */;
INSERT INTO `system_config` VALUES (2,0,'{\"OTP Validity\": 300, \"OTP Block Duration\": 30, \"Max OTP Resend Count\": 5, \"OTP Request Interval\": 30}',10);
/*!40000 ALTER TABLE `system_config` ENABLE KEYS */;
UNLOCK TABLES;

--
-- Table structure for table `thermal_transaction`
--

DROP TABLE IF EXISTS `thermal_transaction`;
/*!40101 SET @saved_cs_client     = @@character_set_client */;
/*!50503 SET character_set_client = utf8mb4 */;
CREATE TABLE `thermal_transaction` (
  `id` int NOT NULL AUTO_INCREMENT,
  `default_filename` varchar(200) DEFAULT NULL,
  `thermal_filename` varchar(200) DEFAULT NULL,
  `location` varchar(200) DEFAULT NULL,
  `timestamp` varchar(200) DEFAULT NULL,
  `avg_temperature` float DEFAULT NULL,
  `max_temperature` float DEFAULT NULL,
  `min_temperature` float DEFAULT NULL,
  PRIMARY KEY (`id`)
) ENGINE=InnoDB AUTO_INCREMENT=1782 DEFAULT CHARSET=utf8mb4 COLLATE=utf8mb4_0900_ai_ci;
/*!40101 SET character_set_client = @saved_cs_client */;

--
-- Dumping data for table `thermal_transaction`
--

LOCK TABLES `thermal_transaction` WRITE;
/*!40000 ALTER TABLE `thermal_transaction` DISABLE KEYS */;
INSERT INTO `thermal_transaction` VALUES (4,'9b586b36-e38d-48c6-bcbb-8757e4c220b6.jpg','c82452b7-03e1-46d0-9c82-a05454be4347.jpg','point_2','2024-03-11 12:20:34',24.5,32.1,22.3),(5,'a74f1d16-3913-4f9a-a07a-250af8af0027.jpg','0035f7fb-7029-410d-adc7-bd4f7686b65f.jpg','point_2','2024-03-11 12:20:34',24,26.1,21.7),(6,'3bee3c2d-4d9f-4290-ac10-8de1921ec023.jpg','90aa1682-02af-4ed2-ab7e-b0c638eb45ec.jpg','point_2','2024-03-11 12:57:34',24,26,21.8),(7,'bea5c744-dd34-4658-80eb-3e787c700cf8.jpg','630ade76-82c3-47d2-b549-c9a6528e6c79.jpg','point_4','2024-03-11 18:48:30',29,39.5,27),(8,'ba7f9583-f297-4ae7-93bd-c77563b588d5.jpg','c56a1ddd-7034-44a9-b18c-d5c34ae17acd.jpg','point_6','2024-03-11 18:48:31',28.7,38,26.8),(9,'4c7f9ff4-d247-455c-be71-14813792b7a4.jpg','e52cb649-2393-4719-98d9-3a5ec636828c.jpg','Point_1','2024-03-11 18:49:03',25.6,28.4,24.3),(10,'2838807a-8125-4be4-9e15-ffbe3912ea0d.jpg','27b5bedf-8937-4520-932c-6980ab10fe45.jpg','Charging_pile','2024-03-11 18:49:03',25.5,28.4,24.3),(11,'a9bbdace-fdd7-44f1-a2d1-128465b9b56a.jpg','94304f69-49ba-400e-a180-00d7222d6f34.jpg','point_2','2024-03-11 18:49:34',28.7,35.4,26.5),(12,'4e6f5348-d2ef-4d8c-a3b7-b9e76e06e71e.jpg','9ffffa33-5436-4c3d-88c0-65a5e0388a9a.jpg','point_4','2024-03-11 18:49:35',28.8,35.4,26.6),(13,'cb64c215-dbcf-4b66-b361-e298e84ae7fb.jpg','ebfbe3e8-c121-45ed-88f5-a68e8d1952c9.jpg','point_6','2024-03-11 18:50:16',27.4,32.7,25.4),(14,'d823dde1-fbc8-4e4a-92a4-7275c0585510.jpg','ddf0cfd4-adca-4240-aca3-70b61c996f0a.jpg','Point_1','2024-03-11 18:50:17',27.5,32.6,25.4),(15,'a231ea2c-888c-4c1e-af9e-f597a5f46787.jpg','121c2644-e6cb-42c0-a80d-05c72e9d99d9.jpg','Charging_pile','2024-03-11 18:50:43',26.1,29.1,24.2),(16,'c51fae24-1dff-484d-9a38-9a23433cd97e.jpg','ca08b63a-a398-473d-a27b-72ff0ab4c9b8.jpg','point_2','2024-03-11 18:50:43',26.1,29,24.2),(17,'722bbfc7-8ff2-45f4-b03f-4ef036203af8.jpg','318d805c-96a6-40a8-87d3-9823268f7f16.jpg','point_4','2024-03-11 18:50:44',26.1,29,24.2),(18,'98d0eea2-33b8-4880-b62e-a2e6b775e6ba.jpg','b510b348-438a-4227-8ac7-838cff239147.jpg','point_6','2024-03-11 18:50:45',26.1,29,24.1),(19,'c97f82d1-fa68-431e-a59d-647a653ec63b.jpg','4de9d055-0f58-4327-acb8-678194e69ba4.jpg','Point_1','2024-03-11 18:50:46',26.1,29.1,24.2),(20,'b96ef2b6-4796-4825-8dc7-a69bbe493e05.jpg','c76e0cd9-9ad6-4ed5-8333-03d4cb061c34.jpg','Charging_pile','2024-03-11 18:50:46',26.1,29.1,24.3),(21,'9d59bc63-260b-492a-ba56-a648430dbcab.jpg','ab000820-104e-410e-8e0d-b8f218a71ccf.jpg','point_2','2024-03-11 19:13:00',25.5,27.9,23.2),(22,'7a830d03-7ba6-4942-a533-a32f5517bae4.jpg','41e5c58b-163d-40dd-ac15-352569805690.jpg','point_4','2024-03-11 19:13:00',25.4,27.9,23.2),(23,'0df17717-d268-4e71-9e67-de4d08182b2c.jpg','aabd2e67-335e-4f8a-a0a8-bc5ec852189a.jpg','point_4','2024-03-11 19:13:01',25.5,28,23.2),(24,'8761c6bc-e0c5-4b04-9afd-8cf07dbad894.jpg','dfc085eb-2523-4390-a972-4a27d09864f4.jpg','point_6','2024-03-11 19:13:01',25.5,28,23.2),(25,'bd1f5dc6-3d75-459a-bf60-bbe1c45d63ae.jpg','ab27726f-2112-47f5-a865-2dbe48d27604.jpg','point_6','2024-03-11 19:13:02',25.5,28,23.2),(26,'9ced5909-d764-40d3-8162-e93787bf99e7.jpg','2e28966e-6d94-4208-97d6-b929e6746dc8.jpg','Point_1','2024-03-11 19:13:02',25.5,28,23.2),(27,'d5cc2e61-9445-4bb1-bcd0-486d76aaded5.jpg','eae3c9ea-b785-45c7-be00-fda8046c021f.jpg','Point_1','2024-03-11 19:13:02',25.4,28,23.2),(28,'12c8d9de-9edc-4a26-9413-9b49cea373a1.jpg','af77962d-4cd5-4ae4-a8a2-fbc808e5d31e.jpg','Charging_pile','2024-03-11 19:13:03',25.4,28,23.1),(29,'910506ba-f353-4f3c-a65e-cd6158810731.jpg','21b432ab-324c-4e57-bc88-5b3622fb93cd.jpg','Charging_pile','2024-03-11 19:13:03',25.4,28,23.2),(30,'39e6aad0-258f-46ea-bc2c-55828871b526.jpg','363747f7-08cf-4d6b-ad6c-10ec3b2b986b.jpg','point_2','2024-03-11 19:13:03',25.4,27.9,23.1),(31,'c675b703-2857-4407-946e-aa1776d55c95.jpg','ee21a5d7-c621-48c3-b4c2-2f08b540e284.jpg','point_2','2024-03-11 19:13:04',25.4,28,23.2),(32,'254def3f-63df-40d2-bb1e-928ff0e70e01.jpg','54405fad-bfd4-43e0-8d5c-22a75790c6fc.jpg','point_4','2024-03-11 19:13:04',25.4,28,23.2),(33,'84e2f254-5321-49ec-ae48-20192619078c.jpg','c2dc372d-a601-4009-ba3d-ff6b3631f6c4.jpg','point_4','2024-03-11 19:13:05',25.4,28,23.2),(34,'7f6918bd-bab5-4321-816d-1db788c8ee12.jpg','a11a03f8-130a-4134-8f8d-ba52a51d40ea.jpg','point_6','2024-03-11 19:13:05',25.5,27.9,23.2),(35,'cc250640-0bd5-4675-af7a-37df9fb424a4.jpg','258e6b63-018b-46ae-a10d-e18a67a47a9b.jpg','point_6','2024-03-11 19:13:05',25.5,28,23.2),(36,'808caea5-cb2e-4e4e-a245-158f149598d2.jpg','62d2fbba-d7b2-41f2-88b4-cb5679fafd63.jpg','Point_1','2024-03-11 19:13:05',25.5,28,23.2),(37,'d8eff16a-98b4-4ccd-8380-b035e29e20ff.jpg','eb352a98-8cb4-4f80-86bc-146a8ab1cbb5.jpg','Point_1','2024-03-11 19:13:06',25.5,27.9,23.2),(38,'17db34c6-b746-41e1-a44d-629e9736b363.jpg','c3288263-9f99-48e6-937b-d303cf5a1b2c.jpg','Charging_pile','2024-03-11 19:13:06',25.5,28,23.2),(39,'ced797b9-d54e-4175-b9ac-960547481cfc.jpg','1e11ded9-65e2-40c3-889b-4f4df13e6309.jpg','Charging_pile','2024-03-11 19:13:07',25.5,28,23.2),(40,'5b4b6c3e-a988-4a3f-a3fc-bdab56949549.jpg','80fbda99-6626-4d90-b361-ac20fb9240f4.jpg','point_2','2024-03-11 19:13:07',25.5,27.9,23.2),(41,'be6cd91f-0196-4fed-b3ea-49e4c7d48dc2.jpg','c89c2b31-2c1b-47f0-863c-81d4e4c08231.jpg','point_2','2024-03-11 19:13:07',25.5,28,23.3),(42,'29e43071-18d6-4af5-ae4e-836732873b69.jpg','79ae04bc-3c76-4f89-a45c-6ef11f2a8728.jpg','point_4','2024-03-11 19:13:08',25.5,28,23.3),(43,'aa3d46a8-ce99-4dbd-87e7-a81df301dd9e.jpg','69e414c7-84bb-4357-9d35-785ffdac594e.jpg','point_4','2024-03-11 19:13:08',25.5,27.9,23.3),(44,'5139b56d-8973-4096-8450-4e8725a9f2dd.jpg','33154d9f-5385-4fdf-ad18-bc84d14e210a.jpg','point_6','2024-03-11 19:13:08',25.5,27.9,23.3),(45,'d3b25d01-202e-4467-9bcb-085196aa6615.jpg','d02fbd26-c929-448c-be05-9257e0051136.jpg','point_6','2024-03-11 19:13:09',25.5,28,23.6),(46,'8653597e-14ed-4902-b2df-62af2f71babd.jpg','f173aa7d-618e-4bc1-96f0-ac67a34ed65a.jpg','Point_1','2024-03-11 19:13:09',25.5,28,23.7),(47,'3b6f449e-d6bb-4fb9-870d-53e061dea541.jpg','fe5987d2-49c7-4a73-b831-0ec4abd5d51a.jpg','Point_1','2024-03-11 19:13:10',25.5,28,23.7),(48,'4aaf970d-d802-4bef-9a85-1deb8099fe81.jpg','7aa5c5ac-0886-4a96-a736-59a7d61486a9.jpg','Charging_pile','2024-03-11 19:13:10',25.5,27.9,23.7),(49,'5235607c-a2f5-46e6-8c9c-b4fbea809bf2.jpg','142e36c7-b8b4-45a9-a31d-090d8d07322a.jpg','Charging_pile','2024-03-11 19:15:21',27,28.2,26.2),(50,'801d3944-c226-4471-a28f-f6ce3e3ed3fe.jpg','230c23d3-63ee-4c74-9b62-b9336073789a.jpg','point_2','2024-03-11 19:15:21',27,28.2,26.2),(51,'3202be1c-8440-4a4b-8989-6cf8209178f1.jpg','57de8646-4b90-484a-97a3-66db43617a95.jpg','point_2','2024-03-11 19:15:22',27,28.2,26.3),(52,'0c025e4f-33ce-4181-8d64-5783b4a1c7e2.jpg','eefd1830-4d74-4662-81c4-42d854315827.jpg','point_4','2024-03-11 19:15:22',27.5,30.1,26.6),(53,'ddf5b09e-f350-4a51-903a-3cf83bdb2829.jpg','db3d9e6a-d044-41c5-8ef2-598fe24b01de.jpg','point_6','2024-03-11 19:16:04',26.8,32.1,25),(54,'cadc632a-fa8e-4161-8daa-fff079ced822.jpg','b2347df0-ad59-4a39-98f1-dad111d75028.jpg','Point_1','2024-03-11 19:16:05',26.8,32.1,24.9),(55,'e80f8c70-fdb6-4af0-a494-e67ab3a98238.jpg','e2060c10-4532-4d4c-91b3-a3c3ec03385a.jpg','point_4','2024-03-11 19:16:29',25.8,32.9,24),(56,'32469f38-9048-4adb-9456-4a173bc53c97.jpg','236cefbb-be7f-41df-b0f8-251eda23b413.jpg','point_6','2024-03-11 19:16:30',25.8,32.7,23.9),(57,'89c05abd-7a46-4271-999d-8ef24f64295a.jpg','2e2d71c1-afb0-4be1-b90a-fb54efc14f71.jpg','Point_1','2024-03-11 19:16:30',25.5,29.1,23.5),(58,'33204035-d9e3-4d5e-8e94-f5a530665448.jpg','d795f506-62e2-415d-839e-80c24f140925.jpg','Charging_pile','2024-03-11 19:16:31',25.5,28,23.6),(59,'587e5406-2537-41e8-9d31-255c4d1acf54.jpg','45e219a1-5619-44df-94e7-bb48b26daa2d.jpg','point_2','2024-03-11 19:16:32',25.5,28.1,23.6),(60,'fecba50d-ea35-434d-9a56-4233abfa1717.jpg','ce93e2c5-77bc-4b12-918d-e24497f25613.jpg','Charging_pile','2024-03-11 19:16:32',25.4,28.1,23.6),(61,'41c23f8d-69ac-4600-98c4-f0236c9de3fd.jpg','a86f506a-f3f6-4918-a3f4-3ca8cf8dfdc7.jpg','point_4','2024-03-11 19:16:32',25.5,28.1,23.5),(62,'86dd1f61-35d0-449e-aad1-c3a78b2a3189.jpg','ae512958-7336-4dc3-9bb4-3db55ef3b0f1.jpg','point_2','2024-03-11 19:16:33',25.5,28,23.6),(63,'f281be98-e35c-423f-99dd-3f30c86bfd3f.jpg','82240e0c-6156-4be9-a27a-d0db547ef1f5.jpg','point_6','2024-03-11 19:16:33',25.5,28,23.5),(64,'e6503572-b5a0-4a15-87c5-02c3f0fd4cf1.jpg','dc1e5a45-b4e1-46de-b783-e88df785d393.jpg','point_4','2024-03-11 19:16:34',25.4,28.1,23.5),(65,'d6d1cf13-5a66-466b-9485-cb2cffe45b13.jpg','f7a2823f-61d5-47b3-9fa5-b5cd4bf1dd1a.jpg','Point_1','2024-03-11 19:16:34',25.5,28.1,23.4),(66,'7f70923e-14eb-4275-956a-402dd3e8bc5f.jpg','fc0ef04d-8491-4073-8dc9-7d881f694f66.jpg','point_6','2024-03-11 19:16:34',25.4,28,23.5),(67,'e3b722b1-b4ba-40e5-9686-17e2bc23484d.jpg','b6e64079-8c56-4982-b343-55a51b28f384.jpg','Charging_pile','2024-03-11 19:16:35',25.4,28.1,23.5),(68,'b11865ab-8b3d-4647-9b2d-637e822189f3.jpg','24010de5-49dd-4529-bde1-40fa0b086578.jpg','Point_1','2024-03-11 19:16:35',25.4,28.1,23.6),(69,'72fc3bf1-dd24-480b-b399-fabd4976b360.jpg','60fe9550-a180-453d-9a40-fba0bedcc6ed.jpg','point_2','2024-03-11 19:16:35',25.5,28.1,23.6),(70,'e6088174-df33-4dfd-a4d2-69abdea7ce9b.jpg','60205736-5287-4885-ae1c-ecc2580c7fe8.jpg','Charging_pile','2024-03-11 19:16:36',25.4,28.1,23.6),(71,'89bcf761-e562-42f8-b0a5-14447eea9eb5.jpg','faa30136-792d-4fc0-8553-cb28dd844deb.jpg','point_4','2024-03-11 19:16:36',25.4,28.1,23.5),(72,'a64789ee-8503-45c2-93e6-c81f03536c7a.jpg','b0d344f6-bf5c-4f5c-9b54-f0a255987f23.jpg','point_2','2024-03-11 19:16:36',25.4,28.1,23.5),(73,'675cfa52-a6db-4223-b2d4-d53349a26637.jpg','b924f147-2798-4356-990e-99a4ee7835ef.jpg','point_6','2024-03-11 19:16:37',25.4,28.1,23.5),(74,'07e7afa7-22a8-4cfa-8706-6512480a2548.jpg','c0c20266-3a48-4a75-b5d0-bf017f8d72fd.jpg','point_4','2024-03-11 19:16:37',25.4,28.2,23.6),(75,'2f98133b-19b0-429c-b334-82dd2988b056.jpg','221fc1aa-3225-402b-a8d5-f89464b95425.jpg','Point_1','2024-03-11 19:16:37',25.4,28,23.6),(76,'3d9c49e9-e5db-4ad6-97a1-009a70b9d2ac.jpg','ddec71d3-19b7-42a6-bd46-16e6896c0ec7.jpg','point_6','2024-03-11 19:16:38',25.4,28.1,23.6),(77,'6a0569c8-5dae-430a-be8f-5eae763b3e9b.jpg','a4cc3c14-d41c-4b59-a0a6-6c06e30c7308.jpg','Charging_pile','2024-03-11 19:16:38',25.4,28.1,23.6),(78,'2a73665e-b01d-46df-97f3-78da6dd4bd69.jpg','50be35f2-fd60-439b-ab63-3e373ae83c02.jpg','Point_1','2024-03-11 19:16:39',25.4,28.1,23.6),(79,'e2f38fec-eb33-4778-8121-4a2a70fdfa02.jpg','17cd94a2-c441-41f8-ba83-42ce50bc336a.jpg','point_2','2024-03-11 19:16:39',25.4,28.2,23.6),(80,'7bedf045-b60c-4d82-a4f3-3a16f2172297.jpg','09dd13c9-7dc9-458a-9296-9fd0390c77ce.jpg','Charging_pile','2024-03-11 19:16:39',25.4,28.1,23.4),(81,'c6200997-55d5-43c2-b430-81fb1a4ca239.jpg','b62e9557-c6cc-4e43-b8c1-9363b0c310a9.jpg','point_4','2024-03-11 19:16:40',25.4,28.1,23.2),(82,'d3301f4f-c1dc-4b75-9720-00bfbf7567ad.jpg','7ee96f89-9a8b-4394-b42e-4d939f44e0ee.jpg','point_2','2024-03-11 19:16:40',25.4,28,23.5),(83,'74e01e25-c84e-4177-84a2-3907ebfb3650.jpg','52a57e99-e9b6-49df-a699-db8e369db3ce.jpg','point_6','2024-03-11 19:16:40',25.4,28.1,23.5),(84,'11695fb0-51a1-4396-a807-d017ed10bb48.jpg','9a203a25-a0e5-45f1-9214-bb8f68179507.jpg','point_4','2024-03-11 19:16:41',25.4,28.1,23.5),(85,'766abbbc-b0c8-4e55-a326-f1261cb42c24.jpg','79340ace-3226-4f37-8d60-c7d9796745ce.jpg','Point_1','2024-03-11 19:16:41',25.4,28.2,23.5),(86,'04365757-13b9-4873-a638-d25380297173.jpg','d73ec2f2-d740-48c4-a0b8-6314b524f8d1.jpg','point_6','2024-03-11 19:16:41',25.4,28.1,23.2),(87,'dfff64e6-d4a2-405e-9f88-db6e8ff77eab.jpg','e04b49b5-2c98-4c05-b3a8-73f87f487ae3.jpg','Charging_pile','2024-03-11 19:16:42',25.4,28.1,23),(88,'2b4c662c-6643-4309-9466-b9e7697bbbea.jpg','dbda450d-28a9-4b82-829c-e98c84f83681.jpg','Point_1','2024-03-11 19:16:42',25.4,28.2,23),(89,'79cddde0-7565-4964-aa27-5c543df47ca5.jpg','74ee627f-9370-4590-904b-cc281b58e8d6.jpg','point_2','2024-03-11 19:16:42',25.4,28.1,23.1),(90,'5905ddd6-d890-452f-8402-0209ed9644ba.jpg','118665ef-8c43-47e5-969e-398c5553fe70.jpg','Charging_pile','2024-03-11 19:16:43',25.4,28.1,23),(91,'41142df1-490d-4219-9d81-af81e29469a5.jpg','e703946f-0b8a-4372-90c9-64c7a0189af0.jpg','point_4','2024-03-11 19:16:43',25.4,28.2,23.1),(92,'0f078230-2107-4dc3-8876-993a89f4edef.jpg','37452d18-94fb-425e-b44c-615b6dda7491.jpg','point_2','2024-03-11 19:16:44',25.4,28.1,23.3),(93,'c587274d-1f93-40fa-9193-5fce89e328ad.jpg','cf74ceea-5847-4a95-b63f-3d706c1a5d59.jpg','point_6','2024-03-11 19:16:44',25.4,28.1,23.4),(94,'90d8ddb1-a4fa-4fc0-949d-808039a227cb.jpg','0ae1d6d9-d169-4d22-b7e5-08d3603f23e6.jpg','point_4','2024-03-11 19:16:44',25.6,33.1,23.4),(95,'db685038-054b-4c54-956c-29a474d9ce50.jpg','d80bcf15-2083-4090-9f44-0eda9fa77119.jpg','Point_1','2024-03-11 19:16:44',25.7,33.3,23.4),(96,'0b693497-4445-4380-b21e-212e765b3611.jpg','f0e4f21f-4fab-4481-9635-954c5ad70c6d.jpg','point_6','2024-03-11 19:16:45',26.1,32.8,23.1),(97,'2c0811c5-0861-4289-a9e8-d28e78b44115.jpg','cf4791db-4e28-4b1d-b17d-7d487ec3205d.jpg','Charging_pile','2024-03-11 19:16:45',26.2,32.6,23.1),(98,'f3210667-4584-4c06-a99e-a919bde1c5e0.jpg','f565f4d4-a5db-46a4-835b-902150556dd2.jpg','Point_1','2024-03-11 19:16:46',26.3,32.7,23.2),(99,'b4051a1f-6671-4740-91c7-b641e8df0f53.jpg','939c9a2e-72d5-4718-ba03-386a66e90b8f.jpg','point_2','2024-03-11 19:16:46',26.4,32.9,23.2),(100,'8599e196-17ae-41de-b802-af431f059969.jpg','0c057416-38cd-41da-81c7-1f371efb0e8e.jpg','Charging_pile','2024-03-11 19:16:46',26.3,32.3,23.7),(101,'e426bd83-b1d7-4ba7-a725-c63804db16d7.jpg','4106ba9d-ae89-4a1a-9401-5ec1d80bc598.jpg','point_4','2024-03-11 19:16:47',26.3,32.5,23.5),(102,'0d20ca5c-ee8c-4b9f-b1f4-d5b4518c4139.jpg','19001825-d8b1-4fc5-b879-65531a21dc50.jpg','point_2','2024-03-11 19:16:47',25.4,28.2,23.4),(103,'e9db26cb-e86c-4fc1-83be-966c6eddf8cf.jpg','3b8092b4-653d-4979-98b1-c1718fe15ac2.jpg','point_6','2024-03-11 19:16:47',25.4,28.2,23.5),(104,'a09636d7-1833-444d-981f-0dc09c176ff4.jpg','0235b7c0-972a-44fc-9737-c0328296ce72.jpg','point_4','2024-03-11 19:16:48',25.4,28.1,23.5),(105,'8664f18d-e729-4654-98bf-16eb6e9182a8.jpg','34626a90-c72b-47d9-95dd-0a8e5750fde5.jpg','Point_1','2024-03-11 19:16:48',25.4,28.1,23.5),(106,'0cf3c1a4-9cc0-431f-959b-65a878a3d5cc.jpg','11a888f9-d5a2-418e-aec3-b558e4f17a16.jpg','point_6','2024-03-11 19:16:49',25.4,28.1,23.5),(107,'cf48861e-0d3c-4eef-8b64-db26e0c03c19.jpg','88449eb6-7177-41ef-bc75-7f394c8e5825.jpg','Charging_pile','2024-03-11 19:16:49',25.4,28.1,23.6),(108,'0455575b-8d39-461b-afec-8bc3550d14e6.jpg','bc8e1972-6f88-4443-94d2-e6771903f845.jpg','Point_1','2024-03-11 19:16:49',25.4,28.2,23.6),(109,'917d87c9-3e6c-42c6-9ff9-7440e5ec59bf.jpg','f83128ab-8de4-43e4-ae8d-88d295533ca8.jpg','point_2','2024-03-11 19:16:49',25.4,28.1,23.6),(110,'367342d9-fb48-4f62-8393-ef4e68068fde.jpg','68b00a9b-8701-4c84-b22b-172d2959d72a.jpg','Charging_pile','2024-03-11 19:16:50',25.4,28.1,23.5),(111,'a446de6c-9004-47d1-91a8-b0c1154f5f61.jpg','e4f19426-7d71-4b28-aa69-5e68603ddcf2.jpg','point_4','2024-03-11 19:16:50',25.4,28.1,23.6),(112,'9661c202-b9b4-46c9-9eee-803a9dd53c48.jpg','fcb40adc-d176-4e58-8063-0aacce57a0a3.jpg','point_2','2024-03-11 19:16:51',25.4,28.1,23.6),(113,'c819c791-464b-4323-831e-46ae886e3e84.jpg','758c7a45-b4f6-476e-9454-1e2e26d8b95b.jpg','point_6','2024-03-11 19:16:51',25.4,28.1,23.5),(114,'9c74b95d-ed70-4141-b028-cfa52c557340.jpg','b6bbf302-be9f-4363-a169-3af1d0c56179.jpg','point_4','2024-03-11 19:16:51',25.4,28.1,23.5),(115,'1141e1c7-87d4-45d8-aa26-b4f9603cb689.jpg','e8f212d0-f5fc-4ef9-b2a7-1f3c13f8ed07.jpg','Point_1','2024-03-11 19:16:52',25.4,28.1,23.6),(116,'b46e98f4-4b20-4251-bbc8-2261786f867b.jpg','805fccd4-1798-4a61-8ad5-5e0986c310e4.jpg','point_6','2024-03-11 19:16:52',25.4,28.2,23.5),(117,'152a5058-b3be-4a2c-baf6-775d42c27ff1.jpg','a375b73e-7c11-4a20-9fe5-65bae00bca69.jpg','Charging_pile','2024-03-11 19:16:52',25.4,28.1,23.5),(118,'f46214e8-0155-490f-9f12-24c165e98cb0.jpg','37dc2e4a-800e-4f4a-bc2b-7e1617094406.jpg','point_2','2024-03-11 19:17:18',27.4,29,26.6),(119,'48d096bb-0f8d-4edf-89fd-56c133027e4b.jpg','c254c6ea-a905-4518-8268-50ff93a2b0aa.jpg','point_4','2024-03-11 19:17:43',27.5,29,26.7),(120,'f0fce2f3-dfaf-4bb0-b062-c439ff485215.jpg','fcba05d5-3c88-41a5-b2ca-0c9f6622a0be.jpg','Point_1','2024-03-11 19:17:18',27.4,29.1,26.6),(121,'ad8eac15-8fcb-4fa7-b328-c300e9ee362b.jpg','31b841e5-a616-4b96-9906-11631b3ba411.jpg','point_6','2024-03-11 19:18:14',25.9,28.4,23.9),(122,'6c95285f-d08c-49b5-bfdc-262a113009f8.jpg','d90f4ec1-c5d3-4ebd-a742-caa2afa2c29b.jpg','Point_1','2024-03-11 19:18:15',25.8,28.4,23.9),(123,'523e4122-9055-44bf-849b-317dd8962b6f.jpg','e6428314-d4e3-42c0-b116-2818d5a81c1a.jpg','Charging_pile','2024-03-11 19:18:17',25.8,28.4,23.7),(124,'61d69ae9-ecec-42a7-bcc8-8b911ad2033c.jpg','b8ff4492-4c8e-4b2e-a69d-946f613fdc2c.jpg','Charging_pile','2024-03-11 19:18:17',25.8,28.4,23.6),(125,'ccb3fa58-088a-4cf6-86e8-4c198b73f832.jpg','0e743a15-a22d-435a-8874-989a6d4bb127.jpg','point_2','2024-03-11 19:18:17',25.8,28.5,23.4),(126,'aca85e11-ab5b-48f9-a4f0-aab0c9c914f9.jpg','05906014-68f4-4458-a7da-de39ac3fbee6.jpg','point_2','2024-03-11 19:18:17',25.8,28.5,23.5),(127,'0c83eb35-6051-42e7-9667-d58b84e5bdb3.jpg','371ab301-6b8d-459c-b27e-15da7cb9a1d3.jpg','point_4','2024-03-11 19:18:18',25.8,28.4,23.3),(128,'fd0645b2-fbef-4cb9-a395-90e9b9a8dbbb.jpg','225408a6-1c9c-46d9-aaf6-e1e3227b6a53.jpg','point_4','2024-03-11 19:18:18',25.8,28.4,23.3),(129,'95617f4e-424f-4850-b2c9-237a10ee7e12.jpg','a70e2bc0-3dba-4495-a326-037a55c726de.jpg','point_6','2024-03-11 19:18:19',25.8,28.4,23.3),(130,'a3474ebc-1f30-4729-ae11-9ece7540997f.jpg','665f6efb-586f-4f5b-9335-08ba9ca42237.jpg','point_6','2024-03-11 19:18:19',25.8,28.4,23.3),(131,'52bdd137-765b-443e-9fd7-69766800a015.jpg','893d2ffd-9d5c-4e9c-bd16-0860166f0489.jpg','Point_1','2024-03-11 19:18:19',25.7,28.4,23.2),(132,'a77a7e66-7d91-409b-b4b2-61bef240bd36.jpg','a28ef4a4-8283-4d77-957b-de4f96f9de52.jpg','Point_1','2024-03-11 19:18:19',25.7,28.4,23.3),(133,'602fb105-566c-49b9-80ab-53765a3cba94.jpg','d86a09be-178b-4d0e-9fc0-487d6952ffcf.jpg','Charging_pile','2024-03-11 19:18:20',25.8,28.4,23.3),(134,'4754b1ea-e2a6-4bd4-b13a-0725b816f0a4.jpg','75eb6a99-d441-4688-99aa-67b3ba7a2d2b.jpg','Charging_pile','2024-03-11 19:18:20',25.8,28.5,23.3),(135,'5195c389-bb62-4891-a2c6-3489a3ed71ca.jpg','8c3fc805-a5cd-4d76-addf-f3009913d068.jpg','point_2','2024-03-11 19:18:21',25.8,28.4,23.5),(136,'8da02d26-7f43-4bdb-8a59-d6a55d6c158c.jpg','9fbb48ec-17ed-45fa-a36a-aea819b02705.jpg','point_4','2024-03-11 19:18:21',25.9,28.5,23.8),(137,'f477bd0e-37f3-4e0b-9816-2ce68ecfb4b7.jpg','b3996b33-be26-4818-869c-12545f938fb0.jpg','point_6','2024-03-11 19:18:22',26,28.5,24),(138,'3b299ee5-ab86-424c-a6df-c5c371b33749.jpg','d8125d59-4929-4301-8aa4-097ff9e4bc8a.jpg','Point_1','2024-03-11 19:18:23',26,28.5,23.9),(139,'ee6ece09-8d87-490d-999a-592476494007.jpg','b8b8e89c-0f47-4f86-873f-45d013856f6a.jpg','Charging_pile','2024-03-11 19:18:23',25.9,28.4,23.9),(140,'a09568d1-18c2-4a9d-8735-8e76add708fc.jpg','75c5333b-0275-44e0-9e3a-119fd88c23ef.jpg','point_2','2024-03-11 19:18:24',25.9,28.4,23.9),(141,'de34bda1-7432-4455-a72f-0f4f5cfd1478.jpg','9cf6f34d-43fd-4b3a-94d1-67e24d543495.jpg','point_4','2024-03-11 19:18:25',25.9,28.4,23.9),(142,'fe068ef6-8f63-49ed-8e44-1f90e7ac4ab1.jpg','df8bf7e2-d706-4c11-b709-ac70a54be892.jpg','point_6','2024-03-11 19:18:25',26,28.5,24),(143,'7428be64-f7b6-471f-b10a-dbd25858289e.jpg','2142cdb0-bbb2-4692-811d-307f9d1f7c70.jpg','Point_1','2024-03-11 19:18:26',25.9,28.5,24),(144,'b0fa068c-d12e-4e65-b245-713667ecdfe6.jpg','16533369-ddff-406c-a592-737e9269f629.jpg','Charging_pile','2024-03-11 19:18:27',25.9,28.4,23.9),(145,'4362eaf4-f0ef-4637-9e1f-645eddcba730.jpg','dbf6d5cc-61dd-47aa-9cd5-6eff3b82738e.jpg','point_2','2024-03-11 19:18:27',25.9,28.4,23.9),(146,'3c9e13f9-0edf-44ae-b437-4cb82e1dfa65.jpg','9ba6cf0a-393c-4519-84f0-05a604c6ae76.jpg','point_4','2024-03-11 19:18:28',25.9,28.5,23.9),(147,'997c39bb-f8aa-4e1d-92cc-68d1e3001e51.jpg','236d4292-53a7-4c3d-8c0f-d6bbcfcf835c.jpg','point_6','2024-03-11 19:18:29',25.9,28.4,23.9),(148,'4f09ea23-0d6b-4595-bd75-e5027a87bea3.jpg','9d98ecff-16cf-4691-bd66-eac77d88dd14.jpg','Point_1','2024-03-11 19:18:29',25.9,28.4,23.9),(149,'28139fc2-f7eb-4ea1-bf70-97a9542b8425.jpg','5f4d82f6-d537-4602-aac8-c1d0503a40c6.jpg','Charging_pile','2024-03-11 19:18:30',25.9,28.4,24),(150,'6568bb83-45b4-4a74-ade6-cb9e214b1990.jpg','f9bd6d61-e8a3-4c19-842c-a91769633992.jpg','point_2','2024-03-11 19:18:31',25.9,28.4,24),(151,'95213803-2bd3-493b-8e43-ff162bb0d245.jpg','82485367-b572-47ee-810b-85ebdc1e8d17.jpg','point_4','2024-03-11 19:18:31',25.9,28.4,24),(152,'40855442-112b-477f-aad6-a1b12015f7e9.jpg','b4d32cde-63af-43f1-9eb2-7d7bc04d2620.jpg','point_6','2024-03-11 19:18:32',25.9,28.6,24.1),(153,'ca858da5-333d-42eb-bb06-4fc89bc494e1.jpg','14b98c89-a365-47d9-8ff0-fbf024997ee5.jpg','Point_1','2024-03-11 19:18:33',25.9,28.5,24),(154,'aaa9cbdb-db0a-45f2-8b28-2f5dbb458fd3.jpg','ff51fd56-71d8-4f06-94e5-30c8dbaf5c63.jpg','Charging_pile','2024-03-11 19:18:33',25.9,28.6,23.9),(155,'f30c7f26-cf64-4094-8b91-edaf8a745629.jpg','4371b4a7-3b36-477f-92fb-2dcfab3300b5.jpg','point_2','2024-03-11 19:18:34',26,28.5,23.9),(156,'ef8d74e9-0434-401d-b970-77e1236469ee.jpg','7af06841-3263-4d06-a68f-cfbd7fae3b5f.jpg','point_4','2024-03-11 19:18:35',26,28.4,24),(157,'c9f0d9ea-aa17-4df5-8af6-c8a0a5010225.jpg','d90f7735-63b0-4a29-9276-8bd380f047bb.jpg','point_6','2024-03-11 19:18:35',26,28.4,23.9),(158,'f57ef6d2-2267-440f-a30c-405eebba67b4.jpg','083d57c1-ed6a-4e23-8f35-772ea0553297.jpg','Point_1','2024-03-11 19:18:36',26,28.5,24),(159,'3e59e016-c320-4e16-9424-7cc3bc744acb.jpg','ee28e655-4b18-45ce-9d71-42feedff4852.jpg','Charging_pile','2024-03-11 19:18:37',26,28.6,24),(160,'48f8c343-ddf0-4a00-9c7e-fa90b3e5b593.jpg','8d875487-efab-491b-8c65-69d3602b347d.jpg','point_2','2024-03-11 19:19:02',27.8,29.4,27),(161,'984f4e29-d665-4077-b94f-d4ed005a8003.jpg','2f28ad7d-fe61-4f08-a72d-8ff2c6284908.jpg','point_4','2024-03-11 19:21:38',26.6,29.1,24.1),(162,'9842be83-dd0a-4bd7-b3f8-6d8d87cf8d30.jpg','0a2e9c7d-9b19-4643-a565-6838341150e4.jpg','point_6','2024-03-11 19:21:39',26.6,29.1,24.1),(163,'eaca5413-0374-48c2-97f9-f7171a9d270b.jpg','b12b36d7-698d-4a9c-b149-5e2d08502b44.jpg','Point_1','2024-03-11 19:21:39',26.6,29.2,24),(164,'b4eb98eb-a589-4b94-84b5-7ce374335367.jpg','3ad391c8-d83d-4a72-a99d-410dc493b4b7.jpg','Charging_pile','2024-03-11 19:21:40',26.5,29.2,24),(165,'f98556e3-1559-4285-8784-5b75ea572653.jpg','bf1d2be5-3399-4011-84e0-8c0336978b98.jpg','point_2','2024-03-11 20:45:19',26.9,28.4,26.1),(166,'9fc7e4d3-70b5-4bfe-9e76-2e120b7995b0.jpg','a4fa5e75-e91b-491d-b375-1230fcbf85b8.jpg','point_2','2024-03-11 20:45:19',26.9,28.4,26),(167,'383acba0-b1ba-48fc-a7fa-b9056af0daae.jpg','4ea3718f-1736-4459-93e3-fc8490c5b58d.jpg','point_2','2024-03-11 20:45:19',26.9,28.5,26),(168,'7ef946d6-76fa-4d43-ac04-360ee06a7b04.jpg','a361eea0-5b04-46e8-9b72-e156b88620e5.jpg','point_4','2024-03-11 20:45:20',26.9,28.4,25.9),(169,'a5577a62-9460-48fc-9802-87eeb7a39936.jpg','b11cfbaa-a7c2-48d2-bf51-663dda9d5624.jpg','point_4','2024-03-11 20:45:21',27,28.5,26.1),(170,'e9f67d99-b5a1-4797-abc7-398d7ac4802e.jpg','355715b2-0bdc-4b18-8f37-8e084c52919b.jpg','point_4','2024-03-11 20:46:02',27,29,25.3),(171,'a5759bf9-f167-4dec-9f22-1ac11610d101.jpg','838e900b-4666-442d-b185-8ebbc2f717a0.jpg','point_6','2024-03-11 20:46:02',27,29,25.3),(172,'5a44a4c6-539b-4bb4-a80a-7d116afe2172.jpg','9f089050-8a0f-4226-b3b1-ab94c3fce60d.jpg','point_6','2024-03-11 20:46:02',27,29,25.1),(173,'bf72fe69-32fe-4718-84ee-eca8a39b1038.jpg','a53403a9-f51c-44be-bf1d-a082ff84a720.jpg','point_6','2024-03-11 20:46:03',27,28.9,25.2),(174,'1c6558e6-2a0c-442b-b611-71e50f45e96e.jpg','b94f996a-7ecc-4051-9f30-b982ed71fd12.jpg','Point_1','2024-03-11 20:46:03',27.1,28.9,25.3),(175,'ba48aa0b-a3e6-4bb9-b4c8-484d18e6e4f8.jpg','abc22901-34c2-47a7-8faa-327597f51280.jpg','Point_1','2024-03-11 20:46:03',27.1,29,24.7),(176,'4a97f7c6-6e26-4096-ad6f-09a422c3a383.jpg','d8a53f1e-c139-4295-b13d-00876bb00282.jpg','Point_1','2024-03-11 20:46:24',26.2,32,24.3),(177,'d8bb0c45-65af-46f6-befe-13051c821222.jpg','2634d0c8-af55-465c-add1-d5eb13094eca.jpg','Charging_pile','2024-03-11 20:46:24',26.2,31.9,24.4),(178,'a93cba46-788d-48e3-a434-e6a6b654d982.jpg','2e8b89d1-c1c4-4282-a8bd-3ec633dcbe33.jpg','Charging_pile','2024-03-11 20:46:24',26.2,31.8,24.3),(179,'49701d70-d72e-4cf6-8294-c591f9cc51aa.jpg','c9a665b1-c389-4713-8840-5349e7bc44d5.jpg','Charging_pile','2024-03-11 20:46:25',26.2,31.6,24.2),(180,'d819eb6a-cde9-4b2d-bc59-9ca2e90bc763.jpg','bc307d0e-a262-488e-97ea-f656dcbe2e08.jpg','point_2','2024-03-11 20:46:25',26.2,31.6,24.3),(181,'96c06d03-ca9b-4e50-8eb0-67837e2d18f3.jpg','c8233090-b56e-4dbc-8a19-4fc5a8e67eb0.jpg','point_2','2024-03-11 20:46:25',26.2,31.5,24),(182,'b0150aa7-efe2-4092-a8ce-6be214cf3468.jpg','13175aae-a622-40b1-96e1-3938b17ab4e4.jpg','point_4','2024-03-11 20:46:25',26.1,29.1,23.9),(183,'5eb0a78a-98d7-4dd9-80a1-49360a63a18f.jpg','15eb97c0-96a9-4ecc-b783-d15275b3e5ea.jpg','point_2','2024-03-11 20:46:25',26.1,29.2,23.8),(184,'6998c9ee-6121-431c-8f1a-2d4b28c2b274.jpg','495c45e7-9a59-4040-b231-22bef6f081be.jpg','point_4','2024-03-11 20:46:26',26.1,29.2,23.9),(185,'27349ba6-7ddd-427b-b0a2-9d6008678c3d.jpg','04420914-0942-4310-afe0-8c2f00234bb3.jpg','point_6','2024-03-11 20:46:26',26,29.2,23.8),(186,'1885e3c7-3466-47be-91fb-ea205fd15032.jpg','3864f611-5793-40b5-b2bd-a28a58ca267e.jpg','point_4','2024-03-11 20:46:26',26,29.2,23.7),(187,'872090b6-cabb-42e4-a522-d193c7d11638.jpg','f626f907-aa74-408b-a85e-86f2b76de1c7.jpg','point_6','2024-03-11 20:46:26',26.1,28.9,23.8),(188,'5eb4ffcc-d7f5-4e9d-86a5-617af1ac382b.jpg','7ba4ef0f-e7af-4018-9d9b-33f5bce7d201.jpg','Point_1','2024-03-11 20:46:27',26,28.6,23.7),(189,'aa829144-5936-427a-b8ea-d5ac3a5549a4.jpg','bd5636d1-c9d5-4392-acca-01cac01e8d1c.jpg','point_6','2024-03-11 20:46:27',26,28.5,23.6),(190,'9a636e6e-2bae-4b94-b7ef-9b085f031794.jpg','11561679-e98f-44dc-a1c9-6a2886e8277f.jpg','Point_1','2024-03-11 20:46:27',26,28.6,23.8),(191,'fe47e98c-3c16-4458-8551-5dde4660057a.jpg','c4d55878-ac06-488b-90b4-0c9d2aefa619.jpg','Charging_pile','2024-03-11 20:46:28',26,28.5,24),(192,'aae44866-70f8-4ff4-97ef-a362aacf6d3e.jpg','8277ed27-d44e-4ca9-b8f6-97af2aa839bb.jpg','Point_1','2024-03-11 20:46:28',26,28.6,23.8),(193,'3c42d8ab-bebf-4c23-80a8-9685f52e1d8d.jpg','bc44c73c-a598-4a7c-8e6c-50c2a5f22f04.jpg','Charging_pile','2024-03-11 20:46:28',26,28.5,23.9),(194,'5206d5ed-e0fe-4a11-96d8-dd695453ccee.jpg','bafaf36b-69ad-4525-8809-cb73a0d9eb77.jpg','point_2','2024-03-11 20:46:28',26,28.5,23.9),(195,'617118cd-2f5c-4a68-b55a-50cbf0653041.jpg','954a8f47-0a9b-40b9-ac87-1818d1acbd88.jpg','Charging_pile','2024-03-11 20:46:29',26,28.5,23.9),(196,'7fb4e22b-049b-4899-99ec-7775c6807f6e.jpg','4f993bb6-0302-4796-ab17-92cad5d5ef90.jpg','point_2','2024-03-11 20:46:29',26,28.6,24),(197,'dac764e4-5e2b-4c4b-ab65-4d6017ba6c38.jpg','214117aa-c244-4c04-816f-247814943f55.jpg','point_4','2024-03-11 20:46:29',26.1,29.1,23.8),(198,'c53cb464-817f-47de-8483-8b5546ff6de0.jpg','29852c37-1086-4e93-869f-b24818c124d1.jpg','point_2','2024-03-11 20:46:29',26.1,29.1,23.9),(199,'9fbcdea2-afd4-45e9-a80d-6926732e7488.jpg','0dac48b5-0090-41c8-908f-094c90057d5f.jpg','point_4','2024-03-11 20:46:29',26.1,29.2,23.9),(200,'53204756-40ec-4c4a-8f62-9cc470f738b8.jpg','e5eb8af5-9958-4f4e-9362-ab31a40544ed.jpg','point_6','2024-03-11 20:46:30',26.2,31.6,24),(201,'afbab57c-03d3-42f9-9cc9-b3727d2e6382.jpg','761de21c-a0d7-491f-8d99-8782391a75ce.jpg','point_4','2024-03-11 20:46:30',26.2,31.9,24),(202,'5104b6a6-0ee2-4e9a-b4e1-5341ed7e4a26.jpg','f225995a-ad6c-4208-a474-5adaebf6e03f.jpg','point_6','2024-03-11 20:46:30',26.3,31.9,24),(203,'87ab2fcd-efe6-489f-a127-f8861edf2d7c.jpg','2b50a009-07bb-4608-bb24-a96cb3fc57ec.jpg','Point_1','2024-03-11 20:46:31',26.3,31.8,24.2),(204,'bce0ac6b-9610-42e1-9f3d-567d00a00622.jpg','1dccfc4c-fa41-4521-8190-4cc3192dce6d.jpg','point_6','2024-03-11 20:46:31',26.3,31.8,24.3),(205,'a86171f6-f389-4559-b634-ddec31d2edfc.jpg','8817ceb3-7680-4496-88cf-9b7cfb117b01.jpg','Point_1','2024-03-11 20:46:31',26.3,31.8,24.4),(206,'8953ab87-13c8-44cc-916d-afb7cee9c6d5.jpg','b453075e-d008-4c23-86c6-cd6deec238ab.jpg','Charging_pile','2024-03-11 20:46:32',26.3,31.6,24.4),(207,'c5167cb8-9ba0-4e9b-bef9-27714023b92c.jpg','586dfdef-1579-4ee6-bc41-c92093addc84.jpg','Point_1','2024-03-11 20:46:32',26.3,31.8,24.2),(208,'d2e69753-aba3-4919-bb8b-011690d65bf0.jpg','b9902084-2df0-46b8-b2d4-e39df37a0490.jpg','Charging_pile','2024-03-11 20:46:32',26.3,31.9,24.3),(209,'bdeb3a54-94a2-437a-8427-7b8ba7a50554.jpg','416d4876-7dbf-4086-9177-c1ee53d85ff8.jpg','point_2','2024-03-11 20:46:32',26.3,31.8,24.4),(210,'0173d4f1-e628-4c24-ba45-313e27049098.jpg','a6f5b293-f7bc-4c3c-bb14-48915fcd5abe.jpg','Charging_pile','2024-03-11 20:46:32',26.3,32,24.2),(211,'090c7481-2b74-42eb-84fc-b4a18f9c5c28.jpg','da639d40-4a61-4c80-a8d7-ac4c2383f18d.jpg','point_2','2024-03-11 20:46:33',26.3,31.7,24.3),(212,'277c61c7-2eb5-4128-9826-e4fa0611bd56.jpg','db47a88d-7058-4d81-aa33-ef6a8789f609.jpg','point_4','2024-03-11 20:46:33',26.3,31.8,24.2),(213,'6bfc6102-f573-4f51-9889-4d518ce17832.jpg','4f3b1f35-9810-476a-9dbe-9c42c03fda9f.jpg','point_2','2024-03-11 20:46:33',26.3,31.8,24.1),(214,'d9a1749b-274f-42fc-a07d-675fa1fe1a50.jpg','cc2ccc8e-1418-4ae9-980b-298eb7e49d74.jpg','point_4','2024-03-11 20:46:33',26.2,31.8,24.1),(215,'c7dd9c9a-be8a-41c0-81c3-0dd7d15b3e35.jpg','2be59228-8dda-468f-b6f8-54cc5d9af764.jpg','point_6','2024-03-11 20:46:34',26.2,31.7,23.9),(216,'28d9b803-7de7-4ec9-9219-e18bb1bc9233.jpg','35cb51d8-342f-45f3-b8f1-9e4991c862b1.jpg','point_4','2024-03-11 20:46:34',26.2,31.8,24),(217,'96f07852-151e-4ea7-b6e9-8eb5389a9cfe.jpg','462e916a-b402-4e84-9529-97e37f3ada50.jpg','point_6','2024-03-11 20:46:34',26.2,31.8,24.2),(218,'78ed13e0-dd74-43a1-8a60-578a1b7453c1.jpg','408160ac-d1d2-42e1-88f7-d4223f9025f7.jpg','Point_1','2024-03-11 20:46:35',26.2,31.8,24.2),(219,'ce8cea6a-f842-4892-a33d-e468183b0695.jpg','06bd8df3-9c4d-4fb9-b5e6-3222e2889f2d.jpg','point_6','2024-03-11 20:46:35',26.3,31.8,24.3),(220,'ddc38df8-baf0-4c65-a758-ad519db1b66d.jpg','1683a52a-a708-4ceb-91e7-651c43db6b44.jpg','Point_1','2024-03-11 20:46:35',26.3,31.8,24.3),(221,'51a4027f-3627-4e82-94d8-189559b829f8.jpg','e0fe66e7-75f2-4c16-a69f-c9d13a1d89ba.jpg','Charging_pile','2024-03-11 20:46:35',26.3,31.8,24.3),(222,'e37438da-a6b9-47d7-aaf2-401e16fe9c30.jpg','def7b61c-43f0-44f2-9170-a52af142de94.jpg','Point_1','2024-03-11 20:46:35',26.3,31.8,24.3),(223,'01162982-b169-4fba-91fb-39543d3b0a23.jpg','a6a4ed8c-efd1-4cd9-94a0-6a299a81717c.jpg','Charging_pile','2024-03-11 20:46:36',26.3,31.8,24.3),(224,'d7f22f7e-287e-4dbf-94b8-41a27cca01a6.jpg','23b4530e-783e-4539-a427-6beaa7de664a.jpg','point_2','2024-03-11 20:46:36',26.3,31.6,24.3),(225,'914c736e-770f-4fa8-8b23-30f344d58a67.jpg','b52bc4aa-ce6f-4c52-a4e5-890f691665d1.jpg','Charging_pile','2024-03-11 20:46:36',26.3,31.8,24.4),(226,'70954a41-d079-489c-bee4-4110cab838d0.jpg','22d24d8a-e918-4ff0-b398-84c60a4be5d7.jpg','point_2','2024-03-11 20:46:36',26.3,31.9,24.4),(227,'8f64f05e-47c2-43e2-8716-650309d56e2e.jpg','68245917-e0a2-4344-9136-3068dc46d678.jpg','point_4','2024-03-11 20:46:37',26.3,31.7,24.4),(228,'1018ea85-81de-419d-9759-36b0410f358b.jpg','e1358683-d608-4f26-b9ef-713f67e89baf.jpg','point_2','2024-03-11 20:46:37',26.3,31.6,24.3),(229,'5763c686-bc41-4767-aa4f-1654134b4e63.jpg','47a2c8e2-781e-48de-9d40-6a3c830a1719.jpg','point_4','2024-03-11 20:46:37',26.3,31.8,24.2),(230,'1345f01b-2a5c-4026-a1ef-473e74d36621.jpg','20703c66-6771-4c0c-bd86-ebb2c2360951.jpg','point_6','2024-03-11 20:46:37',26.3,31.6,24.3),(231,'93c94bb8-7cc4-4282-a1f7-88fc61a7507f.jpg','c52c469b-de1a-4543-9d3b-1030471f12d2.jpg','point_4','2024-03-11 20:46:38',26.3,31.6,24.2),(232,'f62af775-98ac-4a27-ada7-a75704b4bcd3.jpg','084212e2-1a13-44e0-933f-e91a14dfb668.jpg','point_6','2024-03-11 20:46:38',26.3,31.6,24.3),(233,'59081ea5-7945-4877-b338-1bc960be8a16.jpg','5eac871e-50e1-4c8c-a81c-15dfd2766e15.jpg','Point_1','2024-03-11 20:46:38',26.3,31.6,24.3),(234,'631a4ac8-25e4-4a28-bf1e-be0fdcb6d79c.jpg','f40abdda-5ca2-46be-af68-3787f9117462.jpg','point_6','2024-03-11 20:46:39',26.3,31.8,24.3),(235,'8aa9b78e-6992-4644-b061-aad25e576a98.jpg','a5be3288-5d88-479b-a3b5-0282ed7c8518.jpg','Point_1','2024-03-11 20:46:39',26.3,31.7,24.3),(236,'d4fa043c-4e83-49d4-a61e-15897e500cda.jpg','da498603-f175-4f7f-b899-0548bbf1292f.jpg','Charging_pile','2024-03-11 20:46:39',26.3,31.8,24.3),(237,'cc29adda-c2bf-4968-b4de-c541c49cc6e8.jpg','d6c65a00-1643-4c46-950d-e595834abc9a.jpg','Point_1','2024-03-11 20:46:39',26.3,32,24.3),(238,'d581c6e2-7bb4-486c-8f9c-5bb7a8f7c4b0.jpg','5f209813-af3a-4959-bdfe-8a74f63f6bda.jpg','Charging_pile','2024-03-11 20:46:39',26.3,31.9,24.3),(239,'0648dd0b-0866-43a9-8f87-24327aec8ec6.jpg','b4392ebf-f8d5-415a-80af-411d15ac84a1.jpg','point_2','2024-03-11 20:46:40',26.3,31.7,24.3),(240,'1b6af009-1ccc-4ce3-af13-1fe20a320f00.jpg','f887f486-213a-4f95-96e3-5bc2f295e90d.jpg','Charging_pile','2024-03-11 20:46:40',26.3,32.1,24.3),(241,'036bdda3-2fea-4c34-bf62-4b7717f4bb10.jpg','c537d3bf-2de7-44bb-b265-875d69965ffc.jpg','point_2','2024-03-11 20:46:40',26.3,31.7,24.4),(242,'75990e3e-b780-4941-b4a3-92e828698f70.jpg','d72ee7eb-7d16-42dc-93cb-a95821591cb8.jpg','point_4','2024-03-11 20:46:40',26.4,31.8,24.4),(243,'a23090a2-5f4d-4e6f-8b4a-8ecb921c807c.jpg','b68c8919-f7d8-4185-a398-bbfda96e9785.jpg','point_2','2024-03-11 20:46:41',26.4,31.8,24.4),(244,'c92bac66-e005-4952-8d0e-d53cac635807.jpg','d51fe10d-5e16-4a6a-a99e-2e4be5c5b5e1.jpg','point_6','2024-03-11 20:46:41',26.3,31.7,24.4),(245,'880433eb-2c43-4c01-9e63-0754b90f476a.jpg','7b674d2c-e83b-480f-8bdd-57fa396f555e.jpg','point_6','2024-03-11 20:46:42',26.4,31.8,24.4),(246,'9c6613a5-f05e-4c90-aafe-8326302b715d.jpg','d4b8f4ee-9664-4edc-9e81-3207a63c5cb8.jpg','point_4','2024-03-11 20:46:42',26.4,31.9,24.4),(247,'81ffd43b-fea1-49f4-b8c4-e37fbb17fcda.jpg','9d4240fa-2f56-4ea4-aac2-3f1d8c5ee97b.jpg','Point_1','2024-03-11 20:46:42',26.3,31.8,24.4),(248,'eaf4affb-e1ce-4d80-a662-8087183d93f8.jpg','5a477029-ddb3-4f31-b022-a6d4c5361f57.jpg','Point_1','2024-03-11 20:46:42',26.3,31.8,24.4),(249,'679544cc-1e62-44a9-b928-eddbad6623d0.jpg','96d08350-f3bd-472d-bcef-035341b688c5.jpg','point_6','2024-03-11 20:46:42',26.3,31.9,24.5),(250,'c855df61-0296-48d9-b5d5-a4555e5b91d5.jpg','fbb155f0-81f6-4a3b-a011-6418dd33afb4.jpg','Charging_pile','2024-03-11 20:46:43',26.3,31.8,24.5),(251,'c88c106d-ac44-4009-aa41-d9a40fd75b37.jpg','2649c33b-2680-4a2c-abb5-8916a17e13a3.jpg','Charging_pile','2024-03-11 20:46:43',26.4,32,24.5),(252,'c2f7d77d-e53b-4c0f-8c9b-019adf957aa1.jpg','df04ec74-7a4e-40fb-a00b-11db2618d390.jpg','Point_1','2024-03-11 20:46:43',26.4,32.2,24.6),(253,'1731eb18-118c-4ce1-b434-4d7b86d517f4.jpg','94066494-ad78-4411-ba5c-5a88d09ea37a.jpg','Charging_pile','2024-03-11 20:46:44',26.4,32.1,24.5),(254,'63bdd14e-29f5-4bf6-9c1e-e3bbbab4919b.jpg','54fc593f-6968-4025-8f76-235e2e8db058.jpg','point_2','2024-03-11 20:52:00',25.9,29.1,23.5),(255,'4c5cbc01-174d-4ad3-9bdc-1e9204dad2bd.jpg','019549f3-b7bd-44c1-abe9-ebdca57ae566.jpg','point_2','2024-03-11 20:52:41',30,40,27.4),(256,'11ed455d-100a-4076-95e4-0369af0b6f6f.jpg','25a18d89-7af0-4970-9a6c-f1447d0fc29e.jpg','point_4','2024-03-11 20:52:41',30,40.1,27.4),(257,'b67ae079-4d8a-4248-b4c9-7cd9ab198c7b.jpg','e915f9ab-b7d6-4fa7-9f5c-8b28cf191ed8.jpg','point_4','2024-03-11 20:52:41',30,40.1,27.4),(258,'0fdcf4bc-91d6-413c-b71d-e42027086e81.jpg','7d2e421f-9acf-4c51-a138-3f1aeeee142d.jpg','point_6','2024-03-11 20:53:27',27,29,25.2),(259,'10c53796-ecc6-420c-8b08-b35275fea523.jpg','dd6d1d57-c94a-4429-8eaa-7479556053b9.jpg','point_6','2024-03-11 20:53:27',27,28.9,25.2),(260,'02faeeca-bedc-4dfb-9a5c-0d4b971051e4.jpg','acf9f30f-bf8a-49c1-86c3-207d21b0c386.jpg','Point_1','2024-03-11 20:53:28',27,28.9,25.2),(261,'35440949-f5c4-44e5-8a5b-362af805d41d.jpg','12acc583-5208-48f8-bccd-9acfee69b028.jpg','Point_1','2024-03-11 20:53:48',25.9,28.3,23.8),(262,'ae595e8b-3164-4acf-9355-f2d1bdc584b2.jpg','5db0eaf8-6f7c-4a6b-a42c-c402de44ba56.jpg','Charging_pile','2024-03-11 20:53:48',25.9,28.3,23.6),(263,'fb5099bb-a467-47f9-b021-dec2f24515de.jpg','f7da8e34-9c0a-460c-b6bd-339a64287762.jpg','Charging_pile','2024-03-11 20:53:49',26,28.5,23.8),(264,'25ce6f65-d1fa-4493-9a54-12866f8c9349.jpg','16b8557b-7b33-4ff5-8434-f60ff948cbf9.jpg','point_2','2024-03-11 20:53:49',26,28.4,23.8),(265,'17adc2c8-e66e-451e-9e90-c0c4af02f7ed.jpg','ba98ef19-d223-455d-b18c-fc06922c8193.jpg','point_2','2024-03-11 20:53:50',26,28.4,23.8),(266,'294d5f29-b7b4-46bc-9000-7b98bc08ae9d.jpg','ff5c0c1f-1895-4795-9722-48518d3d27f4.jpg','point_4','2024-03-11 20:53:50',26,28.4,23.8),(267,'6e678a3f-de57-4b67-8886-31dabf43c007.jpg','8feb6429-50b4-4be8-b5c1-726e1763a7e9.jpg','point_4','2024-03-11 20:53:50',26,28.5,23.8),(268,'8b452786-be17-4a59-9aa4-d70f101075d5.jpg','55ae60cc-1493-4ebd-9a0c-6679bb653050.jpg','point_6','2024-03-11 20:53:50',26,28.5,23.8),(269,'71f7e396-2b00-4bc5-8604-af1794aab49d.jpg','5d3298f5-3b76-4c94-aa1f-875aaae0977c.jpg','point_6','2024-03-11 20:53:51',26,28.5,23.8),(270,'f2d0b616-1d14-496f-9263-8b95b975318d.jpg','1dd317e3-db32-47d2-b3ac-30372588e2a2.jpg','Point_1','2024-03-11 20:53:51',26,28.5,23.7),(271,'2057c1fb-23be-4f22-a4be-7eb34da88e16.jpg','e348302f-a028-45fc-a0c5-6bd1f656ce8f.jpg','Point_1','2024-03-11 20:53:52',26,28.6,23.8),(272,'cb1faf52-7932-4130-b230-7b0e2256edd4.jpg','8ea4215c-4cc8-48e9-a25f-f9325f37d52c.jpg','Charging_pile','2024-03-11 20:53:52',26,28.5,23.8),(273,'8dfb0133-3b2b-4c82-85da-68fc761697e5.jpg','6684ff77-589e-484e-be9d-3bbbeb4022c9.jpg','Charging_pile','2024-03-11 20:53:52',25.9,28.1,23.8),(274,'f0de217f-34ae-4755-9225-6835a0f4afd6.jpg','d172ea4a-639c-4e58-ae4f-4a129b2b067e.jpg','point_2','2024-03-11 20:53:52',25.9,28.3,23.8),(275,'81feaea4-038a-4644-8fda-acc1e2c1d24c.jpg','0714d704-698e-499a-937b-f31e8319b452.jpg','point_2','2024-03-11 20:53:53',25.9,28.1,23.9),(276,'e8f89a4b-7537-48f4-8b0b-b1ef93a31aef.jpg','965c868f-127f-46b1-b844-798d141ce013.jpg','point_4','2024-03-11 20:53:53',26,28.3,23.8),(277,'aae3894b-cbb2-48b2-ba65-30859ec6cfc9.jpg','fd611c4d-bd9f-4f43-9a07-a7f155edd33a.jpg','point_4','2024-03-11 20:53:54',26,28.6,23.8),(278,'26b1c2e7-450b-4af0-babc-49b78088fc31.jpg','6a3c6919-f65f-42d3-b964-dcd8f14837f7.jpg','point_6','2024-03-11 20:53:54',26,28.5,23.9),(279,'1b4d005f-7436-4daa-bb8d-c310ca67902e.jpg','1831bb8d-cb88-4442-83db-42c811991466.jpg','point_6','2024-03-11 20:53:54',26,28.5,23.8),(280,'2b7e4bce-a902-4ae1-b9b0-ffd011a9d858.jpg','83afa0fe-e958-4c41-883d-2529a9018005.jpg','Point_1','2024-03-11 20:53:54',26.1,28.6,23.8),(281,'dca00d40-7c03-45cc-996d-7a29484b6aed.jpg','aef02e89-9f7b-470b-aa39-72e929ec926f.jpg','Point_1','2024-03-11 20:53:55',26.1,29,23.9),(282,'7f7ef84e-ff70-4afd-9c99-67197dc71eaf.jpg','e0140474-4e5a-4915-a379-0493c2d066d6.jpg','Charging_pile','2024-03-11 20:53:55',26.1,29,23.8),(283,'c8fae64e-f16a-43b3-874e-342089bc8fb0.jpg','72250982-f4df-44cc-b3f3-6487035c4214.jpg','Charging_pile','2024-03-11 20:53:56',26.1,28.5,23.9),(284,'62efbf11-9144-4747-8961-54ae8671b0ef.jpg','8eafd2f7-7a52-4904-a708-d786c4a07110.jpg','point_2','2024-03-11 20:53:56',26,28.5,23.9),(285,'3feaf704-85ef-4d99-aee6-b8d43e1cdfd0.jpg','ac52ad32-c5c4-4122-aac2-0377805dd2b5.jpg','point_2','2024-03-11 20:53:56',26.1,29.1,23.9),(286,'0cc07825-4abe-4e41-8371-792cbd5fc853.jpg','aac556ad-3205-44c3-b481-974344194e04.jpg','point_4','2024-03-11 20:53:57',26.1,29,23.9),(287,'d3f856f3-5e08-4ed8-a926-1ab0ea48b883.jpg','fb5fb5a9-4b14-4b8f-9422-8dd7b762aaae.jpg','point_4','2024-03-11 20:53:57',26.3,31.4,23.9),(288,'018a3175-188a-4461-88fd-f5aad0e4129e.jpg','47f3bfaf-3d28-4de9-acc5-1968a0673cfa.jpg','point_6','2024-03-11 20:53:57',26.3,31.2,24.4),(289,'efdb715d-aa38-4d0b-89ff-6b76ec167726.jpg','9f87f897-4f19-4635-97af-55c7755501e8.jpg','point_6','2024-03-11 20:53:58',26.4,31.3,24.5),(290,'b8699955-5873-49eb-bd63-77a7d49cd841.jpg','47644aa2-894a-4429-a046-319581e208a6.jpg','Point_1','2024-03-11 20:53:58',26.4,31.4,24.5),(291,'dafaa1b9-a42a-47cd-ae61-f933bfd82ed5.jpg','16af387c-3949-4629-a384-94be5e8ee8ed.jpg','Point_1','2024-03-11 20:53:58',26.4,31.4,24.5),(292,'558090cd-738f-4621-91ed-b58514f2edb0.jpg','705bbf40-3359-44e7-a3ee-fe9567b486dd.jpg','Charging_pile','2024-03-11 20:53:59',26.4,31.6,24.5),(293,'ccc1d8a0-b1f3-4175-ad54-d6bf99c3eab3.jpg','a190d9b9-dd1c-4803-8bdd-ab7dc4178f22.jpg','Charging_pile','2024-03-11 20:53:59',26.4,31.6,24.5),(294,'3be0ceaa-6f64-4fe4-a5a8-f0d5f8a754eb.jpg','be85a933-9cb2-41e7-afce-1c13106fb907.jpg','point_2','2024-03-11 20:53:59',26.4,31.7,24.5),(295,'94e0cc9f-ab20-4141-8d87-b682e244c9c6.jpg','1b6415d0-6717-4771-9ade-474fe8ea1f2e.jpg','point_2','2024-03-11 20:54:00',26.4,31.9,24.5),(296,'197a5055-8637-428a-98b3-f98368514e5e.jpg','41dc8a91-19dd-4ab5-8d10-2f5da769d0a7.jpg','point_4','2024-03-11 20:54:00',26.4,31.8,24.6),(297,'aa17f876-0b61-4bf0-a108-ded8106d70e2.jpg','c6ae9df2-981a-488c-9a98-64492551e5c4.jpg','point_4','2024-03-11 20:54:01',26.4,32,24.5),(298,'fcbc7eb9-da8a-4055-b1dc-60047107e2cc.jpg','782b5fa5-5084-48bd-9a22-f213395cee7f.jpg','point_6','2024-03-11 20:54:01',26.4,31.8,24.5),(299,'7de7fe6b-59e3-4bca-88d5-80b5fa4a8e0a.jpg','228e75dd-379d-4455-8907-3268b7b1b05a.jpg','point_6','2024-03-11 20:54:01',26.4,31.6,24.6),(300,'20e7fcd5-ff46-4605-9545-2cbc55785038.jpg','299f08d3-d7e2-4b19-9946-74ee75b99548.jpg','Point_1','2024-03-11 20:54:01',26.4,31.9,24.5),(301,'9bd595ad-f1ed-4610-988a-abb7d49ce985.jpg','a892cdba-998c-4cff-9569-5c5d8c39bfd6.jpg','Point_1','2024-03-11 20:54:02',26.4,31.5,24.5),(302,'2949bbc5-574a-4321-a63f-05899d03732c.jpg','674866f1-b740-4818-96ae-0ae5e3e2825b.jpg','Charging_pile','2024-03-11 20:54:02',26.4,31.6,24.5),(303,'9e975f4b-7dd3-49d1-b653-98a072c0471e.jpg','538309cf-435c-4253-8f39-e5186202df2c.jpg','Charging_pile','2024-03-11 20:54:03',26.4,31.6,24.6),(304,'6096f791-e7de-4704-9c5d-8cc3a297223b.jpg','faa71cb5-a271-4f14-b817-e785721c3c34.jpg','point_2','2024-03-11 20:54:03',26.4,31.8,24.5),(305,'62d6edbe-f045-4873-abb6-f24096965b24.jpg','24ab7b1b-62db-464c-bff7-dbe0de6ba799.jpg','point_2','2024-03-11 20:54:03',26.4,31.8,24.5),(306,'ce0acf8c-78e3-45f0-9cb5-02b9416f9ef0.jpg','127f6c41-e197-49cb-8b8c-c46a5ec20a6a.jpg','point_4','2024-03-11 20:54:03',26.4,31.8,24.6),(307,'d1c31ee1-ae77-4ea0-a880-e67ed1a08dc8.jpg','a207677b-cada-4d5b-88b0-2e741e3b262c.jpg','point_4','2024-03-11 20:54:04',26.4,31.9,24.5),(308,'41de53d5-51bc-45ba-b261-166d393af7e0.jpg','e4685f7c-09eb-454a-a259-4f66822756c3.jpg','point_6','2024-03-11 20:54:04',26.4,31.9,24.5),(309,'b29675e6-7ea9-459b-84d0-e0dd62908f08.jpg','806d7a96-680f-424a-b5fe-5256b6b305b4.jpg','point_6','2024-03-11 20:54:05',26.4,31.9,24.5),(310,'a5cbc913-ba44-457b-a403-aae1b17e2ea5.jpg','b01c8415-6366-4fa4-ac5b-2e9cb7a810eb.jpg','Point_1','2024-03-11 20:54:05',26.4,32.1,24.6),(311,'74117ca2-53c1-419d-a028-76fcc6a434fb.jpg','2d5e593c-5c7b-4fe3-98d6-fbde2ce7c344.jpg','Point_1','2024-03-11 20:54:05',26.4,31.9,24.6),(312,'3887ce58-08fa-4c52-9bbb-bc2b35e44a4e.jpg','9455f11b-2acb-47a5-b7a9-90bd8103f47a.jpg','Charging_pile','2024-03-11 20:54:05',26.4,31.8,24.5),(313,'b2dd21e8-0556-46d2-bceb-f7287ca326ba.jpg','21afc80a-0928-456a-909e-084988b54713.jpg','Charging_pile','2024-03-11 20:54:06',26.4,32,24.5),(314,'cb5946f2-74f8-4eaf-a5d7-84479007a93d.jpg','d3d505e1-3d57-4cc2-9349-8b2b8c9352b4.jpg','point_2','2024-03-11 20:54:06',26.4,32,24.6),(315,'fedd1ee9-150f-4e62-84c4-325b26582c4c.jpg','37c64c33-0503-458c-8c4c-1d25dce64818.jpg','point_2','2024-03-11 20:54:07',26.4,32,24.6),(316,'a6d184fb-ea24-4af1-a656-ece16378d7dc.jpg','52fef2bd-0665-4e5a-ada3-57b40c993b59.jpg','point_4','2024-03-11 20:54:07',26.4,32,24.6),(317,'029e5051-0a77-42da-ae6d-16b40a7671cc.jpg','aa3463fc-7974-4efb-ae8d-ce9fee152d98.jpg','point_4','2024-03-11 20:54:08',26.4,32,24.6),(318,'afd814be-2c14-460b-ac67-a9194b817456.jpg','eb7e3459-f66a-4faa-a5f2-5748990d2590.jpg','point_6','2024-03-11 20:54:08',26.4,31.9,24.6),(319,'45113d7e-55f5-4626-a329-4e64ce15adae.jpg','8d625bc3-be2a-464b-a99b-8078e9bcb739.jpg','point_6','2024-03-11 20:54:08',26.4,31.8,24.6),(320,'0356957f-f180-46f8-9a28-ec4b5d921009.jpg','d66ec559-7a67-4138-86d1-d0846e7cbead.jpg','Point_1','2024-03-11 20:54:08',26.4,31.8,24.6),(321,'ceb7bb30-403c-4d5f-9a98-f86fa6f8eb5e.jpg','f57cbfda-45f8-4579-9cd4-99d4e6b7ac99.jpg','Point_1','2024-03-11 20:54:09',26.4,32.2,24.6),(322,'cfbcb891-27a7-4cd3-a6c8-a29deab6b7a9.jpg','71a814ae-f860-40c1-bc8e-a1c31f2a606a.jpg','Charging_pile','2024-03-11 20:54:09',26.4,31.1,24.6),(323,'35561af7-9c89-4f82-8ad3-958a5bc5d067.jpg','4bee42f2-23e0-4de6-9d00-e1766fb1b8fb.jpg','point_2','2024-03-11 20:54:35',27.5,29,26.7),(324,'0c971067-04ed-455a-b505-c22b95124a3d.jpg','b2c36583-efef-4f05-9cc8-4963836a9d2c.jpg','Charging_pile','2024-03-11 20:54:35',27.6,29,26.7),(325,'adc0165e-968c-4df9-855d-099c5c3fedd7.jpg','3a40714f-4fc4-4608-9e77-0f4be171601e.jpg','point_2','2024-03-11 20:54:42',26.7,29.3,24.3),(326,'4b8bd97b-955e-4dc7-b87a-4efbe3917dba.jpg','5a2d9740-827f-41e6-bbe2-de726904e829.jpg','point_4','2024-03-11 20:54:36',27.6,29,26.8),(327,'d1fad2de-c825-4851-af30-fe6489bb93b7.jpg','d552fba4-65ec-4cda-bf1e-262c977245d0.jpg','point_4','2024-03-11 20:56:19',27.6,29.6,25.9),(328,'2ff51394-7e4a-48a4-bba5-b04c4a9cdadd.jpg','713150c1-310c-41ef-8801-d83a4727a326.jpg','point_6','2024-03-11 20:56:20',27.6,29.6,25.8),(329,'ef94f354-f96f-49c7-8fd6-29617de1b417.jpg','05576c8e-af63-435a-9ecb-34adac2667f0.jpg','Point_1','2024-03-11 20:56:20',27.7,29.7,25.7),(330,'8c7be3f9-1deb-45b4-a73d-18a946e58b46.jpg','80225478-2335-4266-8542-5794ff8f4b18.jpg','Charging_pile','2024-03-11 20:56:46',26.6,29.1,24.3),(331,'69f2b675-e674-492a-a04d-f118085e1f6c.jpg','d7000e39-6c30-4abf-8711-28cf7d40a4ed.jpg','point_2','2024-03-11 20:56:47',26.6,29.1,24.2),(332,'df080729-7bc6-463b-bc45-b780ff1db9da.jpg','13080d3d-8947-4dc2-af55-51bfdba741ac.jpg','point_6','2024-03-11 20:56:48',26.6,29.1,24.3),(333,'1a9b9007-a2c0-449c-ad0f-b23c411012f0.jpg','72bef6c0-8d67-49b3-949c-22713fe1e592.jpg','point_4','2024-03-11 20:56:48',26.6,29,24.4),(334,'5752747b-7b02-4c17-859d-ca38c7f57a73.jpg','603875ea-d09d-405a-804a-e3e67423acf9.jpg','Point_1','2024-03-11 20:56:48',26.6,29,24.4),(335,'05e0d67a-4c5c-4de1-8f53-6b1480aaa5e3.jpg','0c89e8b0-60ab-4906-a927-653c8257ecd4.jpg','point_6','2024-03-11 20:56:48',26.6,29,24.4),(336,'6ea9f44a-a812-43e5-a9c1-bcc8ed3c67a7.jpg','655f7d00-50fc-421c-a373-6018de3e030b.jpg','Charging_pile','2024-03-11 20:56:49',26.6,29.2,24.3),(337,'2f442a1f-ce38-49bb-8459-40d992a4a4c1.jpg','7ed477fc-e05c-4f34-9082-894cdedebbef.jpg','Point_1','2024-03-11 20:56:49',26.6,29.1,24.4),(338,'85560783-ecc3-44e2-9dc8-399572443eec.jpg','41ef6faf-6f30-424e-94c1-d805f37aecf5.jpg','point_2','2024-03-11 20:56:50',26.6,29.1,24.4),(339,'e6e2396b-c4fa-4dd0-9289-8ab8f6b5227f.jpg','66aa4efd-b6ad-4f91-83ea-23dbd97db416.jpg','Charging_pile','2024-03-11 20:56:50',26.6,29.1,24.5),(340,'37a1437f-56cf-4693-9fa0-dd25ec149ed4.jpg','208987dd-c9b4-493d-9281-69543b562bbf.jpg','point_4','2024-03-11 20:56:50',26.6,29.1,24.4),(341,'541dd04f-2e1f-4f7e-8907-4b0ea8a5357d.jpg','e776482c-15b4-40fa-be83-984d1bdfa9f5.jpg','point_2','2024-03-11 20:56:51',26.7,29.1,24.5),(342,'35e7b1be-65a7-4fe8-be2e-08d8b314f2e8.jpg','431b2b11-2331-49dd-9257-3d5d60f5363c.jpg','point_6','2024-03-11 20:56:51',26.6,29.1,24.5),(343,'2b85fb38-94af-4ac9-b4ff-0abfae0fabf3.jpg','7951c0d4-d054-47e0-b654-d70e0482eea8.jpg','point_4','2024-03-11 20:56:51',26.6,29.1,24.5),(344,'a5401538-6861-4acb-81f3-7ad2df413561.jpg','11800103-6b76-4db8-bc33-59e57d9c8615.jpg','Point_1','2024-03-11 20:56:52',26.6,29.2,24.5),(345,'a8d0134f-d811-491a-9df8-02bbde7d2498.jpg','6906b7c3-2975-42f3-a5e1-9642f3cff5cc.jpg','point_6','2024-03-11 20:56:52',26.6,29.1,24.4),(346,'a71868e8-97f0-4f23-a618-00792bc26218.jpg','2c1c781b-fbcd-4d63-9cb5-ee7c1813c1fe.jpg','Charging_pile','2024-03-11 20:56:53',26.6,28.9,24.3),(347,'302f75bf-f4de-408b-b201-1920314c977b.jpg','48d0b9bc-2f22-4063-a2f0-8c298b9b70d0.jpg','Point_1','2024-03-11 20:56:53',26.6,28.7,24.3),(348,'c8503fec-958e-4958-bf31-4d3eb12a378e.jpg','bb8d2492-55d8-4b6e-a5e2-1850c3be504d.jpg','point_2','2024-03-11 20:56:53',26.5,28.7,24.4),(349,'a14a5882-575b-4033-b649-f82910e91b05.jpg','5270d3b7-17bd-43b5-a84e-d5619a59b21d.jpg','Charging_pile','2024-03-11 20:56:53',26.5,28.8,24.3),(350,'a9d6fe8b-e259-4da0-8d84-600b7edfd4d6.jpg','fa2b70f1-ce0b-40ab-818c-7fb7fcbe225c.jpg','point_4','2024-03-11 20:56:54',26.4,28.7,23.8),(351,'71ef1af3-afbe-46f3-ad84-4847f4f4ab36.jpg','712fc1d8-fb01-4eef-905b-b13ac62dab91.jpg','point_2','2024-03-11 20:56:54',26.4,28.7,23.7),(352,'94b1f3cb-0dff-4510-b707-cf2f1d6cbd0b.jpg','f8ece928-6286-4bd5-a3cc-fc0432b1ef82.jpg','point_6','2024-03-11 20:56:55',26.4,28.7,23.8),(353,'663002c1-6680-4c23-8457-f036669766c5.jpg','a6662f70-86e3-40eb-ae33-968ecb84fab6.jpg','point_4','2024-03-11 20:56:55',26.4,29.3,23.8),(354,'b7e2c727-2097-4f13-8965-07c3440cef06.jpg','35c0b6db-c052-4f50-ad7d-efbdbecc3668.jpg','Point_1','2024-03-11 20:56:55',26.3,29.8,23.6),(355,'0725c924-87e4-4fd4-9a0c-5460e18f0308.jpg','c731eab6-26fe-4a19-9145-a433d4ce7fb0.jpg','point_6','2024-03-11 20:56:56',26.3,29.8,23.7),(356,'90b5fc57-7ccd-46a3-910f-d632d899bbbe.jpg','1d03ec8e-9f12-445e-a031-c3dd66c659ec.jpg','Charging_pile','2024-03-11 20:56:56',26.3,29.8,23.7),(357,'10f123eb-cfc8-4bca-b272-779fb1fc4488.jpg','e1ab1c15-cd6c-41d3-9d84-75ed26792ab8.jpg','Point_1','2024-03-11 20:57:11',26.9,28.9,25.4),(358,'736ba399-8fb0-41ee-9ac5-7c600f8054a8.jpg','14948d00-4105-4058-b940-97095f2a42fc.jpg','Charging_pile','2024-03-11 20:57:12',26.9,29,25.3),(359,'cb3b2763-6650-4635-be52-af6bdf3f6547.jpg','7e6ef959-100e-4e14-be41-5d4f32145105.jpg','point_4','2024-03-12 10:21:16',26.3,37.9,24),(360,'74a03413-95b4-45cc-8f24-f6d260922496.jpg','55a8a922-8ec1-4680-b597-cb3298e87d03.jpg','point_6','2024-03-12 10:21:17',26.3,37.9,24),(1258,'c7f258a6-8ee8-44dc-9405-1586d3c26920.jpg','3aeeb83e-f717-4154-a2fd-47d72135a0a2.jpg','point_2','2024-03-12 16:47:34',24.5,33.1,22.7),(1259,'f0128371-e9d6-4c79-ac3d-7dd9589877bc.jpg','10b0990d-bc91-4e9a-ab79-154b18c9873e.jpg','point_2','2024-03-12 16:47:34',24.3,32.7,22.5),(1260,'4695813c-4868-4489-b991-319689e40b9c.jpg','84a3f848-6455-499a-af28-5d87daa7827d.jpg','Point_1','2024-03-12 16:58:12',23.6,24.2,22.8),(1261,'8ec0087c-a633-420a-afee-4da8a7ebbbcf.jpg','2bad3f1a-2d45-4686-ac67-d28a9fc91b31.jpg','point_6','2024-03-12 16:59:20',28.7,38.1,25.4),(1262,'2733a648-78c9-41c0-89ce-b69cf3b7e8d6.jpg','0d474d2d-1fdb-4401-bb6a-392893ff84da.jpg','point_7','2024-03-12 16:59:43',23.7,26.5,22.2),(1263,'19f39732-2a2f-4f48-b6a5-72a121fb0194.jpg','e923cbf6-cf80-43d2-9fb3-79452827dcdb.jpg','point_3','2024-03-12 17:00:41',30,31.7,27.2),(1264,'b56d2262-2080-4ce4-821d-7d6733572c86.jpg','729a068c-ccaf-49f4-9d5e-cf89377854b8.jpg','point_4','2024-03-12 17:02:34',28.7,29.3,27.8),(1265,'40dc8ffe-eaa7-44b4-bc29-03b5939a7b18.jpg','eb291787-d145-4518-8cc0-8b6b36db4949.jpg','Charging_pile','2024-03-12 17:03:19',23.4,33.4,21.6),(1266,'8144f74f-35ad-480b-9ec8-e3fa96ddc165.jpg','cd4ee273-1a01-4e84-9722-18ef1285aaf0.jpg','Point_1','2024-03-12 17:06:02',23.6,33.7,21.9),(1267,'205639f4-7fbd-4819-8618-ee8d798c3b66.jpg','1b4aecdd-d7d2-48a2-a044-85af4b7c3322.jpg','point_6','2024-03-12 17:06:40',28.1,37.6,24.7),(1268,'a740a1df-d56a-4be4-9e12-40ae80cfab9f.jpg','19fa9890-a019-45f5-bd30-09364945cfca.jpg','point_7','2024-03-12 17:07:02',24.1,26.8,22.7),(1269,'f7d4d0d2-c4e1-41fe-b170-92278118820f.jpg','99ff23ac-c585-4072-8072-34fbe5fea289.jpg','point_3','2024-03-12 17:08:00',30.1,32,27.4),(1270,'d048aaaa-c1dc-4209-8fba-9f7958ea2e59.jpg','4d14857d-e735-4007-8b8b-1683fcb51ea1.jpg','point_4','2024-03-12 17:09:18',28.6,29.2,28.1),(1271,'ee3f7a02-d9b2-4f48-854f-4d09d6c63820.jpg','052c067e-83e3-4f30-ad1c-50bfb0ed389e.jpg','Charging_pile','2024-03-12 17:10:01',23.6,33.5,21.3),(1272,'5a15e269-ec8c-4813-9165-212f3fdfcc22.jpg','3b577762-6422-4fb3-82f0-73a82c6df28c.jpg','Point_1','2024-03-12 17:10:09',23.5,33.5,21.4),(1273,'881925de-3089-4b2c-9d13-aa2acb8b9b26.jpg','5fe87442-1498-49c2-983f-3f698ccc390c.jpg','point_6','2024-03-12 17:10:17',23.5,33.7,21.6),(1274,'263ae2d6-1db8-4df0-8f3b-ac3dffc00f0d.jpg','0e6f9553-609c-4ec3-99d4-99857b15b8da.jpg','point_7','2024-03-12 17:10:25',23.6,33.7,21.8),(1275,'d9243ae1-4f87-4520-bd64-12f0211d3841.jpg','6e0b93fe-d903-4e71-adbd-2263a69a2173.jpg','point_3','2024-03-12 17:11:48',29.9,32,27.2),(1276,'5558c38e-7474-47f3-99ab-fc250c190524.jpg','c826d31b-fc8b-41b7-b2dc-2958ecca8f11.jpg','point_4','2024-03-12 17:13:31',29.1,29.7,28.2),(1277,'e5ba75aa-dc7d-48c5-873e-5dd6c3b5bd11.jpg','4dcb8030-80e1-4df9-9a4a-3a4716a1cbce.jpg','Charging_pile','2024-03-12 17:14:19',24,34,21.8),(1278,'235db6fd-6cf0-4038-9776-6fa5d62e1404.jpg','de6412bd-8a47-4c81-b471-879bfa6f1c74.jpg','point_6','2024-03-12 17:39:10',25,34.5,23.3),(1279,'dfe5d64a-1261-4666-8055-f3f2fa6f2212.jpg','29334330-28bd-419b-a0f8-492bae837981.jpg','point_7','2024-03-12 17:39:28',24.5,30.1,23.5),(1280,'d4398dd9-9deb-4e1b-9876-6fde7759da35.jpg','7fd12ef7-3721-4778-b27b-5bc5dc6c96ba.jpg','point_3','2024-03-12 17:40:26',30.5,32.4,27.9),(1281,'b31db905-96d3-40b0-9a7f-77f334af737b.jpg','1499bfd2-8bed-4e53-b6e5-82f423147ab0.jpg','point_4','2024-03-12 17:40:59',29.5,30,28.8),(1282,'78760091-d3d6-436c-8274-fca8a445efe4.jpg','1fb250dc-d0fe-4373-a0e4-87663b88b5e5.jpg','Charging_pile','2024-03-12 17:41:47',24.2,34,22.2),(1283,'0c35c295-fcc7-428d-9cfb-1cabf7dbeade.jpg','3e765352-7043-4bba-9176-b5fc50108aa7.jpg','Point_1','2024-03-12 17:41:55',24.3,34,22.2),(1284,'efcb272e-467f-4d66-a817-338482d0dd23.jpg','15317e0d-f0a0-4417-99d5-eccbeaf1977f.jpg','point_6','2024-03-12 17:42:03',24.8,34.2,22.6),(1285,'d7b68476-dabd-44bf-929f-c4961d7ee0c0.jpg','8fef12fa-934a-485b-9b9d-b502a7667e03.jpg','point_7','2024-03-12 17:42:11',24.5,34.1,22.8),(1286,'e6cd5109-2a2a-4a2f-ba6d-bbf21def0bb4.jpg','5e1322a9-806c-4cfa-b5d2-5d1b0b33811b.jpg','point_3','2024-03-12 17:43:09',30,32.2,27.4),(1287,'168e55fd-a212-4857-a0cf-9f7a6a4fdcb0.jpg','ca5fd436-f414-41f7-882e-22b9da8fc070.jpg','point_4','2024-03-12 17:44:22',27.8,35.3,24.4),(1288,'fe9d02a4-8e41-4f29-ad0b-ea829e0cfcb7.jpg','33b38d40-1268-42c2-b491-9822a8b90673.jpg','Charging_pile','2024-03-12 17:45:25',24.6,34.9,22.7),(1289,'c614bfb3-dcb8-44f5-80e7-4d5ed3355d93.jpg','79519c30-b1ee-455e-9934-89f2a6e9aef3.jpg','Point_1','2024-03-12 17:45:33',24.1,32.9,22.5),(1290,'70c50c91-6e6f-432a-944b-9acff44dfe78.jpg','d950084c-6f88-4af4-9729-43a214c6ca61.jpg','point_6','2024-03-12 17:45:40',24.6,34.4,22.6),(1291,'f82d30a4-4e33-42f5-b5ad-eb27a4175eb7.jpg','d586f20b-c51a-4a79-bb6c-5d182a5d4f1a.jpg','point_7','2024-03-12 17:45:48',24.6,34.2,22.8),(1292,'125bba8d-9390-4b5f-b4e2-13e40d4b0f57.jpg','2e7eaca8-ae68-44b7-823e-9f2381613703.jpg','point_3','2024-03-12 17:48:01',24.8,34.4,23),(1293,'4220d7b2-f926-4683-bae7-9f3fa0c5db8c.jpg','fe2b3320-18b0-428b-a52c-e98bc41e71c9.jpg','point_4','2024-03-12 17:48:09',25.6,34.6,23.3),(1294,'915f9182-00e6-4e37-8347-ef362d72e107.jpg','b0653a4b-d9a5-411f-8eed-f27707a53641.jpg','Charging_pile','2024-03-12 17:48:17',25.3,35.2,23.6),(1295,'d55b04f5-fbe4-49e5-bbed-1754700f0f03.jpg','9da610b6-e85b-4710-80fe-9f3d2d240f64.jpg','point_6','2024-03-12 18:17:10',24.9,34,23.1),(1296,'6b5533dd-252e-4d85-8c05-1ebb3b5194a5.jpg','05f53e54-6dff-4cf4-8f9f-48c9eca2606a.jpg','point_7','2024-03-12 18:17:38',24.4,28.6,23.2),(1297,'d4e15916-fe1f-4838-90e5-258a2a1cc0b6.jpg','ca3c3cc5-f8e7-4ab4-9364-057ff4df9a04.jpg','point_3','2024-03-12 18:18:36',30.3,32,27.6),(1298,'b6380d6d-0b8a-4be6-9885-1fcb7952c5a6.jpg','ac60a257-df32-4c92-9dc2-ec25f9611df7.jpg','point_4','2024-03-12 18:19:39',28.7,29.2,28.1),(1299,'64313769-587b-4897-a4f8-01c888ee7268.jpg','364384e3-ad0e-4df4-a504-2d24751bf2f8.jpg','Charging_pile','2024-03-12 18:20:27',24.6,33.8,22.5),(1300,'d2fb49b9-7e43-4212-a031-8931a035f049.jpg','43e929e0-e64f-481c-af2a-db70c4000d0b.jpg','point_6','2024-03-12 18:20:35',24.2,33.2,22.5),(1301,'caf674c0-0c20-4098-b30f-58ee1d40ce83.jpg','634cef4b-bc24-4d82-b59a-7e1f28a21281.jpg','point_3','2024-03-12 18:20:43',24.8,33.8,23),(1302,'7da7ecd8-d4b0-4103-998f-afa7b1fd2376.jpg','cbc691d1-3d1c-4b9b-a6bc-4926e210d361.jpg','Charging_pile','2024-03-12 18:20:51',24.8,33.7,23.2),(1303,'cd87dda7-d062-4e46-944b-d60f601e73f4.jpg','1eae9cc6-3bb9-4050-9302-a71e8b4616f4.jpg','Point_1','2024-03-13 09:38:05',25.7,26.3,24),(1304,'ce44559f-9073-4ef1-9176-ce9556019f81.jpg','7ef2558d-0038-4c68-b9d7-6f0fc6e9e11b.jpg','Charging_pile','2024-03-13 09:38:43',26.5,40.9,24.5),(1305,'9c0e34e5-7925-421d-bf62-a09c22b9df24.jpg','1f358cc4-dec9-4043-9226-e0b4cd36b759.jpg','point_6','2024-03-13 09:38:51',26.5,41.6,24.3),(1306,'c8b1a9fc-6630-4728-8701-5aa1c5e72c4e.jpg','a15cb757-0a35-424b-84e3-593822b4c831.jpg','Point_1','2024-03-13 09:38:58',26.5,41.9,24.4),(1307,'5e06f273-17b1-487a-b90b-d3ee7f820230.jpg','9f066fc3-2223-4f30-be60-019231969503.jpg','Charging_pile','2024-03-13 09:39:06',26.8,41.8,24.8),(1308,'8534c5a6-01bb-4087-94bf-7698382e0010.jpg','c99715f9-49ff-4a4f-924a-675d396008c9.jpg','Point_1','2024-03-13 10:21:10',25.5,43,23.8),(1309,'814e3e6a-f394-485b-8147-e64ef145f2a1.jpg','f927820f-a7d4-4df7-a7f0-000bd16af559.jpg','Charging_pile','2024-03-13 10:21:38',25.2,40.7,23.6),(1310,'0f52a45e-4a2c-4e76-88be-eb7bcc19f5ac.jpg','7065efee-fe57-4425-85ea-b43eb6598f9c.jpg','point_6','2024-03-13 10:21:46',25.4,42.2,23.6),(1311,'7fc6584b-186b-4aa2-9006-ef87b237612c.jpg','a4c02efa-82af-4be5-8adf-74c346420530.jpg','Point_1','2024-03-13 10:21:53',25.4,42,23.7),(1312,'7574de7a-0b4b-4206-8ac1-f817cef0b954.jpg','32f1eaa2-2478-4add-b68f-99b31bf8aae0.jpg','Charging_pile','2024-03-13 10:22:01',25.5,42.6,23.7),(1313,'0d0efc9e-fcbd-42cd-a1eb-9b2a933bb6c5.jpg','cf4f6a89-f864-4e13-b4f0-b4dffd02094d.jpg','Point_1','2024-03-13 11:35:25',23.9,24.7,22.9),(1314,'baa54811-9a5a-4584-9e79-3f809c0a3847.jpg','75870306-6a56-4dac-9976-ea62445576b4.jpg','Charging_pile','2024-03-13 11:35:53',25.4,34.5,22.7),(1315,'68d9dce8-9e4c-41b9-b838-c1ba90f07948.jpg','5e87b9d3-ddeb-4393-88a5-fc1978dd2a0e.jpg','point_6','2024-03-13 11:36:00',24.7,32.2,22.6),(1316,'e85748bd-3c83-4d9d-aed6-c126295aebb4.jpg','8c39746b-c6a9-41c6-960c-1d71fbbecdba.jpg','Point_1','2024-03-13 11:36:08',24.2,32,22.4),(1317,'eb6b2c52-a6fb-41a0-a0db-c500c07d7577.jpg','0d86409a-6e30-4603-9fef-0236603f6f42.jpg','Charging_pile','2024-03-13 11:36:16',24.2,31.9,22.4),(1318,'5a6707d5-958d-47f6-bf89-041940751a1e.jpg','53f0b85a-c2a9-4041-8c73-eb36aed6bffe.jpg','point_6','2024-03-13 11:36:24',24.3,31.9,22.3),(1319,'fd426da9-d8d4-4ba6-af69-292bf0272042.jpg','54f7efd6-0791-4b52-93a2-99a814aa8872.jpg','Point_1','2024-03-13 11:36:31',24.8,33.9,22.5),(1320,'f3dc4a20-0763-43c0-8a1c-96a08e392e6c.jpg','8a815a1d-60af-4aa7-bea3-ae91c417fffc.jpg','Charging_pile','2024-03-13 11:36:44',24.7,33.9,22.1),(1321,'a25db316-eac1-4cb4-b2c7-9e3a944e2122.jpg','b24e9d0b-3f17-4d17-8592-6b02ba47be94.jpg','point_6','2024-03-13 11:36:52',24.3,32.1,22.5),(1322,'d6e8a96c-23cc-4433-b9f4-5bf2b838df1d.jpg','42b2f3f2-2c43-4353-a858-12914e023f37.jpg','Point_1','2024-03-13 11:36:59',24.2,31.8,22.5),(1323,'02db94a0-f9b7-4292-bdd3-c5c22605f0dc.jpg','9fe2030e-2245-4ac3-961d-cadda6a0f2a7.jpg','Charging_pile','2024-03-13 11:37:07',24.2,31.9,22.4),(1324,'247021bc-cd40-4c7a-81b3-4932f616a049.jpg','d27930ab-d50c-4f66-9f9a-9afd21731563.jpg','point_6','2024-03-13 11:38:50',25.6,33.7,21.1),(1325,'3955a9ae-91a8-4a21-85c4-ec8a3fdbdd46.jpg','8ef14928-d225-4cbe-9834-9c255893964c.jpg','Point_1','2024-03-13 11:39:13',25.8,33.5,21),(1326,'8d31d609-6c72-4087-bbc2-ec54c610ec76.jpg','5547a8ff-8bff-4ae1-9e45-203a2aa9329b.jpg','Charging_pile','2024-03-13 11:39:46',26,33.7,22.2),(1327,'2467efa7-72b4-4b9d-813f-cdebb04f2f30.jpg','81f120b0-5d52-4b57-b671-6d6a53b552f4.jpg','point_6','2024-03-13 11:39:54',24.3,33.3,22),(1328,'cb94d5fb-0624-4991-9eae-1ec51347b979.jpg','930a3998-79d7-42dc-bbb0-aaf44d555597.jpg','Point_1','2024-03-13 11:40:02',24.6,33.4,21.4),(1329,'94c12c25-a05e-4a2f-ac0b-9f7d18538811.jpg','c380a701-c9df-47f1-9831-7e0c2fb11644.jpg','Charging_pile','2024-03-13 11:40:10',24.6,33.3,21.3),(1330,'c45dfedc-c15a-4c49-9281-96b5cd9804c3.jpg','e91e9821-e9c1-4e18-832b-add0798b1501.jpg','point_6','2024-03-13 11:43:02',24.3,33,21.9),(1331,'f0c91088-592c-4cf7-9c5c-6f4c359d3be0.jpg','91f8ecad-8d30-4164-949e-0a7d68abb5d6.jpg','point_7','2024-03-13 11:43:20',24.3,27.6,23.1),(1332,'c1c619cf-70a4-4806-b0a3-f8dc6e035ec4.jpg','a0273392-a0bf-4873-92aa-fe73f7d3fc7b.jpg','Charging_pile','2024-03-13 11:43:43',24.5,33.5,22.1),(1333,'c2ec9ab7-eadd-481f-b600-786590897f69.jpg','eda3957e-44fd-4d5c-a077-6cdc9a2bd7bc.jpg','point_6','2024-03-13 11:43:51',24.7,33.9,22.4),(1334,'67cbd7f2-c51b-404c-b895-1c95c4e579aa.jpg','bfb3172e-6a07-405c-85a5-d22c4010fc4f.jpg','point_7','2024-03-13 11:44:29',24.6,29.6,23.4),(1335,'7b37ad86-fd93-421f-aba9-6ba9d864ee5d.jpg','7186c529-b9b3-4895-83c3-f355b32b1e6d.jpg','Charging_pile','2024-03-13 11:44:47',25,33.8,21.6),(1336,'ada144b3-6c24-449e-96c2-15d8a8659fe1.jpg','dda9b4fe-49c0-4d45-9c89-8b620070a308.jpg','point_6','2024-03-13 11:44:54',24.4,33.1,22.4),(1337,'34d6e3fe-31a2-4184-a5c9-126f2ec97946.jpg','55dcdb5b-1865-4207-a78a-b7062cc7a862.jpg','point_7','2024-03-13 11:45:02',24.8,33.1,22.5),(1338,'4f5877d8-a187-438d-bbb5-59b3aca0fac3.jpg','fc95ea32-c22e-4998-b66a-a1fe4fd8e5c9.jpg','Charging_pile','2024-03-13 11:45:10',24.9,33.2,22.5),(1339,'231347e9-5531-4002-bcdc-7a9f839cc9a0.jpg','77829c2b-fba9-44c3-9087-c9491c4ea299.jpg','point_6','2024-03-13 11:45:17',25.3,33.2,22.6),(1340,'0ff161f9-e13c-4f90-b372-d3497fb450af.jpg','4029f898-0e08-45ec-92ad-7a63835aead7.jpg','point_7','2024-03-13 11:45:35',24.7,28.2,23.6),(1341,'83c052ee-6cfd-4cf8-a16d-d015e77a87e0.jpg','04ffba89-e0e1-4e03-ba50-47da3b1c2a39.jpg','Charging_pile','2024-03-13 11:45:53',24.5,32,22.5),(1342,'7c05a5fb-d20e-4653-a19f-b2f431c0376b.jpg','014bc334-2fdf-4e00-b25f-43b469e4041f.jpg','point_2','2024-03-13 11:48:02',25.1,43.5,22.2),(1343,'a0cb8455-1e53-42e9-a6f5-ca35b3832709.jpg','c18cbfd0-87c2-4624-ada1-4411916a61c6.jpg','point_4','2024-03-13 11:48:35',29,29.6,28),(1344,'56750e46-dd38-46ba-84fe-630008402b36.jpg','00d10c62-d895-4a1a-93ea-552750e8170f.jpg','point_6','2024-03-13 11:50:03',29.4,38.6,25.2),(1345,'f627d0f5-933b-494e-8b6f-f3d814ae1078.jpg','55203982-1c5d-4b8f-9db9-f7016c90ed79.jpg','point_7','2024-03-13 11:50:26',24.5,27.2,23.5),(1346,'c5875995-f6f3-429f-b499-3ecc189c6319.jpg','591b2cb6-f145-4970-b4e5-25131efbfd17.jpg','Point_1','2024-03-13 11:50:54',24.3,25,23.3),(1347,'01861944-0f0b-423a-b783-eb3dc216229e.jpg','31286529-ca12-45db-8fb2-20144225f074.jpg','Charging_pile','2024-03-13 11:51:21',25.2,43.8,22.3),(1348,'04a35833-887c-4fa2-a309-226d19d25235.jpg','4f552fd3-f174-466c-aa8a-019d3a86d7b1.jpg','point_6','2024-03-13 11:51:30',25.3,43,22.9),(1349,'9eebfb3a-9d3f-4892-b99f-5f2ee0641e2e.jpg','86e01e5c-8f05-48af-807f-5585891bdd05.jpg','Point_1','2024-03-13 11:51:38',25.3,43.6,23.3),(1350,'45196c4f-bc9a-4cc7-bf3f-d079426951aa.jpg','be8dfc24-8f19-4168-a762-de92938e2f14.jpg','Charging_pile','2024-03-13 11:52:06',25.2,33.6,22.7),(1351,'83e3ffc1-080a-4619-a2bf-e20836dea1d8.jpg','b5f03808-80be-41f9-a747-7a01c06aa5bc.jpg','point_6','2024-03-13 11:52:14',25.4,43.3,22.7),(1352,'135d1fcb-0fcd-40a0-b803-68a6f9f89468.jpg','f83088df-fd3a-4d23-b276-6e754fea608b.jpg','Point_1','2024-03-13 11:52:21',25.7,43.1,22.9),(1353,'ba0e9905-a155-4b8a-aa2c-fd51e0232934.jpg','62e7b6d6-127c-45ce-9f83-ddd12e96a0b4.jpg','Charging_pile','2024-03-13 11:52:29',25.4,44,23.3),(1354,'a3aecf06-55b3-4749-9009-0539f16978c5.jpg','540dc238-85d4-48f0-967b-c45dd0365484.jpg','point_6','2024-03-13 11:53:27',25.9,43.7,22.8),(1355,'12c240f3-c21d-4fea-8a41-f1211fde2c5c.jpg','6b755aa9-fd80-4cd6-bafb-9e5c22d563bb.jpg','Point_1','2024-03-13 11:53:35',25.7,42.6,23.5),(1356,'0a08d568-d452-4703-b6b3-91319cd1baf6.jpg','c1ab2ffd-9c6d-44d4-a0c5-b81e785015b3.jpg','Charging_pile','2024-03-13 11:53:43',25.7,42.2,23.4),(1357,'b002ee1b-d320-453c-a2d4-82ddcbd19b7c.jpg','29533801-abea-4601-a7d5-9c946bb7d76a.jpg','point_6','2024-03-13 11:53:50',25.8,43.3,23.7),(1358,'783fdc73-15cc-4693-8edd-413034633b28.jpg','a826a7f7-328f-4821-bab3-526ec5918aaf.jpg','Point_1','2024-03-13 11:54:08',24.8,25.4,23.8),(1359,'b0177006-9878-46bc-b375-449291a5bd65.jpg','ce356eab-669a-4b64-9e92-3fcde15f3937.jpg','Charging_pile','2024-03-13 11:54:36',26.3,43.1,23.3),(1360,'fe8fb6db-f518-46b6-b9ea-6aa7647e86df.jpg','405b9cc4-33e9-4715-9df3-fdfd33284e75.jpg','point_6','2024-03-13 11:54:44',26.1,43.9,23.4),(1361,'04c42b38-277a-462a-82e2-b8676916882c.jpg','58513db1-4790-450e-8c82-60282528e583.jpg','Point_1','2024-03-13 11:54:52',26,43.3,23.4),(1362,'6bcfa900-4be5-4233-b053-0cdf56c074a6.jpg','8b9acc4d-2701-42b4-aba5-66345089e970.jpg','Charging_pile','2024-03-13 11:54:59',26,44.4,23.7),(1363,'e665d3c7-8ee7-4162-9695-2b7562eca792.jpg','3efca983-2962-4a1a-9a19-406c476dcc0f.jpg','point_6','2024-03-13 11:55:07',26.2,44.2,23.6),(1364,'a5a0e50a-4718-41cf-a96b-d8d0cd074397.jpg','16760ed7-1559-400a-9a17-294946e22d83.jpg','Point_1','2024-03-13 11:55:15',26.2,43.7,24),(1365,'f717f247-30e7-4062-a13a-fb4b3420dac5.jpg','7ae0cf2d-ffa4-4c5f-b6cf-5e957092e3a7.jpg','Charging_pile','2024-03-13 11:55:23',26.3,44.7,24.3),(1366,'992b6346-e544-476a-934a-b1c2c1a760dc.jpg','b8d73fd8-6cad-4e4c-b667-c7ea29768b36.jpg','point_2','2024-03-13 11:56:27',28.3,35.8,27),(1367,'b010d0ad-0a64-4994-8f3f-611d34cf75ae.jpg','f4654c3f-f5f7-47d1-9513-a5fd7a7992db.jpg','point_3','2024-03-13 11:56:50',29,31.3,25.5),(1368,'7fa990ae-031f-4a69-9387-e9bd5673cc91.jpg','6611953a-fa32-4f68-b409-2b068e0674f7.jpg','point_4','2024-03-13 11:57:27',28.2,28.8,27.4),(1369,'996714b4-2f84-486c-80cd-13b826b302e3.jpg','cd1e9588-b0bc-49d4-b8c1-e538d7bd8aa1.jpg','point_6','2024-03-13 11:58:40',28.8,38,24.8),(1370,'7282f374-da52-4e2c-adb2-bcb1298af3b5.jpg','ed5ffa9f-e5e1-4695-bfc0-622966c63e89.jpg','point_7','2024-03-13 11:59:03',23.8,26.3,22.8),(1371,'e53032cb-bf45-466f-b045-8a2f46006626.jpg','69cb03a2-340b-45d6-b542-8e8b9df82a2f.jpg','Point_1','2024-03-13 11:59:31',23.6,24.3,22.5),(1372,'63e6e6a9-d616-4a2c-8795-0e9e88a75533.jpg','b20ccdf6-6d1c-45a4-85fe-8e7a2b22cf0e.jpg','Charging_pile','2024-03-13 12:00:03',25.5,44,22.1),(1373,'9747f7ee-b339-44e1-bcb7-bf07a2ae77b6.jpg','fbd8a660-c3b7-4bc0-b4ae-a87bca01777a.jpg','Point_1','2024-04-22 13:51:53',23,23.7,22.2),(1374,'2a3c6e31-2108-445f-b209-16f80ebac948.jpg','6581c052-07e8-49b5-acf6-5e537472c53a.jpg','point_6','2024-04-22 13:51:54',23,23.6,22.2),(1375,'0090ef19-a2de-42f1-8187-4d299f148d9d.jpg','9df5471d-d19b-4f57-bb85-4c152fb11746.jpg','point_7','2024-04-22 13:52:30',22.7,24.1,21.9),(1376,'ddd36b81-7763-44b5-a818-ca9ab53b5eaa.jpg','a0be2cc1-aa41-4455-9ee0-3387e4111f7d.jpg','Point_1','2024-04-22 13:53:13',22.2,23.8,20.9),(1377,'5f20c080-eb6c-486d-8ebb-6b853147f6b9.jpg','54c918d3-a950-44dd-a566-f66e22bcafc1.jpg','point_6','2024-04-22 13:53:19',22.7,31.1,21.2),(1378,'5aef324a-be83-42e9-a059-65201f3da305.jpg','5d3342a1-50cb-4ba5-9694-3a8cb120139a.jpg','point_7','2024-04-22 13:53:24',22.8,31.4,21.1),(1379,'e30d0f4e-ca9e-4dd9-8cd8-369872195638.jpg','36fb713c-beb9-4027-a917-26d03a3104a5.jpg','Point_1','2024-04-22 14:00:49',24.6,25.3,23.7),(1380,'e95d8bc4-cdd1-4cae-9cc6-a76d90eb7044.jpg','82ed6154-b06e-4baf-aa70-eefa64fddf54.jpg','point_6','2024-04-22 14:01:30',27.1,39,24.5),(1381,'a4d132a3-9a36-4e9e-8083-12f6aa2ec7b2.jpg','9e5ba058-5502-4753-9ba0-269bafd502b5.jpg','Point_1','2024-04-22 14:15:00',25.2,33.5,23.6),(1382,'3da533b2-7e8d-4cb0-827c-7781dbc5011d.jpg','28b4f781-c608-4776-a1d2-37fe57824c90.jpg','point_7','2024-04-22 14:15:00',25.2,33.5,23.6),(1383,'9d7bc52b-fe91-40ab-a251-d514b3b5682e.jpg','5baba570-e030-4a71-b106-01ef2792d8d5.jpg','Point_1','2024-04-22 14:15:00',25.2,33.4,23.7),(1384,'d7836946-e90b-4146-b6d1-df62384933bd.jpg','75f8c4e3-0b9f-4e74-a3db-165a6b9d94e0.jpg','point_6','2024-04-22 14:15:01',25.2,33.5,23.7),(1385,'242652a9-ceb8-4f73-9a3b-458fc6937162.jpg','7092dfb4-59f5-46db-ab69-a8f6ab545df4.jpg','Point_1','2024-04-22 14:15:02',25.2,33.5,23.7),(1386,'d618e1d5-3f65-4da9-9fbb-3b2a22d7e96b.jpg','ef33e94f-41e2-4274-8417-6afd6e633458.jpg','point_7','2024-04-22 14:15:03',25.2,33.6,23.7),(1387,'a649efd7-42f5-42d4-b9b6-064f7cecbf09.jpg','362936aa-6afc-483f-af70-82a911a0d230.jpg','point_6','2024-04-22 14:15:03',25.2,33.5,23.7),(1388,'1c37f2b2-fc0a-4a97-93a1-e36610023bbf.jpg','77560e8b-4272-44a9-93bc-e181e3ce014b.jpg','Charging_pile','2024-04-22 14:15:04',25.2,33.5,23.8),(1389,'0998c83d-b1d7-440f-8d2c-aba91a5a2900.jpg','9485ab94-efd7-416b-aabc-c6b982df5d22.jpg','Point_1','2024-04-22 14:15:05',25.2,33.7,23.7),(1390,'6cfa3a0d-ddd6-4ed7-8c94-4365ca031199.jpg','17eea9c1-f194-42ef-82a4-4d7d06dd6bce.jpg','point_7','2024-04-22 14:15:05',25.3,33.7,23.7),(1391,'80564108-25cd-48c6-98fe-041ecd97caf1.jpg','2ee890e0-bd07-4093-96f0-fdfbcb043956.jpg','point_6','2024-04-22 14:15:06',25.2,33.2,23.7),(1392,'71e3b3de-12cb-4d69-9b0a-3dda3a476b4f.jpg','d7427423-52c3-44ab-8af9-84b1ade0b853.jpg','point_7','2024-04-22 14:15:06',25.2,33.3,23.7),(1393,'a8d3b986-05ba-43cf-8d0c-f88f4858d18e.jpg','6f21876f-a5d2-441f-a15b-68e2af614b97.jpg','Charging_pile','2024-04-22 14:15:07',25.3,33.5,23.8),(1394,'9b9107c8-60e4-44a4-a780-de52d5cba3be.jpg','ae834bb4-1255-40c8-9da0-3788dfa522bc.jpg','Point_1','2024-04-22 14:15:08',25.3,33.8,23.7),(1395,'3d775c73-9b8a-42c2-b4ee-784d212f3696.jpg','9ffe1613-d220-4182-b1d2-c3496fa5f401.jpg','point_7','2024-04-22 14:15:08',25.3,33.6,23.8),(1396,'c604743a-e72c-4c4c-bb8c-475a5dc084f6.jpg','03562ff7-b8b4-4baf-85b7-f3f400581f19.jpg','point_6','2024-04-22 14:15:09',25.3,33.7,23.9),(1397,'d193a216-a2e9-4f5f-a45b-f77a0afc7339.jpg','84f2ea79-057c-485c-b72c-568afff0ae8b.jpg','Charging_pile','2024-04-22 14:15:10',25.3,33.8,23.9),(1398,'4dfae176-ef4d-40d0-8ca8-284cf6f45deb.jpg','62fe90a6-c83d-4a5d-b9be-b838dcd9d66e.jpg','point_6','2024-04-22 14:15:12',25.3,33.7,23.7),(1399,'cb467e52-fc1b-4fbe-8e66-f749137e2651.jpg','7b407809-e1a6-4482-9585-7aebc87c0899.jpg','Charging_pile','2024-04-22 14:15:18',25.3,33.4,23.7),(1400,'4ccbfd62-28b1-42ae-8c5a-fec564f38c86.jpg','d92f35fb-5695-4969-bc62-3fae93145b68.jpg','Point_1','2024-04-22 14:15:23',25.5,33.7,23.9),(1401,'9fc4112f-e1e1-44f0-b0e9-e2429f19d202.jpg','316a320b-ec3a-4af6-be69-002d35a82d76.jpg','point_7','2024-04-22 14:15:29',25.4,33.8,23.9),(1402,'19663c71-bc3c-417e-83ab-693f05584ec0.jpg','8f783981-907f-4e77-a28a-d0bb835e58d0.jpg','point_6','2024-04-22 14:16:00',28,39.6,25.5),(1403,'4bec62e2-b418-4f0d-8f18-bc9f4fe53699.jpg','d1de2d35-0346-4286-8ff1-a1acf234e989.jpg','Charging_pile','2024-04-22 14:16:06',28.2,39.4,25.5),(1404,'97b0bcdc-d5e3-47ab-8216-5eb58b574a55.jpg','ff3085a9-6399-4831-955c-26d2a5d40a8d.jpg','Point_1','2024-04-22 14:17:06',24.8,33.5,23.9),(1405,'1d039691-1b6b-4dec-82c0-2433d0c3b9a8.jpg','542cc002-d059-4f88-8aa7-1231b8552fe7.jpg','Point_1','2024-04-22 14:17:06',24.8,29.4,23.9),(1406,'b6230687-36d0-44f2-92f3-3e6ce0950a40.jpg','984a5475-6c5a-4811-968b-00363a46fcd6.jpg','Point_1','2024-04-22 14:17:07',24.8,25.8,23.8),(1407,'23742243-ab70-428d-9268-acfda167e779.jpg','d352fbeb-12f3-4fa2-9546-db8f64a5643b.jpg','point_7','2024-04-22 14:17:37',29.1,35,23.7),(1408,'f288cf4d-6adb-4c17-9bc0-e9cd39d0e999.jpg','6fbee9aa-45a6-4da3-b746-85fcc5cd0fb9.jpg','point_7','2024-04-22 14:17:37',29,34.9,23.7),(1409,'e3825bf1-57f4-4e77-b068-04e6e34ea7b0.jpg','81a3c6fd-92e4-4121-80e1-ed0f4abd56ab.jpg','point_7','2024-04-22 14:17:37',27.9,34.3,23.6),(1410,'7ce636b7-5ec4-4ee6-a899-1536fd7424e6.jpg','43094fdc-ea7c-4ae0-b766-3faa3822c8f0.jpg','point_6','2024-04-22 14:18:08',26.7,38.4,24.1),(1411,'a1da749e-87c4-4a82-b625-ac7a7ea4741d.jpg','5fa7a987-5ba8-4cc4-9b28-6f2fd4032f2d.jpg','point_6','2024-04-22 14:18:08',26.7,38.4,24.3),(1412,'ffb6c879-ae3f-4a53-9b64-25670f9e5596.jpg','dba93b6b-443c-4902-8aa7-65849ea22535.jpg','point_6','2024-04-22 14:18:08',26.7,38.5,24.3),(1413,'83fe4af0-1b15-4976-86d5-8a0d14b1b08b.jpg','983ee29a-a782-4476-abe8-f4b9e4fdd37c.jpg','Charging_pile','2024-04-22 14:18:34',23.9,32.3,23),(1414,'46ba910e-d3fb-488d-b0cb-1e9bc9eb45e4.jpg','cdb2bda5-585b-4bfb-a62a-6b2e8dd1ae78.jpg','Point_1','2024-04-22 14:18:40',23.6,31.7,22.4),(1415,'736870ff-efa3-41ac-9763-f813f6c63885.jpg','57c62a33-5b4b-45f4-9626-0b1779368019.jpg','point_7','2024-04-22 14:18:46',24,32.1,22.7),(1416,'82c35b36-ee42-47ac-a674-1ee8f30794b3.jpg','8667f923-878a-401a-8b9d-070808118dce.jpg','point_6','2024-04-22 14:18:51',24.1,32.4,22.5),(1417,'42c93118-cf31-4bfd-b958-4676c8021fae.jpg','f29b041f-0566-44d2-8fe0-76bd3458dd21.jpg','Charging_pile','2024-04-22 14:18:57',24.1,32.4,22.5),(1418,'4d637654-91a5-4f42-86af-4d97333fe221.jpg','f41f4a8d-790d-4b65-902f-221c6c7d3b3d.jpg','Point_1','2024-04-22 14:22:50',24.2,25.2,23.3),(1419,'c1e4385f-f67b-4e21-9d8f-d2db85b8cc21.jpg','ce67e5f6-d700-4139-abe9-d618e5d4f1a0.jpg','Point_1','2024-04-22 14:22:49',24.2,25.2,23.3),(1420,'7db65fa0-50ff-47bf-a8ce-244bd3a24615.jpg','b4a2ec1a-539a-454b-9c0b-1cd7984ccb8e.jpg','Point_1','2024-04-22 14:22:53',24.2,25.2,23.3),(1421,'0f3ae972-8a97-44c5-ba7b-47741c4f22cf.jpg','0badaaa4-33bf-414a-96c8-114eca00a661.jpg','point_7','2024-04-22 14:23:19',23.9,33,21.3),(1422,'0906ba4e-02cc-4d90-ab09-9c74f7bc5eb7.jpg','d869ff68-1ffa-4861-b374-f0dbdc483130.jpg','point_7','2024-04-22 14:23:20',23.9,32.8,21.4),(1423,'c333c0c0-d256-42e2-91f5-15e0010da4d7.jpg','9ff22cf1-2d27-4bde-98fd-0bf61ff9f32a.jpg','point_7','2024-04-22 14:23:20',23.8,32.9,21.3),(1424,'44939f71-9623-45a2-8219-215ad8adb8e8.jpg','a3058d72-8ed4-46ee-a923-bc538978f343.jpg','point_6','2024-04-22 14:23:39',26.6,38.2,24.1),(1425,'3cf30558-8e48-40d3-beed-c1b2c054baa4.jpg','c7e1965a-69da-4c43-8159-29b6f779341f.jpg','point_6','2024-04-22 14:23:41',26.6,38.1,24.1),(1426,'92178676-dadc-410c-8260-d78c40033e54.jpg','e6948065-2368-4f3a-abd8-95f24baa4d88.jpg','point_6','2024-04-22 14:23:41',26.6,38.3,24),(1427,'5bab904f-74ed-4920-849b-12e35a37e3ef.jpg','9e04b0aa-1648-4e87-9ed2-1de2b81db99f.jpg','Charging_pile','2024-04-22 14:24:20',23.8,32.1,22.7),(1428,'caa072b3-c3b8-4c6e-92df-13bb025adbad.jpg','3bfcda92-dff4-491c-9faf-4103e9351a13.jpg','point_7','2024-04-23 10:37:49',23.9,33.3,23),(1429,'5800d5af-57c3-4755-b2b1-42f98d819087.jpg','d6ca4a51-dcc0-4469-b865-98e322e17bd5.jpg','point_6','2024-04-23 10:38:20',25.7,38.6,22.8),(1430,'1a482a3d-0765-434d-bb82-622456b28152.jpg','9c5c71d9-886b-4419-b4c1-bbb755e5eb4a.jpg','Charging_pile','2024-04-23 10:38:51',23.2,32,21.6),(1431,'e1f98a17-407e-4dfb-a495-9b5fb8bde7cd.jpg','867f373f-e428-47f8-a8ea-30d79b24a212.jpg','Point_1','2024-04-23 10:42:15',24,24.9,23),(1432,'8a507c83-21af-46e2-9dff-f016d6708fc0.jpg','731458d5-2616-4f86-8d01-10df431f5742.jpg','point_7','2024-04-23 10:42:51',24.3,33.8,23.4),(1433,'2bcacab7-3b63-4ad5-9884-d934fd69503c.jpg','3a6d6134-a3a1-4707-b0b1-f4af6f0744fd.jpg','point_6','2024-04-23 10:43:27',26.3,39,23.3),(1434,'bd4ab429-741e-48f7-a4c2-592f9a4d55be.jpg','a2e65fb7-0682-475a-bb72-9621a8003dbd.jpg','Charging_pile','2024-04-23 10:43:58',23.6,32.3,21.9),(1435,'d0ff1304-7a59-4ab2-8330-0557b5136312.jpg','c8a495c3-9ea8-4a72-b0d5-353c24be971b.jpg','point_7','2024-04-23 14:15:51',23,32.8,19.6),(1436,'f8c12a39-1f46-44d1-afc8-cd379639a6dc.jpg','25ee32ad-925b-485a-9188-cba76be4dcaf.jpg','point_6','2024-04-23 14:16:22',25.5,38.1,22.1),(1437,'4e617d4e-ddef-46cd-b403-c6baec2d64db.jpg','83a3f234-1bdc-4a76-89c1-b279b4e4c269.jpg','Charging_pile','2024-04-23 14:16:53',22.9,31.1,20.9),(1438,'25959de4-f79d-4a46-bdb8-f6e0f14c9768.jpg','0c83b1c9-3295-4a1b-981a-34164946d2fe.jpg','Point_1','2024-04-24 17:58:19',22.1,23.3,21.3),(1439,'3f47d05e-37f6-4bb0-ba34-8c824576937d.jpg','fb1a66cb-d1a6-4b46-a0dd-631dc35599a6.jpg','point_7','2024-04-24 17:58:54',24.4,26.7,23.1),(1440,'7d3ab57f-4905-4847-875d-ffb219447275.jpg','914740e2-dee8-47c6-9ad1-f2e6748d6d8f.jpg','point_6','2024-04-24 17:59:25',27.2,38.8,24.5),(1441,'27f0e146-15ee-486b-b891-cafd31bea232.jpg','424f6352-e75a-4e29-9fa0-e1904c8d7814.jpg','Charging_pile','2024-04-24 17:59:59',24.7,34.4,23.2),(1442,'154e65a3-ea51-4cc5-a6ba-8cb90ae4b188.jpg','839292fc-c9e5-4985-82d1-8fb21d03a010.jpg','point_7','2024-04-24 18:22:14',23.1,28.5,21.9),(1443,'131487a9-586d-4e9f-89a7-072e99aa8b63.jpg','2f0eee16-720e-4d38-924d-f9fdaeb080b4.jpg','new_point_x','2024-04-24 18:28:07',23.9,29,22.8),(1444,'40b7ebeb-020f-422b-9c22-cfde12f46d92.jpg','5675bdb8-b7fc-4335-817f-94681792444b.jpg','point_7','2024-04-24 18:28:28',23.9,29.3,22.7),(1445,'a017cc1b-f2ea-4f33-958e-c96c0d97fbee.jpg','bf8ae029-fd27-45ce-937a-04c26ec17ff4.jpg','new_point_x','2024-04-24 18:45:28',25.6,28.4,24.2),(1446,'19192a1c-60fe-4fae-b2c0-9ef15d7d6b38.jpg','27f960d0-9f66-4b73-bd22-e97954e3637b.jpg','point_7','2024-04-24 18:45:58',24.2,29.7,23.1),(1447,'5e51bf1c-bd52-43b7-946b-894b2a072dc3.jpg','15f4ddc4-9830-4b6a-b85b-71f064f2f5ae.jpg','Charging_pile','2024-04-24 18:46:14',24.5,33.9,22.6),(1448,'dea2fb9e-805a-4c31-8aaf-662bef547890.jpg','3c97819f-1566-4c6e-a4a6-4d98cc91fca3.jpg','Charging_pile','2024-04-26 16:47:38',24.7,26.7,23.4),(1449,'02d6c37e-aab6-4040-8ad0-62ea99d571a1.jpg','07e72236-bf48-415f-8d7a-27e419878811.jpg','point_7','2024-04-26 17:01:46',23.8,30.7,20.9),(1450,'4698067e-a67e-4780-99b1-401f6d2ae213.jpg','eb435ead-ec3e-434e-831d-ed6cbbba618f.jpg','Point_1','2024-04-26 17:02:17',23.8,24.7,22.8),(1451,'11f25787-9af6-466a-8b5e-6f493cb9156c.jpg','c0c60bca-4387-4d70-acf8-b13bc90059c4.jpg','Charging_pile','2024-04-26 17:02:43',24.2,32.8,22.8),(1452,'cef9c28e-031c-4823-b3ee-db7c5726d182.jpg','4e3f1ef3-1067-4924-9a7d-eb78d4d70cec.jpg','point_7','2024-04-29 13:08:49',25.8,27.3,24.6),(1453,'c7406910-97f1-4617-a99f-96fcf4ba6122.jpg','3e9e2e97-3815-4f2f-aa8a-457bdca51272.jpg','Point_1','2024-04-29 13:09:55',25.1,25.9,24.6),(1454,'cc403f2f-3de0-4788-9dab-19bb04d5353e.jpg','a1f5016a-7c78-46cd-af91-80c398440080.jpg','Charging_pile','2024-04-29 13:10:21',26.1,32.3,24.7),(1455,'5dbf027d-8052-4a76-8530-5c6d4fd7bd1c.jpg','3438945c-767e-42ea-b597-302b7f55c503.jpg','Point_1','2024-04-29 14:05:26',26,26.7,25.4),(1456,'8c585023-61c0-4d93-983d-63bd8829c4ab.jpg','d3311e16-afd5-47a0-86f4-537828c2c4a2.jpg','point_6','2024-04-29 14:06:06',28.3,39.6,25.6),(1457,'6887b2a5-e6b8-4106-a2cb-3b4be270d689.jpg','817dc1b0-2f03-40d0-b1e9-9059872a43c4.jpg','point_7','2024-04-29 14:06:36',25.1,32.1,21.6),(1458,'2162d208-f251-40a8-b3f5-71703f0d746a.jpg','8e402166-907c-4d58-83de-e6898a2893c6.jpg','Charging_pile','2024-04-29 14:06:52',25.7,34.8,24.2),(1459,'2312f202-2c1b-4410-9c81-d0b94c15c871.jpg','97095f7d-6a89-4d36-85b5-d4320829bbb0.jpg','Point_1','2024-04-30 10:18:52',25.8,26.6,25.1),(1460,'d10fdb2a-ba71-4622-adf6-0ade2b13c2dd.jpg','0cd5ea52-6fb2-42cb-9792-046987911523.jpg','point_6','2024-04-30 10:19:48',28.4,39.5,25.8),(1461,'0e15cc3e-7a57-446b-8c91-ca7833d4a2a5.jpg','7b659598-8f3c-4741-9d4e-4fcb64cf5ce4.jpg','point_7','2024-04-30 10:20:17',25.9,32.8,22.4),(1462,'78a35c84-ecd6-4d9d-9c48-eda965f26be8.jpg','af066d74-3e40-472c-b90d-fdf413c500fe.jpg','Charging_pile','2024-04-30 10:20:33',26.2,35.1,24.4),(1463,'3e4b6685-0410-41f8-9626-1e58f0899a33.jpg','a4df8860-6f77-4fb4-abcc-9683d0fb0ad8.jpg','point_7','2024-04-30 13:13:30',25.7,27.4,24.9),(1464,'c6cddd77-1d01-475e-92cd-54e09ff3d1c8.jpg','28bf7ee9-2ea4-421c-8fd6-02b7027e92b8.jpg','Point_1','2024-04-30 13:13:56',25.3,26.1,24.7),(1465,'c350407e-752a-4770-b44b-87d90c958154.jpg','a42ed3a4-8267-4d7d-9242-96c5efef23a5.jpg','Charging_pile','2024-04-30 13:14:22',25.6,33.9,24.3),(1466,'a40b8ed0-5851-407e-b88a-9aa76991f013.jpg','f485d003-98ea-4fe0-8ee7-005706569b3c.jpg','Point_1','2024-04-30 14:05:25',25.7,26.5,25.1),(1467,'953fb56d-5620-4775-8a24-f72319b962cb.jpg','86dbbfda-d598-4b1f-bc24-580532895f28.jpg','point_6','2024-04-30 14:06:06',28.3,38.8,25.5),(1468,'fe221845-2fef-4c7b-bdc5-be3884ca995c.jpg','d3662565-742e-4b75-81c0-8a9f945af16f.jpg','point_7','2024-04-30 14:06:35',25.4,27.2,24.6),(1469,'8a696561-6fed-4822-b956-e9ec5b5f6910.jpg','e25b7e8a-5143-46cc-b720-6e6b13327116.jpg','Charging_pile','2024-04-30 14:06:51',25.9,35.1,24.3),(1470,'915c824b-bdae-4f3d-9c70-5bea124e08ee.jpg','7fdb23ab-64c6-4484-a036-f47a72d489da.jpg','point_6','2024-05-07 11:33:46',25.6,32.2,23.1),(1471,'8f757ed1-bf9a-4611-98f9-41bb445affb2.jpg','89ef2f68-3a44-4a07-9c43-a986ee56b2e9.jpg','point_7','2024-05-07 11:35:30',23.7,33.2,22.6),(1472,'ff830834-1c16-47c7-8f80-379a13184e7c.jpg','ee7bfcf3-efe5-4197-8abc-ce8d9b2d2a76.jpg','point_6','2024-05-07 11:36:06',25.2,31.9,22.5),(1473,'88016017-d752-4e21-92aa-076bb78fde3c.jpg','8df23bc1-7428-47bb-926f-b3303670c79b.jpg','point_7','2024-05-07 11:36:32',23,32.5,21.7),(1474,'4fbbe9f0-abe1-40fa-a35c-f3f8de914c93.jpg','86ee48ec-eac4-4065-937d-193c3f8413ba.jpg','point_6','2024-05-07 14:15:30',25,32.1,22.5),(1475,'2f57673a-5a85-40c8-b215-58dc1194e04d.jpg','03dd7d64-e476-41f8-be86-32b68f6015dd.jpg','point_7','2024-05-07 14:15:55',22.8,32.7,21.5),(1476,'604fc936-481d-4744-a3fd-9f2e46d1b1d4.jpg','7efb8a3c-0f2e-4644-85a8-49851a96a4b5.jpg','NewPoint_1','2024-05-07 14:22:21',24.4,26.2,23.4),(1477,'caef5cc1-a6e9-44bd-a83e-61c92068423b.jpg','e66061c6-1574-4af9-a513-7408a2d0a33c.jpg','point_7','2024-05-07 14:22:56',25,34.7,23.7),(1478,'f126af9b-8b69-4e99-b969-32a28903a384.jpg','025f7000-9e94-4ddd-b07f-7330b5781c04.jpg','point_6','2024-05-07 14:23:22',26.6,33.3,24),(1479,'3be6bb4a-6da9-4627-9197-2be17d1f3dec.jpg','b93c6c4d-0ee7-4b23-b577-5378e9457e72.jpg','NewCharge','2024-05-07 14:23:58',23.5,32.1,21.8),(1480,'7308bdd7-cece-4143-9635-0393ff4ace4e.jpg','8b3ba277-b732-49ab-b811-cb28e3abcf39.jpg','point_6','2024-05-07 15:09:41',25.6,32.7,23.5),(1481,'c4a403a7-7007-4d13-bf2b-eb52f429dfed.jpg','232808a8-2079-482d-9922-95897be78d83.jpg','NewCharge','2024-05-07 15:10:12',23.1,31.4,21.3),(1482,'72eece7f-5be4-4ec5-a8f4-cb96db28364a.jpg','af01694d-78d8-4b66-bd20-2dc3459634bd.jpg','NewPoint_1','2024-05-07 15:13:17',22.5,23.7,21.4),(1483,'836bfb14-f1de-415b-a3bc-46de0fe62a51.jpg','8800cf22-6d8f-46b1-8bec-35455b4c6486.jpg','point_7','2024-05-07 15:13:58',24.2,35,23.3),(1484,'5a61a523-0637-4cd6-8656-39237b6c8a6d.jpg','eeb52ad3-a726-4d23-989b-7fb1fb6bef89.jpg','point_6','2024-05-07 15:14:24',25.9,32.8,23.9),(1485,'48c5266c-594a-467a-b3f9-98fad9554d4e.jpg','2c9a6a62-6183-4b31-82c0-528919cc5d67.jpg','point_6','2024-05-07 15:30:51',26.3,33.4,24.3),(1486,'91fc4058-fbfc-4420-852c-4ce5190b9675.jpg','9db7255d-600b-4c5f-a5e4-7e0d805d3386.jpg','NewPoint_1','2024-05-07 15:33:55',23.3,24.5,22.4),(1487,'56364640-ee7c-43ac-853d-899f99b63d85.jpg','170bc5f7-6cbb-4d3e-8434-da7fb064bbf7.jpg','NewPoint_1','2024-05-07 15:33:56',23.3,24.5,22.3),(1488,'f84a7c12-f4dc-4b08-b67b-f54115308391.jpg','1063deea-22b2-4eb6-a983-326f6a99bcda.jpg','point_7','2024-05-07 15:35:02',23.4,27.5,22.4),(1489,'2cc90d83-a28b-443b-8475-d3889af2cb65.jpg','761e57ee-8d09-41d6-abe5-94109c3ec120.jpg','point_7','2024-05-07 15:35:02',23.4,27.5,22.4),(1490,'366cd956-5028-4827-9b97-7ed7a6e4af6b.jpg','ddb32f9b-6c71-4a61-adbe-5b10889a2b99.jpg','point_6','2024-05-07 15:35:28',25.1,32.1,23),(1491,'b964153a-bd8a-4717-a905-49f8ceba37f6.jpg','01e7e86a-0c63-4358-982a-cc4d3526c77e.jpg','point_6','2024-05-07 15:35:28',25.2,32,23),(1492,'def206e4-0339-496b-ae9a-3adde51a7e10.jpg','dc312775-ff76-435a-b586-38037f1412a2.jpg','NewCharge','2024-05-07 15:35:58',22.5,30.9,20.8),(1493,'192214f4-3f29-41d5-af3e-fe5a8047cf17.jpg','ee70b03e-9460-40f3-8b3f-657e0816f2bc.jpg','NewCharge','2024-05-07 15:35:59',22.6,30.9,20.9),(1494,'9f6fad4d-d478-4c21-82c0-01aae9ea6c10.jpg','2e9e03b1-fa8b-4452-adbb-953a7b0fe9e3.jpg','NewPoint_1','2024-05-07 16:19:04',24.1,25.3,23.2),(1495,'f507fe0f-7c0d-4ffd-80a2-65dc7b14bc5d.jpg','0c084226-866e-4a7d-bed9-7a20b60ad8a2.jpg','NewPoint_1','2024-05-07 16:19:05',24.1,25.3,23.3),(1496,'a3a9382c-1de0-44af-8dfa-3de8520503ba.jpg','2bca0178-b218-4b61-95ae-aeb7ab42016d.jpg','point_7','2024-05-07 16:19:40',24.6,33.6,23.6),(1497,'765a5c8b-8d3f-434f-8c11-664e732818de.jpg','b3e8ae8e-4999-4ddc-ace3-d53bf60a03bc.jpg','point_7','2024-05-07 16:19:41',24.6,33.6,23.6),(1498,'0f67a827-e74d-495a-ab5b-95d4da90f281.jpg','f662975e-401e-4b4a-a7da-1720017e3986.jpg','point_6','2024-05-07 16:20:06',26.2,33.1,24),(1499,'5163f9ba-a45b-49d4-8192-ca1da6fd8e3b.jpg','c0cbf305-2d4c-49d3-b6b4-eefa9133f620.jpg','point_6','2024-05-07 16:20:10',26.5,33.4,24.4),(1500,'9b3ede25-2d46-49fb-8a43-e24311357c6e.jpg','32b0c681-db4a-4ed4-9023-7b4c816ed4f3.jpg','NewCharge','2024-05-07 16:20:37',23.9,32.2,22.6),(1501,'90cf8d81-fbca-4c5c-ac73-b4534c714fd0.jpg','2e4e1ea5-3f0b-4281-96a5-b53380437285.jpg','NewPoint_1','2024-05-07 16:26:24',23.6,24.7,22.7),(1502,'e648756b-0e27-42ed-883c-c63920eb32c9.jpg','2cb46a2b-4e8e-4454-a4e5-ef805a7e9e9c.jpg','NewPoint_1','2024-05-07 16:26:21',23.5,24.7,22.6),(1503,'3d8f14ed-50aa-4d28-8a53-8d1ea6f8e86c.jpg','2a4d4b0e-aba2-4c06-981d-5afb2c057778.jpg','point_7','2024-05-07 16:27:11',23.9,33.6,22.9),(1504,'7eecce54-6538-4e9c-a25b-cc40477eb345.jpg','c817bbbf-e219-4c25-9a72-e6e5fece8719.jpg','point_7','2024-05-07 16:27:11',23.9,33.5,23),(1505,'5675c606-b530-4f7f-9942-459ebdb9f320.jpg','047a9e45-f80d-406d-9049-36869e5ec898.jpg','point_6','2024-05-07 16:27:37',25.6,32.6,23.7),(1506,'3b23fc75-6559-4581-af10-b7d991a3e107.jpg','df9b895c-b0ff-43c3-9aed-7c3911bfa4d6.jpg','point_6','2024-05-07 16:27:37',25.6,32.5,23.7),(1507,'2a61c240-0cdf-4847-9161-3cae1c80dfe8.jpg','f713df53-5260-48cc-bc7f-f0343977fe0f.jpg','NewCharge','2024-05-07 16:28:08',23.1,31.3,21.7),(1508,'bb0f1786-06a0-4919-b1ab-a3438ea3d979.jpg','869d0d91-011e-4efd-aee0-879dbacddac3.jpg','NewCharge','2024-05-07 16:28:13',22.9,31.3,21.3),(1509,'2c25b0c3-03e9-46c0-af91-1b4dc5b10312.jpg','815f7251-4ce7-4d39-abfe-fff3b034c50a.jpg','NewPoint_1','2024-05-07 19:45:59',24.4,24.9,23.5),(1510,'76628ec9-d970-484b-beef-db0f99a3409e.jpg','369e53d5-6c5b-4155-96ed-c6a483a1e3e2.jpg','NewPoint_1','2024-05-07 19:46:00',24.4,25,23.6),(1511,'dc318ce3-ea32-4b05-a417-c04feb1cedda.jpg','55a5cdee-8ad4-4762-a085-619cda52f609.jpg','point_7','2024-05-07 19:46:35',24.7,25.8,24),(1512,'5f25bfb5-86db-41bf-9558-06a17399dd2c.jpg','6e24d806-7a73-49b1-aec6-f80e4166c6ea.jpg','point_7','2024-05-07 19:46:36',24.7,25.8,24),(1513,'3731c55e-3888-4afb-9842-5103a9b6d5b0.jpg','ae05955f-7cc0-442e-bb41-ecde5896cc29.jpg','NewCharge','2024-05-07 19:49:45',22.9,32.8,21.3),(1514,'3e06c900-d4fa-4f63-88f3-d8651ab06336.jpg','81010fff-df17-421a-8c80-7632de7377b0.jpg','NewCharge','2024-05-07 19:49:45',22.9,32.8,21.4),(1515,'284952f4-7518-4afb-8466-b4d2eeef40e8.jpg','9390c453-7e66-47e4-b948-82fc1226b1c5.jpg','NewPoint_1','2024-05-07 19:52:52',24.4,24.9,23.6),(1516,'f9203604-05d1-4498-a9cb-0cef88dc53ec.jpg','a5b2481a-1e3b-4a26-a67b-dd956909564d.jpg','point_7','2024-05-07 19:53:28',24.5,25.6,23.8),(1517,'8b88b31b-cd1f-4443-a354-090bc6a7b205.jpg','56c94ace-fc09-41ee-b112-54dde5c24e51.jpg','point_6','2024-05-07 19:53:53',26.6,32.3,24.9),(1518,'82396bb2-ae24-4468-83fb-dfd03da3fecb.jpg','f91b54d9-7dbe-4021-928d-4ab85f2be120.jpg','NewCharge','2024-05-07 19:54:24',24.7,34.4,23.4),(1519,'e2e2dde3-5861-4b5f-92c3-20132b2f58d1.jpg','7fdece7d-9c19-4272-b010-c0fac3af4910.jpg','NewPoint_1','2024-05-07 19:55:55',24.7,25.1,23.8),(1520,'48831af2-1b32-4d66-a7d5-e8260c8d0904.jpg','8bdc12e1-fca2-41ff-bbd8-646cad4387b0.jpg','point_6','2024-05-07 19:56:55',26.6,32.1,24.8),(1521,'b2369639-6d7f-4d8f-8ff4-bb26f9c8ebf7.jpg','9c6c99de-1912-4a8a-a194-7b39e05ec8ce.jpg','point_7','2024-05-07 19:57:21',24.7,25.9,23.9),(1522,'1f6480ae-44d7-4337-a352-e960daa684f4.jpg','7eaa0cb1-374f-4fea-9a58-7ea8122a6394.jpg','NewCharge','2024-05-07 19:57:37',24.8,34.5,23.7),(1523,'af3ee86c-d136-46e0-a882-eae0d047208e.jpg','3bda3c03-5419-4732-8444-56877bb55f07.jpg','point_6','2024-05-08 10:00:10',26,31.2,23.7),(1524,'18d31056-6665-45ac-b515-2dac33164a00.jpg','5b6d6b4c-7cb2-4485-8723-ab4a0d087af8.jpg','point_7','2024-05-08 10:00:40',23.2,26.9,20),(1525,'0a02b502-f952-46d2-8ab6-2974a379725f.jpg','05b094c6-2989-4467-8a80-4750191e5858.jpg','point_7','2024-05-08 10:00:41',23.2,26.9,20.1),(1526,'44253a75-0823-4870-8646-807e28a05edf.jpg','b56865f9-3c99-410d-bd89-ab0354b7d348.jpg','NewCharge','2024-05-08 10:00:56',23.8,32.3,22),(1527,'7075c7bf-05e8-4205-ba45-ac78948633e4.jpg','c3ad447a-12f3-4dfd-8bb3-10f393ee739c.jpg','NewCharge','2024-05-08 10:00:56',23.8,32.3,21.9),(1528,'bd5d662e-2957-41df-8af8-7a84d0f68f4e.jpg','2e3c7238-552f-46ec-bd44-65353793bfc4.jpg','point_7','2024-05-08 14:05:30',23.2,32.6,20.3),(1529,'f044c454-253f-45a6-93f5-64c009dd8efc.jpg','653b0b01-1f30-402d-8d9b-c953acd3b762.jpg','point_6','2024-05-08 14:06:11',24.9,29.9,22.2),(1530,'71921ef4-04a5-4ed0-8c21-d5ab27a0c799.jpg','ac0e154f-a2ae-468c-93bc-dcfa67c64faf.jpg','point_7','2024-05-08 14:17:30',23.5,33.5,20.4),(1531,'469f37d2-34ac-4f76-abba-09b2352b63b9.jpg','b21ea008-c464-4782-b33b-f1e541f7b7b2.jpg','point_6','2024-05-08 14:17:56',25.7,30.6,23.1),(1532,'2845f44a-4d0f-46aa-bfa8-cc5c56b6badc.jpg','02564a7d-b001-4823-b1df-c78e29fc79cd.jpg','point_6','2024-05-08 14:18:00',25.4,30.4,22.9),(1533,'99a36c1d-1979-4408-b4a6-3429feaff552.jpg','e47c0fdd-d778-41ec-835d-7249d75ed120.jpg','NewPoint_1','2024-05-08 14:18:26',22.7,24.3,21.6),(1534,'6f04ec06-3e89-429b-9d88-10b40c785c2c.jpg','b9f4e58a-b1e2-4bda-8d82-b7290b641897.jpg','NewPoint_1','2024-05-08 14:18:26',22.7,24.3,21.6),(1535,'e391b4ed-98ce-4a68-ba44-784bd090f63e.jpg','08b2bf59-f213-42d1-85cd-273245ff4227.jpg','NewPoint_1','2024-05-08 14:18:26',22.7,24.3,21.6),(1536,'f896905d-1181-4aab-a500-ad546d283f83.jpg','e3a9c02c-7781-4267-b93a-fac11c9580c0.jpg','NewPoint_1','2024-05-08 14:18:27',22.7,24.3,21.7),(1537,'0b099fe6-803d-4c5b-95cc-37a1c568b8ad.jpg','6401ba4c-a090-4d66-934e-9e9cf2c0d473.jpg','NewCharge','2024-05-08 14:18:52',23.4,32.6,21.6),(1538,'4f9e3c21-4d41-4cc3-ae14-c92ada980f61.jpg','fda1f699-e8b1-43f9-b1c7-586790f589d9.jpg','NewCharge','2024-05-08 14:18:53',23.4,32.3,21.7),(1539,'3aed8ce7-d3d7-46e9-a7ca-9c410368042c.jpg','4ddf1c5b-142f-47a8-b95b-48a2bf18d748.jpg','point_7','2024-05-08 14:24:39',23.9,33.4,20.5),(1540,'201ac2b8-d82d-455e-8f0b-de612a0c3ebc.jpg','ba935fe0-9742-4451-bae4-4e7de0972c42.jpg','point_7','2024-05-08 14:24:40',23.9,33.3,20.4),(1541,'c649a8fd-1438-4f4a-b3a5-08a3d691a6cf.jpg','12f91bd0-3163-4654-8396-226c3c3502d0.jpg','point_6','2024-05-08 14:25:06',25.6,30.6,23.1),(1542,'eeef4cfc-1f99-409b-a7cb-04c7c701f143.jpg','5f16ba88-81c8-4be5-b8a5-c8be7706a708.jpg','point_6','2024-05-08 14:25:09',25.6,30.7,23.2),(1543,'044b6643-4600-42f3-a67d-d598e8a14e0c.jpg','eefb388e-4fe3-4a1f-b23c-4da1f6a807c8.jpg','point_6','2024-05-08 14:25:09',25.7,30.7,23.2),(1544,'09f52fc3-a378-417a-b37a-197d64879e50.jpg','cd20bfb3-4c90-446a-a8a0-f75922aae349.jpg','point_6','2024-05-08 14:25:10',25.6,30.6,23.2),(1545,'9a832297-53a0-4418-a184-5eb98fb5f3b9.jpg','805e8c57-67ba-4c88-845c-8d31e6dca5a9.jpg','NewPoint_1','2024-05-08 14:25:35',22.9,24.6,21.7),(1546,'b5f7c354-2a3c-4887-93d0-bc9f8afd41c5.jpg','37341b37-b858-4d65-a5fc-46f47f4752a3.jpg','NewPoint_1','2024-05-08 14:25:36',22.9,24.6,21.8),(1547,'84e21c49-db80-4be4-a174-50b5c3c29ef3.jpg','d09845e9-3d0c-4f60-a1e9-08da4cc0a95f.jpg','NewCharge','2024-05-08 14:26:01',23.5,32.3,21.7),(1548,'730312d8-762b-4dc6-971c-2cf07f318dd2.jpg','46a07ebb-207e-470c-bf1a-defcf73fe016.jpg','NewCharge','2024-05-08 14:26:02',23.5,32.4,21.7),(1549,'8c963545-4475-4833-85d3-e60f5821c59f.jpg','8eb0e412-1cb5-4173-9dbe-5621580721a2.jpg','NewCharge','2024-05-08 14:33:49',23,31.7,21.4),(1550,'f21b36ff-2499-47ae-a345-97905add16fa.jpg','1d67129e-154d-40da-b6bf-44c2539e1ee6.jpg','NewCharge','2024-05-08 14:33:51',23.2,32.4,21.4),(1551,'9b9ca3a2-72fe-4eca-b205-29187ad04ff8.jpg','269fdf6f-3403-4e0d-a1d9-74850af0b0d9.jpg','point_6','2024-05-08 14:45:57',25.3,30.2,22.8),(1552,'b651e361-a0c8-482a-bb1a-e48d5b2b6ebc.jpg','c4d9f76f-d390-4c41-b0e2-2210965c6a93.jpg','NewPoint_1','2024-05-08 14:46:23',22.5,23.8,21.5),(1553,'75aebfb6-5acf-46c7-ac03-5d44bf785635.jpg','9b85c211-ed19-4960-a501-8070469599e5.jpg','NewPoint_1','2024-05-08 14:46:25',22.5,23.9,21.5),(1554,'cade1a16-8c3c-4ccd-9620-d56c1842090a.jpg','39392597-0816-402c-be3c-8a6272d3e8c4.jpg','point_6','2024-05-08 14:46:59',25.3,30.2,22.8),(1555,'edbafd65-4706-41cb-b1a0-44ec7efd4cf1.jpg','285987c2-5409-4a03-9c5c-336da28d9d7a.jpg','point_6','2024-05-08 14:47:01',25.4,30.2,22.8),(1556,'3f9fca39-fb7a-4af2-bd85-3accea1d8d24.jpg','e882059c-10eb-421e-94f2-7eb8cc175983.jpg','point_7','2024-05-08 14:55:30',23.1,33.4,20),(1557,'53d29154-5987-441e-83a7-dad5c0f5a57c.jpg','c18bee01-3ef8-42b0-9740-e4c5213791da.jpg','point_7','2024-05-08 14:55:30',23.1,33.3,19.9),(1558,'f322290a-67cc-46d4-8f79-c7ba3112ec8e.jpg','62553537-ade9-43ba-a0f7-3d9bf9490455.jpg','point_7','2024-05-08 14:55:33',23.1,33.3,20),(1559,'b573718c-7c11-462c-a324-3cec506ce8a5.jpg','e4c3d262-e846-4382-ac58-f5cf93794fe6.jpg','point_6','2024-05-08 14:55:51',25.4,30.3,22.9),(1560,'cd3be78f-793e-45bb-81d4-811fd82bdcf7.jpg','94338867-6f0d-484f-a904-b224013b064c.jpg','point_6','2024-05-08 14:55:51',25.4,30.3,22.9),(1561,'320b4c87-ba0d-4da6-8a23-fc09cefa667b.jpg','a77848ab-7f6f-4072-b452-3d2f665a59bb.jpg','point_6','2024-05-08 14:55:55',25.4,30.2,22.9),(1562,'13db477c-0e59-422a-a7dc-e9b15fa7870b.jpg','cc3d44d3-de6d-4262-a2fa-122f58f8da1a.jpg','NewPoint_1','2024-05-08 14:56:27',22.7,24.3,21.7),(1563,'e4d96104-5670-4369-8569-98ce38c394a7.jpg','324366a9-b2f8-4040-a7d2-43ae06d58bc7.jpg','NewPoint_1','2024-05-08 14:56:27',22.7,24.3,21.6),(1564,'6460b769-3bb0-4517-bcfd-3ef309dba3b6.jpg','48ec8451-c361-4b9b-8dd8-5c7da852f1ff.jpg','NewPoint_1','2024-05-08 14:56:28',22.7,24.4,21.6),(1565,'60d8bb58-3ad4-4c61-a3b5-e22d5047e230.jpg','714c02c7-249c-48c2-a2b1-2394ed757e70.jpg','NewCharge','2024-05-08 14:56:53',23.3,32.3,21.4),(1566,'243bb356-bfbb-4604-bd87-9e5a77fb23e7.jpg','726cf993-752e-4505-adc1-db28a14ff6c4.jpg','NewCharge','2024-05-08 14:56:53',23.3,32.5,21.3),(1567,'e7e5f5f1-f9d5-4e42-a059-bd70bf0d1e39.jpg','d30beb35-7642-4ca6-8bf6-6eb88ae89ce7.jpg','NewCharge','2024-05-08 14:56:56',23.3,32.5,21.4),(1568,'10a5f0ad-a9c2-43cd-8158-d30cc3493ff1.jpg','1dc5dc6e-4235-4fcd-8c3d-782b11f30e58.jpg','point_7','2024-05-08 15:05:27',22.6,24.8,19.6),(1569,'9915e267-7820-4fd4-8a36-cb5608dcc4a1.jpg','cd088ac6-6aa2-42a0-97c3-1f8457ca4483.jpg','point_6','2024-05-08 15:07:51',25.3,30.4,22.7),(1570,'74c10a17-ba0f-40ba-a1a1-4d4aa5e8f427.jpg','1d970b32-8eb7-4c78-8a53-30fe3c716583.jpg','point_6','2024-05-08 15:07:51',25.3,30.4,22.8),(1571,'0b645027-58ee-420d-937a-f19763e1592f.jpg','53256ed1-4351-4c9a-b513-1db7497eae2e.jpg','NewPoint_1','2024-05-08 15:08:31',21.9,23.5,20.9),(1572,'5381bc4f-37b1-4416-b094-373f7850cf95.jpg','bcd3a412-fa8a-4265-87f0-2fa073b80be2.jpg','NewPoint_1','2024-05-08 15:08:32',22,23.7,20.9),(1573,'febc1662-3b30-4b60-9294-81930e39b83f.jpg','493953bc-cd35-40ab-aaa6-072892807d5c.jpg','NewPoint_1','2024-05-08 15:08:32',22,23.7,20.9),(1574,'f24b6fe3-6d58-4497-b9f3-070e981cd9dd.jpg','33ed0aa5-67c8-4e0d-aeb7-e32606e79d3f.jpg','NewCharge','2024-05-08 15:08:58',22.6,31.4,20.8),(1575,'eebf44b6-554f-4145-9cd9-c0dffc510eb0.jpg','e43f05ff-d51d-4212-96d8-72eb592e02e1.jpg','NewCharge','2024-05-08 15:08:58',22.6,31.6,21),(1576,'38fe91cf-8e03-432e-8e4f-f7f4dd643a05.jpg','f9f405cb-c1a1-47b2-ac50-793547899e65.jpg','NewCharge','2024-05-08 15:08:58',22.6,31.6,20.9),(1577,'8483025b-7e4c-4be5-8b61-ba3294a56347.jpg','eb655ae1-bd62-4b1b-8e2e-b0fc1dfe864d.jpg','point_7','2024-05-08 15:11:37',22.6,25,21.1),(1578,'2900af33-b290-4f93-9a72-2b058f81910c.jpg','3f57abd8-3995-4120-9af6-4f53a1afd6a6.jpg','point_6','2024-05-08 15:12:10',25.1,29.9,22.5),(1579,'fcf43c6e-b2fa-4b5b-a9de-c1afe1d74cd0.jpg','20464301-77c0-45ac-99ad-706dc0011669.jpg','NewPoint_1','2024-05-08 15:12:42',22.5,23.7,21.6),(1580,'2ef3370f-e8e4-4b59-8d8d-ad5ae03af0b3.jpg','3fa4c72d-5cb2-4235-9aa7-b47c795dffd6.jpg','NewCharge','2024-05-08 15:13:10',23.1,31.9,21.5),(1581,'eb232f1f-3afc-47da-badf-e2a6808f8efb.jpg','1e74ac49-7183-45bd-a661-2b35cc988389.jpg','point_7','2024-05-08 15:20:27',23.2,33.3,20.1),(1582,'1a94130c-1389-48af-9824-f0cc93f864de.jpg','bba38951-c38c-40f9-aee3-a71da93f40b5.jpg','point_7','2024-05-08 15:20:30',23.3,33.4,20),(1583,'c15f305b-3603-441f-85ca-dd33cc12963e.jpg','fd51b559-fe8d-459a-b393-a066da8fab53.jpg','point_7','2024-05-08 15:20:31',23.2,33.3,20),(1584,'bfc59198-9358-4e01-9f67-e32f1021a698.jpg','7f3e3c83-9da8-484e-98f7-9d1f96395c06.jpg','point_6','2024-05-08 15:20:55',25.8,30.6,23.3),(1585,'78faeffa-78ec-41a5-bda6-676934180a26.jpg','66c58f0a-fe75-4c95-a446-875cbc0297d5.jpg','point_6','2024-05-08 15:20:56',25.8,30.7,23.3),(1586,'cff6d8ed-7500-46e9-809a-c1f5583d0ba7.jpg','ddbd655d-c973-4c86-b197-243cbb8b67c4.jpg','point_6','2024-05-08 15:20:57',25.8,30.6,23.3),(1587,'ae442573-3988-4501-8a60-3c87b7822d93.jpg','90354335-6d7f-4b2d-8e85-7310d4aa6eeb.jpg','NewPoint_1','2024-05-08 15:21:31',22.8,24.1,21.9),(1588,'8517fc4c-8c9a-4e34-a103-22ecb512269d.jpg','919e2474-ca72-440d-bf45-492bc1301530.jpg','NewPoint_1','2024-05-08 15:21:33',22.8,24,21.9),(1589,'a6a38cf6-0076-4ceb-9101-7888e6ffcbb5.jpg','d0d3ced8-980c-47e6-8a71-07ec52207532.jpg','NewPoint_1','2024-05-08 15:21:33',22.9,24.1,21.9),(1590,'100d0023-d0e9-4753-a81e-80ba4e0f84e5.jpg','747d9db8-f869-444a-88ad-95d45ebf9cf7.jpg','NewCharge','2024-05-08 15:21:56',23.6,32.8,21.8),(1591,'46db191a-8058-4d67-ae76-0e7f1ced5173.jpg','103e41e2-96e5-443f-9fa6-e81dcacafe4f.jpg','NewCharge','2024-05-08 15:21:57',23.5,32.6,21.7),(1592,'df4062ce-8fe7-4feb-92be-bdae46158600.jpg','6e58c707-9260-4316-a870-1b9b12bdc0ce.jpg','NewCharge','2024-05-08 15:21:59',23.3,32.2,21.8),(1593,'d9e5f0a5-7efa-400e-a3fe-ac273dc4e56b.jpg','f615035c-a77f-4bf0-ae48-a41f79cc85ca.jpg','point_7','2024-05-08 15:25:22',23.3,33.2,20.2),(1594,'8c324dc9-7c73-4ab6-a4cd-1603ad4b5d6d.jpg','7292adcd-465e-4103-a5c4-e41b30ca22e3.jpg','point_7','2024-05-08 15:25:24',23.4,33.4,20.1),(1595,'825fb2a7-0094-40d9-8824-fd1f11394c9f.jpg','071663f7-fd79-46fd-a298-732626bd9958.jpg','point_7','2024-05-08 15:25:26',23.4,33.2,20.1),(1596,'75494c0b-f40e-4724-a683-030499f8984b.jpg','be651c0e-4269-40dd-940d-c0954b82ce14.jpg','point_6','2024-05-08 15:25:49',25.9,30.6,23.4),(1597,'3adf52fd-e09a-475a-b845-764eeb99ae94.jpg','cf1b975f-9e86-471a-97f8-5f2f892edea5.jpg','point_6','2024-05-08 15:25:50',25.9,30.5,23.4),(1598,'12907b6f-cf66-4eb4-becd-e7f522469f9f.jpg','47f0d4fc-41c2-4d70-b4cc-051bb48beec5.jpg','point_6','2024-05-08 15:25:51',25.8,30.6,23.3),(1599,'e0e320d4-fd11-4bb2-b943-58b6b35955aa.jpg','462709f8-4550-42d7-97d4-87acc99bfb19.jpg','NewPoint_1','2024-05-08 15:26:25',23.1,24.9,21.9),(1600,'e65dd466-8b23-4ce5-8c00-1d46edb99418.jpg','f154faac-b320-4b51-887a-69270e34e724.jpg','NewPoint_1','2024-05-08 15:26:27',23.1,24.9,22),(1601,'0986ac41-a900-499a-9b84-cccf512c0327.jpg','93cceb01-d4dc-492b-9cd3-2c486f14c17f.jpg','NewPoint_1','2024-05-08 15:26:28',23.1,24.9,22),(1602,'dcc1ff78-2fb8-49a7-a388-4f1fabf3eadf.jpg','803d3c5c-9e94-4ec0-a212-d2cf226ec9a6.jpg','point_7','2024-05-08 15:38:30',22.6,32.8,19.5),(1603,'cd4b7197-751b-421c-9db7-4ed2232c7143.jpg','c36348a3-3009-4875-ac16-691190cc416a.jpg','point_7','2024-05-08 15:38:30',22.6,32.9,19.6),(1604,'662994f4-1951-46e9-a23e-f87a2eb66ac4.jpg','48ef077e-e8d7-4600-991f-7b2065cf6e37.jpg','point_7','2024-05-08 15:38:32',22.6,33,19.6),(1605,'46574476-f77b-4908-a299-158d0284c63c.jpg','73bec18f-e12d-496c-9dd1-98a2f6969ace.jpg','NewPoint_1','2024-05-08 15:41:45',21.4,23.1,20.3),(1606,'37b9157b-1ba3-48de-9f1d-cb817c3a8159.jpg','d9376c9c-fb90-4adf-8cd8-c09cc27a1504.jpg','NewPoint_1','2024-05-08 15:41:45',21.4,23.2,20.2),(1607,'22002fc9-def4-4cb8-989c-5d0ab4ca2934.jpg','b9eda3df-f61f-484a-bae7-b24762959933.jpg','NewPoint_1','2024-05-08 15:41:46',21.4,23.2,20.3),(1608,'6cd168e9-9d9b-478b-93d5-eba551612dfb.jpg','0a210867-1855-4eb7-ba1e-4beebb4f6aeb.jpg','NewCharge','2024-05-08 15:42:11',22,31,20.4),(1609,'9e60dcec-7927-4397-96cc-2c17636e180e.jpg','c3511cd3-5114-485c-9577-88cde818a3e0.jpg','NewCharge','2024-05-08 15:42:11',22,30.9,20.3),(1610,'1a986f07-46b5-4d18-bed0-584c68b602ac.jpg','de5b5877-0b75-4ede-9a0b-807314614922.jpg','NewCharge','2024-05-08 15:42:14',22,30.7,20.5),(1611,'e05c7b32-86d5-49e4-95ae-aef086ab36ee.jpg','ca678ee8-80f0-47eb-957f-7511c429fbec.jpg','point_7','2024-05-08 15:44:52',22.9,31.9,21.1),(1612,'92f523de-665d-4754-a6df-5c7fdfbf81ed.jpg','2d9e3adf-c3d2-4f41-801b-6de52d659d52.jpg','point_6','2024-05-08 15:45:30',25.4,30.1,22.8),(1613,'8758c757-95ff-499f-9353-2ff49beb00e3.jpg','0be202dd-49c8-483c-890e-bb0f7b5e0999.jpg','NewPoint_1','2024-05-08 15:46:18',22.5,24.3,21.4),(1614,'b5498685-4d50-42ac-996c-bbc42f51d659.jpg','9e432836-4317-48b8-8e21-85f861e8c72b.jpg','NewCharge','2024-05-08 15:46:46',22.8,31.4,21.3),(1615,'1cdfd59b-06fb-4dc4-bbb1-847568fec180.jpg','e680c676-4c9a-4728-82b7-edfe42f34a57.jpg','point_6','2024-05-08 16:35:09',24.9,30,22.3),(1616,'6affdf31-0515-432d-aa73-45273079f0e9.jpg','9683b099-af39-4ab6-87e3-5d0e2c5a155a.jpg','NewPoint_1','2024-05-08 16:35:42',21.8,23.3,21),(1617,'e78650c5-f0c3-45b7-9ab0-b186c5e84391.jpg','db51cf39-a60e-4f1c-9f61-5f0dcd57e9b5.jpg','point_7','2024-05-08 16:38:53',22.6,24.9,21.2),(1618,'6e71be4c-36d3-4c10-a7c1-66a86a81a4f2.jpg','7ed9d3c4-2662-48bb-86f1-c42710c2be7c.jpg','point_6','2024-05-08 16:39:21',25.2,30.7,22.7),(1619,'d20bae94-521e-42d5-9034-706619670a88.jpg','a3d51dba-8426-4142-af27-723d4b1c4780.jpg','NewPoint_1','2024-05-08 16:39:59',22.5,24,21.7),(1620,'d1aad2b8-aa74-4e80-896e-354305ca22ab.jpg','428f60e4-b358-4162-928c-ae2f07cd8907.jpg','point_7','2024-05-08 16:50:27',23.1,25.1,22),(1621,'1387597e-020b-4700-b964-dac4db686fee.jpg','f4740295-ef64-41ad-814a-0a7e82d6502e.jpg','point_6','2024-05-08 16:50:55',25.5,30.9,22.7),(1622,'4de7e658-d310-4ccd-9473-15dabcc1177d.jpg','ea825b48-b575-40bf-92ff-7ebc5ac3b591.jpg','NewPoint_1','2024-05-08 16:51:28',22.4,24.1,21.6),(1623,'597184b6-ae47-4dc7-a8c1-db2cf0f63a10.jpg','5c8d4ccf-7b57-425a-bfd5-f5b13cc60d2b.jpg','NewCharge','2024-05-08 16:51:56',22.9,31.7,21.5),(1624,'1a4974b1-c348-47a4-b886-c4eee4dee0c6.jpg','3948987e-707f-40bb-81f6-ecc714a4b596.jpg','point_7','2024-05-08 16:57:27',22.8,24.6,21.3),(1625,'e073fd0a-5ee9-4104-bdb6-019bffb8a9a6.jpg','f045a6a9-3f08-413f-ad50-a032cfa4ef8e.jpg','point_6','2024-05-08 16:57:55',25.3,30.3,22.7),(1626,'1f1010aa-dff5-4d18-b4d3-3e35d5e9fd61.jpg','e1cb9bc2-87e9-450e-8d2d-df0a4916b238.jpg','point_3','2024-05-08 16:59:08',26.6,28.7,24.9),(1627,'1c0d9229-892b-478d-adbe-fd48970ed7b7.jpg','e4907f13-ec3a-4cfe-981e-43ed539051f2.jpg','NewCharge','2024-05-08 16:59:59',23.6,33.2,22.4),(1628,'3984b775-9c2c-4935-b476-39211102032a.jpg','76ad6060-e1ad-482d-838e-1c930441d0c6.jpg','point_6','2024-05-08 17:50:27',26.4,31.9,23.7),(1629,'39e578c3-7ff7-4adb-8d74-b47323e7125f.jpg','179a0906-12c6-4ecc-bf0c-4298a7760523.jpg','NewPoint_1','2024-05-08 17:53:32',21.9,23.2,20.9),(1630,'560e9ce7-15de-4929-8c20-2f82b7386dd7.jpg','3be3d639-71fb-4994-b556-494f08a1cda4.jpg','NewCharge','2024-05-08 17:53:59',22.5,31.3,21.1),(1631,'d5085e9c-101a-41df-bc13-c8e4f34b718d.jpg','9e2bdf1c-1780-435d-aff2-76051e001d55.jpg','point_6','2024-05-08 18:04:32',26.2,31.4,22.7),(1632,'a084416c-28af-468d-9359-1879426c6089.jpg','18a8f7b7-25a2-455e-be14-47a2655d24dc.jpg','point_7','2024-05-08 18:04:55',23.3,25,22.3),(1633,'86659979-50e5-45ab-ac78-6f8b0dc232b1.jpg','9b3ca7e4-f8fc-4b00-bdc1-58d6c9d5ce12.jpg','NewPoint_1','2024-05-08 18:05:23',23.2,24.2,22.6),(1634,'ec8c094c-3d8b-418b-ad57-e5fc0fe7a5ae.jpg','370255e1-c9b8-432c-ac0c-6d0d80689de7.jpg','NewCharge','2024-05-08 18:05:50',23.7,33,22.6),(1635,'e0f59d33-05ff-46c3-9415-268ffc8dbb1e.jpg','5f3d8a3f-db7d-4e3e-b57b-50c168abac25.jpg','NewPoint_1','2024-05-08 18:25:47',23.4,24.2,22.7),(1636,'67ffb2e8-939a-4b44-8f38-e90c70cdcd9d.jpg','041d0101-eb96-4eab-b131-696b498f1373.jpg','NewCharge','2024-05-08 18:26:15',23.6,33.4,22.7),(1637,'1029c6f9-0ed4-41a4-93b5-a009587e6bc5.jpg','f335c3d8-5334-48ef-a7b3-e4e6c3bffb2e.jpg','point_6','2024-05-08 18:31:37',25.6,31.1,22.3),(1638,'4e9b09de-da8e-4255-87da-482af03dc4cd.jpg','40334905-0fe5-4194-9441-a9a4b76ac9d8.jpg','point_7','2024-05-08 18:33:09',22.7,24.1,21.7),(1639,'befe93ba-d566-4ffe-9d10-2ff70dc312a0.jpg','2264e24d-6e9e-484f-9ff1-f609efdd4ac0.jpg','NewPoint_1','2024-05-08 18:33:37',22.6,23.2,21.9),(1640,'bc8d3db5-ebad-4e7c-a51a-2940ca5b44cd.jpg','66d65b81-6c69-4f9c-96c6-57b69c21cca2.jpg','NewCharge','2024-05-08 18:34:05',22.7,32.2,21.6),(1641,'327dc0d4-e342-4e79-b7d8-b7e3ad871d9a.jpg','605acb9d-f924-4a48-a80a-0ca28a0470d6.jpg','point_6','2024-05-08 18:45:32',25.7,31.2,23.1),(1642,'e6bc18ef-21d7-455f-9d38-eb9489d4f531.jpg','0263c91a-f94e-4efa-a80f-76dfd56e3890.jpg','point_7','2024-05-08 18:45:55',23.2,24.4,22.1),(1643,'361a00c8-64e3-41dd-a34a-9796f401a068.jpg','0dbf2b63-f6e9-4a07-816a-ae0018e32e51.jpg','NewPoint_1','2024-05-08 18:46:23',23.3,23.9,22.7),(1644,'05841d22-a462-4997-9e65-bb7724b5b163.jpg','eccf0d1f-d6b5-4fb5-966e-fd2342a4250c.jpg','NewCharge','2024-05-08 18:46:50',23.7,33.4,22.4),(1645,'6393d085-e8d6-49a0-a20b-309557c07b12.jpg','cd9d4eaa-5688-4aa2-b5d7-8defdf6a05cd.jpg','point_6','2024-05-08 18:49:29',23.8,33.8,22.4),(1646,'416f78c4-3222-45a1-acd9-a7cc0beb8b4b.jpg','58992071-7124-43e6-b993-dc2323e92b60.jpg','point_7','2024-05-08 18:49:57',23.6,24.7,22.4),(1647,'88400941-42d0-4b8f-88a1-86b6217ef0c6.jpg','828f241c-0f64-4b2f-86a8-30d2e9f3a5e1.jpg','NewPoint_1','2024-05-08 18:50:24',23.6,24.2,23),(1648,'8f116702-b629-4879-9406-d8de4dc1296a.jpg','2451cf4c-d513-4643-86b2-8a04c4bd2d26.jpg','NewCharge','2024-05-08 18:50:52',23.9,33.3,22.6),(1649,'81446b30-6122-44d3-921a-254e5d3e0edb.jpg','4e6d5eb6-b9b7-473a-a88f-361f755b68aa.jpg','NewPoint_1','2024-05-08 19:34:36',24.4,25.1,23.7),(1650,'f7d21f4f-3765-47fc-b81e-5710de29ef28.jpg','ff821988-1452-4bd8-9482-9856306c13c1.jpg','NewCharge','2024-05-08 19:35:04',24.7,34.6,23.2),(1651,'2ca054a6-f60d-4074-a215-11f5af863b67.jpg','c97f8e15-7631-49f4-81f7-163afa7660b0.jpg','point_6','2024-05-08 19:40:27',26.6,31.8,24.3),(1652,'ca7df95c-fc1d-4e6d-8f91-ed70dbfc6729.jpg','cac0937f-8f9d-4fcf-985e-8cc94fa30ebd.jpg','point_7','2024-05-08 19:40:52',24.4,25.5,23.2),(1653,'51ad4247-8f6f-4dab-ae44-6df48482c125.jpg','b78c6bdb-53b0-49d9-8970-6815fd58c777.jpg','NewPoint_1','2024-05-08 19:41:20',24.8,25.5,24),(1654,'18cf5103-c716-431a-8f79-df69afdad15e.jpg','6afc17f1-48bd-432d-9df7-df4056295b1f.jpg','NewCharge','2024-05-08 19:41:48',25.1,34.8,23.5),(1655,'2638aa7c-a024-42fd-8348-7c027b8808db.jpg','8b938fbe-73a4-4114-af13-a703a9e5c3e9.jpg','point_6','2024-05-08 19:49:32',26.7,32.2,24.3),(1656,'d8acfab9-3629-439d-b07e-ffbb9b3696a0.jpg','ede475da-520c-4262-8fcb-957b2a41b66c.jpg','point_7','2024-05-08 19:49:55',24.5,25.4,23.3),(1657,'f5e2d7cf-b1ac-45b4-a1cb-a01ddc3b22ea.jpg','efe3850f-deb6-4634-a3b9-542819c5fb88.jpg','NewPoint_1','2024-05-08 19:50:23',25,25.7,24.2),(1658,'6484bc0d-ec4f-4fe8-b2c0-cbe3b3402a27.jpg','bf7d1624-22e4-42a2-8958-58177a4fd689.jpg','NewCharge','2024-05-08 19:50:51',25.2,34.7,23.7),(1659,'7444b7ff-dc6a-454f-8c14-e363a2875f91.jpg','e5b50d7d-2aed-420c-be30-05bea9bc7947.jpg','point_6','2024-05-08 19:56:37',26.4,31.9,24.1),(1660,'e9655e1f-a53d-47ae-abb3-bdc50071baa9.jpg','dc377dca-fba9-4585-a8d8-e335ef820e40.jpg','point_7','2024-05-08 19:57:00',24.2,25.1,23),(1661,'13322c54-5be3-49e9-b158-d6c73daef554.jpg','7043cea8-862f-4a31-ba72-4d6f691af60b.jpg','NewPoint_1','2024-05-08 19:57:28',24.6,25.5,23.7),(1662,'154fd90b-67b6-42b9-867b-d817aaa451af.jpg','1e3c6ce5-0f82-4a3e-973d-4f766a094105.jpg','NewCharge','2024-05-08 19:57:56',24.9,34.8,23.3),(1663,'840369ae-2c76-4de9-9b72-7c975fd34b6a.jpg','af4923c1-6419-4b2a-8d36-e6302ee9c9a2.jpg','point_6','2024-05-08 20:02:32',26.3,31.7,24.1),(1664,'8ec36872-6266-4cf9-914e-5b463f3a45db.jpg','8d7fd001-7326-4541-b442-bc286ec44d4a.jpg','point_7','2024-05-08 20:02:55',24.1,25.1,23),(1665,'d52a473e-edc7-48f2-a012-0b3d8512288a.jpg','ee5cddf4-c1cc-4705-b3b8-e0206531850b.jpg','NewPoint_1','2024-05-08 20:03:22',24.5,25.1,23.6),(1666,'07682568-514f-4340-8936-29226da356b3.jpg','1699805f-ecd4-4670-814b-624779efa439.jpg','point_6','2024-05-09 10:25:32',26.9,31.9,24.2),(1667,'a60465e3-1e66-467b-ba72-dd1a753a41ac.jpg','8f079c6e-8e90-4f14-ad2f-61c1efbd28c9.jpg','point_7','2024-05-09 10:25:55',24.3,26.3,20.6),(1668,'9f456ae6-67de-4863-a2ef-37bf771fce1a.jpg','751adfde-9d51-4061-a0cf-91478455eea8.jpg','NewCharge','2024-05-09 10:29:06',24.3,33.1,22.4),(1669,'d1cf13d2-7c47-4fd6-99c0-d6b5bdb56519.jpg','82c7a9c9-0a1a-4bf9-97e2-99707c5da789.jpg','point_6','2024-05-09 10:35:33',25.7,30.8,22.8),(1670,'2997d478-a9da-4ea0-836d-ec4c0e096baa.jpg','be87f078-7610-453d-9b4e-25f29212ee34.jpg','point_7','2024-05-09 10:37:05',22.7,24.8,19.2),(1671,'69ac7626-7823-4e88-8606-3f545bd1bb40.jpg','8f35ff96-0286-4c8c-8b44-e7cfbacfbddd.jpg','NewPoint_1','2024-05-09 10:37:37',22.7,23.7,21.3),(1672,'45324eaa-c54e-4877-8ab0-75f15ae584c9.jpg','290d70c4-646a-4027-b67a-ccb273d417e9.jpg','NewCharge','2024-05-09 10:38:05',23.1,31.8,21.3),(1673,'c1e74ee0-a212-4a30-8159-716cf9a9472e.jpg','4a0a4707-11ec-4109-997f-04324feb2cfa.jpg','point_7','2024-05-09 10:46:28',23.5,25.2,21),(1674,'95f55c60-3d47-48ff-9e93-bd80d08e4030.jpg','bb2a472c-5402-4720-b879-4de886a320bc.jpg','NewCharge','2024-05-09 10:50:18',24.5,33.6,23.1),(1675,'d1dd0567-6047-4570-ae5c-e074e1a06ebd.jpg','5710f63c-94bc-4923-87e0-eb1df236787d.jpg','point_7','2024-05-09 10:57:27',24.2,25.8,21.3),(1676,'e614c657-77e2-4909-bc7b-20fe4b279ac7.jpg','422a86e4-9f91-434c-9a4c-24b1526fd05b.jpg','point_3','2024-05-09 10:58:11',28.4,30.8,27.3),(1677,'eb442ff7-a1ec-448d-8af2-ef9d182f0780.jpg','c901a0b7-db3f-4f93-8876-109789ecc2c7.jpg','NewCharge','2024-05-09 10:59:04',24.8,33.7,23.8),(1678,'49433517-4883-473e-8f16-0d141dd6b60c.jpg','c9b231d7-3e92-40ae-a018-1d7bb66d60f7.jpg','point_7','2024-05-09 11:13:27',25.3,33.9,22),(1679,'beb48eea-9c90-47af-8a87-2f7daa65df18.jpg','a28b2d48-6812-4af0-9c6a-322d488555b1.jpg','point_3','2024-05-09 11:14:35',27.8,30.3,26.5),(1680,'fc29e8fc-47e9-4412-9f73-2715ddc0eed8.jpg','8028c323-ebae-4135-919d-dfb2069f3b7f.jpg','point_3','2024-05-09 11:26:34',26,28.5,24.5),(1681,'1e597bad-2784-4f1e-b96d-6703e8e9154e.jpg','882aefab-c673-4130-8335-d4c4afc88cf7.jpg','point_3','2024-05-09 13:54:15',28.6,32.5,27.4),(1682,'d33ac90e-856b-4763-a717-2781e3c6cd34.jpg','f72da2ba-d8ce-4c28-bbd7-11e101ac7a49.jpg','NewCharge','2024-05-09 13:55:08',23.9,33.2,22.5),(1683,'90a00d10-03de-473a-a064-7a7844d0af8b.jpg','db3d1791-fe6c-472d-9b90-9243c31a1142.jpg','point_3','2024-05-09 14:17:10',28.7,32.6,27.5),(1684,'94aa025e-c2f0-42f3-bb63-d968dbc51afc.jpg','a59730f1-b9e3-47f9-a20e-7251e767d763.jpg','NewCharge','2024-05-09 14:19:17',24.6,37.4,23.5),(1685,'6720c9d6-aee5-4772-b829-ff32301f528d.jpg','963a7b61-a13a-4916-ba1e-e5e3df2174ad.jpg','point_7','2024-05-09 14:26:27',25.5,33.6,24.7),(1686,'e919e1b9-309e-4b40-a497-307a0edb5e61.jpg','c9c6d85d-c1e8-47c0-a11a-4b6ed8763a8b.jpg','point_3','2024-05-09 14:27:10',28.7,32.7,27),(1687,'ea179fd5-61ab-4ed9-80e8-687224087a2e.jpg','63348f49-1960-447d-b580-f11e522362e9.jpg','NewCharge','2024-05-09 14:28:03',25.1,35.2,24),(1688,'6fce9a43-aa13-4d6e-9654-cfe490c86ec6.jpg','c1fa707c-02a2-46eb-8dfd-085c5b39eda0.jpg','point_7','2024-05-09 15:39:32',24.8,26.2,24),(1689,'01fee5e1-bb25-4b06-bf2b-7433d63b65da.jpg','57a4d3a3-354e-4501-b554-54aee466e4dc.jpg','point_3','2024-05-09 15:40:30',28,31.8,26.8),(1690,'a21aee76-ffb1-4c31-9ed6-c85bc0181d09.jpg','3395ef15-2290-42d4-837a-0f98a0585350.jpg','NewCharge','2024-05-09 15:41:28',26.6,34.3,24.4),(1691,'a2c5ea73-2d62-4748-9e69-376c69819e6c.jpg','a6e46d69-56bc-460e-acc1-5410e755f9c4.jpg','point_3','2024-05-09 16:09:10',28.2,32.2,26.8),(1692,'4d3ae269-1ced-4cbe-a2c0-2b52bd9a1c3d.jpg','f8dafa46-ebe2-4862-85a7-1a0da0411434.jpg','NewCharge','2024-05-09 16:10:00',25.1,38.5,23.6),(1693,'be69c962-9cc3-437c-bb5f-e22e04c8f184.jpg','4fc459ed-4bf8-4510-b251-11a0d551e3d9.jpg','point_7','2024-05-09 16:14:27',25.5,26.9,24.7),(1694,'66e2d577-cc2e-4fb8-a085-516a9194c93b.jpg','3522f597-bed3-48ef-b116-83b56f61787c.jpg','point_3','2024-05-09 16:15:10',28.2,32.2,26.7),(1695,'07c0eeca-d44a-4f1a-8c0d-fbd3fe89b8ab.jpg','137bfbce-cf04-4cff-aee2-62809a701376.jpg','NewCharge','2024-05-09 16:16:03',25.1,34.3,23.6),(1696,'4a9f05b8-660e-4bbd-bbd4-7b882e3d8f64.jpg','0f79ac36-37b0-46be-a2b6-484fdab84951.jpg','point_7','2024-05-10 11:06:33',25.3,33.8,21.9),(1697,'db1c4f94-7e75-404a-b066-bd409962b1c7.jpg','f9e98192-1643-4127-8f20-180c88ec67d7.jpg','point_3','2024-05-10 11:07:26',28.7,31.5,27.9),(1698,'8061caa0-5108-409a-8da1-bf5cef11ba57.jpg','e9553d0b-5223-4d52-b497-ec913c91df2c.jpg','NewCharge','2024-05-10 11:08:18',25.4,34.1,23.9),(1699,'3f2305ad-7b68-44a3-840e-62eb531a094e.jpg','6003763f-a965-4930-a1cc-52fafc7e39e7.jpg','point_7','2024-05-10 11:13:32',24.8,33,21.9),(1700,'b27785dd-94d2-4b7b-877c-b6a3b4a3e894.jpg','87907beb-e09a-4b4b-823a-a455f0d79e74.jpg','point_3','2024-05-10 11:14:15',27.9,30.7,26.8),(1701,'eb3977f3-2da1-402a-8d9b-61804844a374.jpg','69d32610-3ee6-409f-95fa-2849e510bdef.jpg','NewCharge','2024-05-10 11:15:13',25.3,33.7,23.5),(1702,'37592e42-92e2-42ea-a8f0-a0f3a48a5d86.jpg','768d5042-1c22-45b1-85b1-d65f960029e9.jpg','point_7','2024-05-10 11:58:27',24.7,26.3,22.1),(1703,'a4af550d-33db-4752-aaea-ec88f6395bbb.jpg','08214ce1-9de0-449e-8817-8a295c88f37e.jpg','point_3','2024-05-10 11:59:15',27.3,29.3,26),(1704,'8835234e-43fb-467e-8466-48d868888bc1.jpg','117c5734-3bba-4d79-9768-2cec6c232c19.jpg','NewCharge','2024-05-10 12:00:03',26.9,32.2,24),(1705,'25ed6eec-088e-4b0a-a78c-9a3fc8f9ec1c.jpg','a735db23-327b-4fbd-b6d7-c3cc4e3e240e.jpg','point_6','2024-05-10 13:13:32',24,32.4,22.4),(1706,'c83a4392-9477-49c1-b7de-95e73028e45d.jpg','beb035d4-a915-4378-82d1-8127f98497f5.jpg','point_7','2024-05-10 13:14:00',23.4,25.4,20.3),(1707,'d59853df-391c-4773-b032-35d1640002e4.jpg','69f36d4a-a6b1-4b64-8dff-735f1ae78d23.jpg','NewCharge','2024-05-10 13:14:18',24.1,32.8,22.5),(1708,'281ce499-baba-4794-b59f-98d941dae3a0.jpg','903b9756-d31d-4a77-bea1-a156df68907e.jpg','NewPoint_1','2024-05-10 13:17:17',24.1,26,23),(1709,'14ceae19-3a6f-4a14-88d1-442faf7d63ff.jpg','be95a675-8dd8-4267-9318-82eeeeb120d8.jpg','point_7','2024-05-10 13:17:45',23.8,31.5,19.8),(1710,'e41b1927-c998-4db5-aac7-09b9f585c1ad.jpg','80f01627-798f-4509-b490-c9baa1880d55.jpg','NewCharge','2024-05-10 13:18:03',24.3,33,22.7),(1711,'1ee13eea-e8a4-4827-8fb2-463b1582de2c.jpg','6c79121b-eb7a-4955-8c11-5ea9b4b398ab.jpg','point_6','2024-05-10 13:21:27',27.5,32.5,24.9),(1712,'16c0462a-1e5e-4fc9-af1d-debb60880c33.jpg','797c8641-5e91-43ec-a359-7b233e5566b8.jpg','point_7','2024-05-10 13:21:49',24.5,32.5,20.5),(1713,'6209deff-e8ab-4611-b6b2-403a0d5f5612.jpg','d8e036aa-0b65-48cf-8154-e48c48f3b62c.jpg','NewCharge','2024-05-10 13:22:07',25,33.5,23.3),(1714,'660295e3-9016-4ee7-b506-d3ce68c45cbe.jpg','817c87a2-aaa8-4d68-836a-4a5ee80df1cb.jpg','point_6','2024-05-10 13:26:32',27.3,32.5,24.3),(1715,'fd303142-148a-4db5-9c00-ab4c395ad025.jpg','4d06a39b-162d-4754-9d25-6aab6df1cb0c.jpg','point_7','2024-05-10 13:26:54',24.4,32.3,21.3),(1716,'e754b501-28af-460f-be58-3f2028ff0e6f.jpg','eb3c8a5f-c6b8-42c2-b435-8a33ae00f7ac.jpg','point_3','2024-05-10 13:27:42',27.3,29.8,26),(1717,'e76c4f30-1afa-48e2-b738-598b007f15ba.jpg','d7c6993f-b250-4024-84e8-456c1eefaa4e.jpg','NewCharge','2024-05-10 13:28:30',24.7,33.3,23.4),(1718,'0482c1dc-5152-4ccc-8ed7-e4ff9bb23728.jpg','70685c50-7595-4960-b3dd-9bf8b66f451e.jpg','point_7','2024-05-10 13:34:27',24.1,32.6,21.2),(1719,'907adfa5-b289-4d0a-8bc4-8e201c027123.jpg','8d5fdedd-bfa1-4359-92d8-7a4c20a97359.jpg','point_3','2024-05-10 13:35:15',27.1,29.7,26),(1720,'7ad69b25-972d-43a9-b9b8-8ae3441ef9ad.jpg','fe3f091b-4e9a-4e0b-85d2-a89c845b86c5.jpg','NewCharge','2024-05-10 13:36:03',24.7,33.6,23.4),(1721,'52566bce-0ffe-4e1b-81eb-04927765accd.jpg','930e3bc6-63e8-425e-847b-05a5e41975a6.jpg','point_6','2024-05-10 14:53:27',26.5,31.5,23.7),(1722,'371249b0-b6e1-43f9-abe9-855bf96fe088.jpg','90149a0f-c159-40f6-a59c-7456409fc864.jpg','point_7','2024-05-10 14:53:50',23.2,26.8,19.9),(1723,'205123ee-1cfd-42d3-a848-d0323e78d846.jpg','f3155c1e-4c63-4610-b58f-9fa3456b041b.jpg','point_6','2024-05-10 14:54:18',26.2,31.3,23.6),(1724,'99ea58c0-4cc1-428a-b831-1edf6ab6cce3.jpg','d41a0b44-9fa8-4ef2-b1fd-5623b3da5ca9.jpg','point_7','2024-05-10 14:54:40',22.9,26.6,19.6),(1725,'7e811ff0-97c5-4131-ac09-97a6b55b1b91.jpg','c82bd27c-10d5-4af8-b47d-20795b60038a.jpg','point_6','2024-05-10 15:38:32',26.7,32.1,24.4),(1726,'b617b947-a210-416a-bd92-6892ee51c909.jpg','395fd2f2-2f90-4baf-ad34-ce016a7aabbd.jpg','point_7','2024-05-10 15:38:54',23.8,25.8,21.5),(1727,'fe999148-a437-42f6-a398-9df6745791ef.jpg','638090c5-d541-4a74-a974-b42c6672e09e.jpg','NewCharge','2024-05-10 15:39:12',25.1,34.1,24.2),(1728,'f81eb4aa-e9c6-4688-98fd-43886acda099.jpg','f39e297a-f70a-492c-a8a1-1752ac89ad71.jpg','point_7','2024-05-10 15:41:27',24.4,26.2,22.3),(1729,'eeb3da51-b260-4885-8a2f-86491c497c77.jpg','7cfb57ab-90ef-44e2-94b7-f5397e479fac.jpg','point_3','2024-05-10 15:42:35',27.7,29.6,26.9),(1730,'d78e8a1e-18af-47c6-be11-f78d26b11981.jpg','60eff536-9205-4f87-8292-c4b181481ac1.jpg','NewCharge','2024-05-10 15:43:28',26.2,34.5,19.9),(1731,'f83c483e-90a6-4c5a-ad7f-5a42ef4add38.jpg','6d7b0a79-fe6f-4160-9ee7-76d50cbc80b4.jpg','point_7','2024-05-11 15:41:32',26.1,26.9,24.9),(1732,'397b62ad-69d8-4f20-b8ae-ada2ee8e3c3a.jpg','242e92be-40f6-4f32-8a3e-16ac21bff941.jpg','point_3','2024-05-11 15:44:13',26.9,27.6,26.1),(1733,'e95afc22-e0d5-471c-bec0-52d1732885ae.jpg','e211d3a5-ba7a-4ff6-8032-d10c4edbdb64.jpg','NewCharge','2024-05-11 15:44:46',26.7,35.8,25.3),(1734,'49d8f49a-e8ce-4bc0-b77d-af6bd443eff6.jpg','b995e307-f519-4f46-9785-81048afa736e.jpg','point_7','2024-05-12 15:41:27',26.5,27.5,25.4),(1735,'c89f0f0a-1afb-41a7-944f-e8d3ac61bf6e.jpg','aa092130-c1f7-40cd-89c8-3a7346241644.jpg','point_3','2024-05-12 15:44:05',27.1,28,26.6),(1736,'e5b04c01-75ae-44cc-a1b8-d8086fd511a8.jpg','207f9441-7833-4b24-a896-bf1d6394b373.jpg','NewCharge','2024-05-12 15:44:33',27,36.5,25.6),(1737,'793268c8-9c4d-40d8-b000-91763fe4fb89.jpg','95f5293c-dd98-49f1-9fc1-2bb57667a23c.jpg','point_7','2024-05-13 15:41:32',25.1,26.7,24),(1738,'c989b3bc-487a-43f6-82aa-f149f80a29e5.jpg','1853ea5e-21b9-468c-89a9-d33ab4731c1e.jpg','point_3','2024-05-13 15:42:45',27.8,31.5,26.8),(1739,'beffb0ea-b5ee-40a2-8bd0-341f30451981.jpg','512cf5f7-8884-4368-b64a-0b492fb9d4a2.jpg','NewCharge','2024-05-13 15:43:38',24.3,32.6,22.3),(1740,'4a1173f7-7366-43f1-9c25-60b87da7e0b8.jpg','da59ec81-4f9f-49a5-aa7e-fb21edcea9e4.jpg','point_7','2024-05-14 15:41:32',24,27.6,20.6),(1741,'ebdb951d-e090-4c15-ae8b-9d273bcd67c2.jpg','0cc1c90d-b684-4d49-a7c4-3a1820c48509.jpg','point_3','2024-05-14 15:42:25',28.2,32.1,27.5),(1742,'c34374fb-4eea-459c-8418-19a11aed40fc.jpg','0f15dfc7-3a20-4bf3-9cf4-fa780fab5a2e.jpg','NewCharge','2024-05-14 15:43:23',25.1,33.1,23.8),(1743,'e846d3a6-cfdf-405a-a481-b440255369ab.jpg','02ac30fe-79e7-4037-8088-d752a65345cb.jpg','point_7','2024-05-15 15:41:27',25.5,27.1,24.7),(1744,'2d188e72-80c0-4e11-a675-4c163cd0f9ed.jpg','0abdcbc3-ab7b-4547-acaa-39212b13fc29.jpg','point_3','2024-05-15 15:44:06',24.1,25.9,23.2),(1745,'6ec0cc83-a84e-4ad6-b5ef-6b029259c50e.jpg','38cde33a-bb4c-4c83-afb1-091ade9b1108.jpg','NewCharge','2024-05-15 15:44:34',23.1,31.8,21.5),(1746,'209c6b17-93de-43dc-9abf-dd4d720bba71.jpg','b541fdf0-63c1-46b8-92bd-73a98b8df80a.jpg','point_7','2024-05-16 15:41:33',23.5,32.7,19.8),(1747,'b2a306e5-f51e-44ba-a56c-851d16ff22c4.jpg','979848d3-3c68-4a26-85e5-a291425e7e11.jpg','point_3','2024-05-16 15:44:11',24.7,26.5,23.8),(1748,'bdc1180f-0e0c-4e52-b5ec-8e399fafc01e.jpg','4cb26db9-319a-4faa-8fb8-a8ff7c7a6c7e.jpg','NewCharge','2024-05-16 15:44:39',23.7,31.5,21.5),(1749,'64ebdc44-44f8-42f9-8758-c8e52ace7696.jpg','8d2eaf85-08ca-493e-b731-9a9e2c2b5fce.jpg','point_7','2024-05-16 15:51:27',24,33,20.1),(1750,'dfd1382c-6d2c-4cb9-a8b7-857c3cfeb54e.jpg','05a8dcd7-1083-4834-8d7a-443782e9d4eb.jpg','NewCharge','2024-05-16 15:51:45',24.6,32.5,22.3),(1751,'a8018b20-474e-4312-9bc9-d84ef4cf8be6.jpg','ae3e14e0-e438-499d-91f8-d2985535f905.jpg','point_7','2024-05-17 15:53:33',24.2,31.9,21.4),(1752,'80187d7a-75b8-4a98-817f-19afe612fd32.jpg','bfe75b8e-6887-49e0-89bc-07b73c8ecf95.jpg','NewCharge','2024-05-17 15:56:11',23.4,31.7,20.8),(1753,'cc270207-2714-4236-a981-ab4fd2f8fa76.jpg','97b2e1f5-d1c1-4bc4-abb2-4501b29a5ffe.jpg','point_7','2024-07-03 13:40:34',25.7,33.4,24),(1754,'9bfccf49-f3c8-471b-99d8-53bebd62798f.jpg','01cea89d-dfd3-45ea-8fd4-b312aafcb8d6.jpg','NewPoint_1','2024-07-04 10:48:20',24.4,26.3,23.2),(1755,'3a444879-a96e-4117-936b-8383a1c41d53.jpg','36db12a9-2f87-4d38-85a1-675caa45d3af.jpg','point_7','2024-07-04 10:48:50',25.1,26.7,24.1),(1756,'2314bbe7-a39b-492d-a593-3855b7a67527.jpg','ea7f61ce-59bb-405b-846b-a2cdce2f7dc6.jpg','point_6','2024-07-04 10:49:16',26.7,37.3,24),(1757,'c8a5f35f-abc4-4a0c-aa53-cac00e2c1886.jpg','370190d3-a408-4286-9a35-4983c9a721f5.jpg','NewPoint_1','2024-07-04 10:49:55',24.2,26,23.2),(1758,'156d3a1d-3a17-4abb-968a-c182692b0e5a.jpg','ca8c192f-fd8e-436a-b477-b5eb921eca7e.jpg','NewCharge','2024-07-04 10:50:41',24.4,32.2,22.7),(1759,'a4f9e457-8c67-40a4-a89d-540afa788d05.jpg','1909aa96-b447-45ec-8936-04da3393c804.jpg','point_7','2024-07-05 10:48:30',25.4,27,24.3),(1760,'e4ebc266-55c4-4961-896f-c39998c9e4c5.jpg','7e2e83c8-ba57-46ed-a1ee-99c435b05f82.jpg','point_6','2024-07-05 10:48:56',26.5,37.5,23.7),(1761,'8f95c11a-3d90-4761-b608-afbc7b442b3f.jpg','8f87d0df-6c0d-4529-bc76-34fdda6633c7.jpg','NewPoint_1','2024-07-05 10:49:38',24.1,26.1,22.8),(1762,'bd14be4f-ba80-4b47-ace5-f5f66879bc85.jpg','9bbab1dd-e7b5-4619-9d4e-86fdb7ab1967.jpg','point_7','2024-07-05 10:50:09',24.6,26.2,23.4),(1763,'e148428b-d556-4e39-8ddf-fc0c8c0cc37f.jpg','bfe7b226-9df0-46e8-9115-61bb060b118e.jpg','point_6','2024-07-05 10:50:40',26,36.8,23.1),(1764,'d1d856c3-bfa2-4a3a-946e-8bdcf917b025.jpg','1583217a-6124-42d9-ad1e-aa316525debf.jpg','NewPoint_1','2024-07-05 10:51:18',23.5,25.4,22.3),(1765,'ea94081e-36f2-43ce-af83-7f392ac1fabb.jpg','fbf6121e-0f2d-4221-a3f0-47ad0418f6bd.jpg','NewCharge','2024-07-05 10:51:44',23.9,32,21.9),(1766,'c946ddee-f1c7-464e-a881-9227c8b8f32a.jpg','5b2bc0dc-e43b-4d6f-a44c-4c3160ac7e38.jpg','NewPoint_1','2024-07-06 10:48:20',26.4,27,25.7),(1767,'4ded04c8-d73b-4acd-9470-3b76da8bb1b0.jpg','e7040658-f2ce-4556-b5fd-cc6085047aa0.jpg','point_7','2024-07-06 10:48:51',26.6,27.3,25.6),(1768,'98e8d7aa-26be-4bc9-bc0b-c1c0bfd5348f.jpg','51603871-a961-48ee-9761-0bd41cae2d38.jpg','point_6','2024-07-06 10:49:16',28.6,39.4,27),(1769,'0c331f2a-1f90-405c-8712-3fd92982a498.jpg','d7c5cad9-0676-47c5-85f9-2821a4487e00.jpg','NewPoint_1','2024-07-06 10:49:55',27.1,27.6,26.4),(1770,'86ca6353-6911-43aa-87d1-0212cd1903e7.jpg','d7695fc5-6e2a-47f9-a19e-d2f38ac6e876.jpg','NewCharge','2024-07-06 10:50:21',27.2,36.6,26.1),(1771,'b0c507d6-ffdd-45d1-a38c-9e895ced8135.jpg','ecca0ebf-63f3-4091-b824-92e773785f66.jpg','point_7','2024-07-07 10:48:30',26.7,27.4,25.9),(1772,'66b814a7-0dd4-4d11-8422-c742730a18e2.jpg','1c6391ee-9d09-44b6-a46f-3e75a9792cb7.jpg','point_6','2024-07-07 10:49:01',28.6,39.3,27.3),(1773,'62d758d4-92ac-4de8-9850-c159e12a5b19.jpg','6daec346-fdc6-45e8-98fe-a920d5bcb560.jpg','NewPoint_1','2024-07-07 10:49:45',27.4,27.9,26.8),(1774,'243c67b7-efe8-49d3-95ea-7065bb145e72.jpg','a7162c96-afec-4cd8-a9e4-498b2001deb7.jpg','point_7','2024-07-07 10:50:25',27.6,28.4,26.7),(1775,'35cfeda5-85a5-4cdf-9a20-3dfa1598667f.jpg','3525c0cb-73ad-4ce6-a915-c768f9e9e4f5.jpg','point_6','2024-07-07 10:50:51',28.2,39,27.1),(1776,'c5147a3e-29f0-4c6a-a69b-4e2c184fb698.jpg','475c1418-db9d-46ee-b1e5-9f3e2065a31a.jpg','NewPoint_1','2024-07-07 10:51:34',26.9,27.4,26.2),(1777,'f72e4e1d-5491-4339-8f6d-4314050c4729.jpg','2acd2544-cbb3-4d6e-8997-7a36a603a019.jpg','NewCharge','2024-07-07 10:52:05',27.1,36,26.2),(1778,'ec948cfa-9443-45cf-a38f-c12657449ae1.jpg','cfacf7ee-8cd7-477f-b025-92e5a22e25df.jpg','point_7','2024-07-08 10:48:40',24.9,27.4,21.1),(1779,'6a35a964-bd62-4a8a-84d8-a0c5aeb5f34c.jpg','9abd50d7-6b79-4165-88a4-bbdd63236604.jpg','point_6','2024-07-08 10:49:11',27.1,37.7,23.8),(1780,'6e84983f-30c9-4a61-99ca-3d982d04445a.jpg','8ed8d3aa-4366-416c-bae0-62c8f897b050.jpg','NewPoint_1','2024-07-08 10:49:54',24.5,26.3,23.6),(1781,'2a4852d5-daaa-43d6-a6b0-c4ce09b568bb.jpg','bb9744f4-f734-4e09-876e-ad1cedc47992.jpg','NewCharge','2024-07-08 10:50:20',25.3,33.1,23.5);
/*!40000 ALTER TABLE `thermal_transaction` ENABLE KEYS */;
UNLOCK TABLES;

--
-- Table structure for table `threshold_master`
--

DROP TABLE IF EXISTS `threshold_master`;
/*!40101 SET @saved_cs_client     = @@character_set_client */;
/*!50503 SET character_set_client = utf8mb4 */;
CREATE TABLE `threshold_master` (
  `id` int NOT NULL AUTO_INCREMENT,
  `type` varchar(45) NOT NULL DEFAULT '0',
  `thresh_value` varchar(45) NOT NULL DEFAULT '0',
  `unit` varchar(45) NOT NULL,
  PRIMARY KEY (`id`)
) ENGINE=InnoDB AUTO_INCREMENT=2 DEFAULT CHARSET=utf8mb4 COLLATE=utf8mb4_0900_ai_ci;
/*!40101 SET character_set_client = @saved_cs_client */;

--
-- Dumping data for table `threshold_master`
--

LOCK TABLES `threshold_master` WRITE;
/*!40000 ALTER TABLE `threshold_master` DISABLE KEYS */;
INSERT INTO `threshold_master` VALUES (1,'Thermal','35','degree');
/*!40000 ALTER TABLE `threshold_master` ENABLE KEYS */;
UNLOCK TABLES;

--
-- Table structure for table `user`
--

DROP TABLE IF EXISTS `user`;
/*!40101 SET @saved_cs_client     = @@character_set_client */;
/*!50503 SET character_set_client = utf8mb4 */;
CREATE TABLE `user` (
  `Id` int NOT NULL AUTO_INCREMENT,
  `SiteId` varchar(100) DEFAULT NULL COMMENT 'Authorised Site Ids. Comma delimiter',
  `Username` varchar(128) NOT NULL,
  `Password` varchar(64) NOT NULL,
  `Name` varchar(255) NOT NULL,
  `ProfileId` int NOT NULL,
  `Email` varchar(200) DEFAULT NULL,
  `IsActive` tinyint(1) NOT NULL DEFAULT '1',
  `IsLocked` tinyint(1) DEFAULT '0',
  `IsDelete` tinyint(1) NOT NULL DEFAULT '0',
  `OTPRequestCount` int DEFAULT '0',
  `OTPBlockUntilDateTime` datetime DEFAULT NULL,
  `FailedAttempt` int DEFAULT '0',
  `LastModifiedDate` datetime NOT NULL,
  `RequiredPasswordChange` tinyint(1) NOT NULL DEFAULT '1',
  `Preferences` json DEFAULT NULL,
  PRIMARY KEY (`Id`)
) ENGINE=InnoDB AUTO_INCREMENT=46 DEFAULT CHARSET=utf8mb4 COLLATE=utf8mb4_0900_ai_ci;
/*!40101 SET character_set_client = @saved_cs_client */;

--
-- Dumping data for table `user`
--

LOCK TABLES `user` WRITE;
/*!40000 ALTER TABLE `user` DISABLE KEYS */;
INSERT INTO `user` VALUES (1,'1','sysadmin','B42AA214473F302822EE0E8948307C3B','System Administrator',1,'chongli@echoltech.com',1,0,0,0,NULL,0,'2023-02-14 16:39:50',0,'{\"MapOnLoad\": \"Singapore One Map\", \"EnableDarkMode\": false, \"CoordinateFormat\": \"dd\"}'),(2,'2','viewer','B42AA214473F302822EE0E8948307C3B','Viewer',3,'hctan@echoltech.com',1,0,1,0,NULL,0,'2022-08-15 16:24:52',1,'{\"MapOnLoad\": \"Singapore One Map\", \"EnableDarkMode\": false, \"CoordinateFormat\": \"dd\"}'),(34,'14','j120-admin','5C9DD2BA164C45CDD45335D07E5BD004','j120-admin',2,'dhilip@echoltech.com',1,0,1,0,NULL,0,'2023-02-07 03:26:12',0,'{\"MapOnLoad\": \"Singapore One Map\", \"EnableDarkMode\": false, \"CoordinateFormat\": \"dd\"}'),(35,'14','cl-testing','E59E6CDB5E16AD23531D881127266A95','cl-testing',2,'chongli@echoltech.com',1,0,1,0,NULL,0,'2023-02-08 14:31:59',1,'{\"MapOnLoad\": \"Singapore One Map\", \"EnableDarkMode\": false, \"CoordinateFormat\": \"dd\"}'),(36,'15','j109-admin','B42AA214473F302822EE0E8948307C3B','j109-admin',9,'chongli@echoltech.com',1,0,1,0,NULL,0,'2023-02-16 10:57:53',0,'{\"MapOnLoad\": \"Singapore One Map\", \"EnableDarkMode\": false, \"CoordinateFormat\": \"dd\"}'),(37,'1','ahilan','12F21B3F0346C8A8F0791BCFDA720073','ahilan',2,'ahilan@echoltech.com',1,0,1,0,NULL,0,'2023-05-09 01:30:43',0,'{\"MapOnLoad\": \"Singapore One Map\", \"EnableDarkMode\": false, \"CoordinateFormat\": \"dd\"}'),(38,'1','Oh','96093605D9FDEFC9EEC9CB2891924E74','Sedong',2,'coolcool.sd@samsung.com',1,0,1,0,NULL,0,'2023-05-09 02:18:28',0,'{\"MapOnLoad\": \"Singapore One Map\", \"EnableDarkMode\": false, \"CoordinateFormat\": \"dd\"}'),(39,'1','Jasper','36AA8333FD2E9B814607DE8CC6CDB5DE','Jasper',0,'jasper.lai@samsung.com',1,0,0,0,NULL,0,'2023-05-09 05:55:15',0,'{\"MapOnLoad\": \"Singapore One Map\", \"EnableDarkMode\": false, \"CoordinateFormat\": \"dd\"}'),(40,'1','ohoh','F92FCA049430B972BB71BA9F3A687A9A','oh',0,'coolcoolsd@gmail.com',1,0,0,0,NULL,0,'2023-05-09 06:49:48',0,'{\"MapOnLoad\": \"Singapore One Map\", \"EnableDarkMode\": false, \"CoordinateFormat\": \"dd\"}'),(41,'1','prasad','973CFD4686546C95B727975B79D19CAE','Prasad',2,'prasad4lta@gmail.com',1,0,1,0,NULL,0,'2023-05-09 08:38:29',0,'{\"MapOnLoad\": \"Singapore One Map\", \"EnableDarkMode\": false, \"CoordinateFormat\": \"dd\"}'),(42,'1','chris','C8156E384E5FD0198883CB78CB9F385E','chris',2,'chris.88@samsung.com',1,0,1,0,NULL,0,'2023-06-07 02:49:35',0,'{\"MapOnLoad\": \"Singapore One Map\", \"EnableDarkMode\": false, \"CoordinateFormat\": \"dd\"}'),(43,'1','CR112wilson','5DDBC35B10BBAE4486DE524723CB28D2','Wilson',2,'Wilson_lee@lta.gov.sg',1,0,1,0,NULL,0,'2023-06-21 09:33:04',1,'{\"MapOnLoad\": \"Singapore One Map\", \"EnableDarkMode\": false, \"CoordinateFormat\": \"dd\"}'),(44,'1','taufiq','9154CE97B7C5870168F55AF9F54383BA','Taufiq',2,'md.taufiq@samsung.com',1,0,1,0,NULL,0,'2023-07-31 08:19:47',0,'{\"MapOnLoad\": \"Singapore One Map\", \"EnableDarkMode\": false, \"CoordinateFormat\": \"dd\"}'),(45,'1','vivek','7D5932C0E52B03D17ABF3457B6544D5A','Vivek Sharma',12,'vivek@gmail.com',1,0,0,0,NULL,0,'2024-08-01 11:22:19',1,'{\"MapOnLoad\": \"Singapore One Map\", \"EnableDarkMode\": false, \"CoordinateFormat\": \"dd\"}');
/*!40000 ALTER TABLE `user` ENABLE KEYS */;
UNLOCK TABLES;

--
-- Table structure for table `workorder_transaction`
--

DROP TABLE IF EXISTS `workorder_transaction`;
/*!40101 SET @saved_cs_client     = @@character_set_client */;
/*!50503 SET character_set_client = utf8mb4 */;
CREATE TABLE `workorder_transaction` (
  `workorder_id` int NOT NULL,
  `site_id` int DEFAULT NULL,
  `area_id` int DEFAULT NULL,
  `workorder_name` varchar(255) DEFAULT NULL,
  `created_on` timestamp NULL DEFAULT NULL,
  `status` tinyint(1) DEFAULT NULL,
  PRIMARY KEY (`workorder_id`)
) ENGINE=InnoDB DEFAULT CHARSET=utf8mb4 COLLATE=utf8mb4_0900_ai_ci;
/*!40101 SET character_set_client = @saved_cs_client */;

--
-- Dumping data for table `workorder_transaction`
--

LOCK TABLES `workorder_transaction` WRITE;
/*!40000 ALTER TABLE `workorder_transaction` DISABLE KEYS */;
/*!40000 ALTER TABLE `workorder_transaction` ENABLE KEYS */;
UNLOCK TABLES;
/*!40103 SET TIME_ZONE=@OLD_TIME_ZONE */;

/*!40101 SET SQL_MODE=@OLD_SQL_MODE */;
/*!40014 SET FOREIGN_KEY_CHECKS=@OLD_FOREIGN_KEY_CHECKS */;
/*!40014 SET UNIQUE_CHECKS=@OLD_UNIQUE_CHECKS */;
/*!40101 SET CHARACTER_SET_CLIENT=@OLD_CHARACTER_SET_CLIENT */;
/*!40101 SET CHARACTER_SET_RESULTS=@OLD_CHARACTER_SET_RESULTS */;
/*!40101 SET COLLATION_CONNECTION=@OLD_COLLATION_CONNECTION */;
/*!40111 SET SQL_NOTES=@OLD_SQL_NOTES */;

-- Dump completed on 2025-02-11 11:18:41
